,separable_1_seed_0,separable_1_seed_1,separable_1_seed_2,separable_1_seed_3,separable_1_seed_4,separable_1_seed_5,separable_1_seed_6,separable_1_seed_7,separable_1_seed_8,separable_1_seed_9,separable_2_seed_0,separable_2_seed_1,separable_2_seed_2,separable_2_seed_3,separable_2_seed_4,separable_2_seed_5,separable_2_seed_6,separable_2_seed_7,separable_2_seed_8,separable_2_seed_9,separable_3_seed_0,separable_3_seed_1,separable_3_seed_2,separable_3_seed_3,separable_3_seed_4,separable_3_seed_5,separable_3_seed_6,separable_3_seed_7,separable_3_seed_8,separable_3_seed_9,separable_4_seed_0,separable_4_seed_1,separable_4_seed_2,separable_4_seed_3,separable_4_seed_4,separable_4_seed_5,separable_4_seed_6,separable_4_seed_7,separable_4_seed_8,separable_4_seed_9,separable_5_seed_0,separable_5_seed_1,separable_5_seed_2,separable_5_seed_3,separable_5_seed_4,separable_5_seed_5,separable_5_seed_6,separable_5_seed_7,entangled_1_seed_0,entangled_1_seed_1,entangled_1_seed_2,entangled_1_seed_3,entangled_1_seed_4,entangled_1_seed_5,entangled_1_seed_6,entangled_1_seed_7,entangled_1_seed_8,entangled_1_seed_9,entangled_2_seed_0,entangled_2_seed_1,entangled_2_seed_2,entangled_2_seed_3,entangled_2_seed_4,entangled_2_seed_5,entangled_2_seed_6,entangled_2_seed_7,entangled_2_seed_8,entangled_2_seed_9,entangled_3_seed_0,entangled_3_seed_1,entangled_3_seed_2,entangled_3_seed_3,entangled_3_seed_4,entangled_3_seed_5,entangled_3_seed_6,entangled_3_seed_7,entangled_3_seed_8,entangled_3_seed_9,entangled_4_seed_0,entangled_4_seed_1,entangled_4_seed_2,entangled_4_seed_3,entangled_4_seed_4,entangled_4_seed_5,entangled_4_seed_6,entangled_4_seed_7,entangled_4_seed_8,entangled_4_seed_9,entangled_trainable_rzz_1_seed_0,entangled_trainable_rzz_1_seed_1,entangled_trainable_rzz_1_seed_2,entangled_trainable_rzz_1_seed_3,entangled_trainable_rzz_1_seed_4,entangled_trainable_rzz_1_seed_5,entangled_trainable_rzz_1_seed_6,entangled_trainable_rzz_1_seed_7,entangled_trainable_rzz_1_seed_8,entangled_trainable_rzz_1_seed_9,entangled_trainable_rzz_2_seed_0,entangled_trainable_rzz_2_seed_1,entangled_trainable_rzz_2_seed_2,entangled_trainable_rzz_2_seed_3,entangled_trainable_rzz_2_seed_4,entangled_trainable_rzz_2_seed_5,entangled_trainable_rzz_2_seed_6,entangled_trainable_rzz_2_seed_7,entangled_trainable_rzz_2_seed_8,entangled_trainable_rzz_2_seed_9,entangled_trainable_rzz_3_seed_0,entangled_trainable_rzz_3_seed_1,entangled_trainable_rzz_3_seed_2,entangled_trainable_rzz_3_seed_3,entangled_trainable_rzz_3_seed_4,entangled_trainable_rzz_3_seed_5,entangled_trainable_rzz_3_seed_6,entangled_trainable_rzz_3_seed_7,entangled_trainable_rzz_3_seed_8,entangled_trainable_rzz_3_seed_9,entangled_trainable_rzz_4_seed_0,entangled_trainable_rzz_4_seed_1,entangled_trainable_rzz_4_seed_2,entangled_trainable_rzz_4_seed_3,entangled_trainable_rzz_4_seed_4,entangled_trainable_rzz_4_seed_5,entangled_trainable_rzz_4_seed_6,entangled_trainable_rzz_4_seed_7,entangled_trainable_rzz_4_seed_8,entangled_trainable_rzz_4_seed_9,classical_64P_seed_0,classical_64P_seed_1,classical_64P_seed_2,classical_64P_seed_3,classical_64P_seed_4,classical_64P_seed_5,classical_64P_seed_6,classical_64P_seed_7,classical_64P_seed_8,classical_64P_seed_9,classical_4096P_seed_0,classical_4096P_seed_1,classical_4096P_seed_2,classical_4096P_seed_3,classical_4096P_seed_4,classical_4096P_seed_5,classical_4096P_seed_6,classical_4096P_seed_7,classical_4096P_seed_8,classical_4096P_seed_9
separable_1_seed_0,1.0000000000000002,0.8614366654827806,0.5972777864168031,0.5221352215102216,0.6686951657077351,0.652162817265243,0.8280770886591781,0.7750862003019167,0.7790096486225778,0.718762770750429,0.4662586658327551,0.424453195624152,0.5976846520593666,0.572560470449659,0.7011089684489449,0.6522721777070213,0.6224528095066106,0.3710362535118747,0.7008951334916096,0.6601052555564735,0.7774761501069345,0.5111922782112047,0.5651770781056907,0.49150587316374306,0.4668308005748737,0.6350812124885824,0.5387055300816938,0.48490357436307874,0.5258343717911494,0.5207651144468701,0.5627645535069493,0.5094309930725492,0.2998396672537797,0.4820616607918375,0.5375829259135732,0.7999084816675741,0.4583949847264566,0.46144626692763463,0.6893627680740749,0.5384534360280455,0.42911317030926815,0.38433157030731135,0.6456643479912108,0.519929666952627,0.6565049798029398,0.3862093713294077,0.4973917811969782,0.5556525567372114,0.42926296066927255,0.4054534585026876,0.4893965519661779,0.4639763679558814,0.6220606453583107,0.49723899587720427,0.4575049511219477,0.5169172600121162,0.8025376163153043,0.5211321760859328,0.2947245295291862,0.4083800356493532,0.30004777630237334,0.57056324950692,0.4800142129065104,0.31957430886940935,0.4910806765579566,0.32368671237072205,0.5737269610538578,0.44078255535230015,0.505592861873052,0.30452328808650764,0.63505547201078,0.3940398486215261,0.4014279209402479,0.4548649308595835,0.33749431718741296,0.38410597932815166,0.36182613036617267,0.2862450795434612,0.4493571472016875,0.32117280308070684,0.21879885732386306,0.2848604315098204,0.27924533925989276,0.5020504290938717,0.2786509076199654,0.2737815011145193,0.3308160291694552,0.22164520022693132,0.6493964611954777,0.6862982133289183,0.8383234985337658,0.6874742903320071,0.6206014050635021,0.6701457636429472,0.6831783747448231,0.8058731214846155,0.6409828545857061,0.6621300635923164,0.7624849502064747,0.5954690642806252,0.5018823972650271,0.6483916048997436,0.5533241519447729,0.521514778589952,0.6619676248963233,0.6583570442851812,0.6188287181519747,0.6971134824476941,0.7068217660993974,0.5983240534282415,0.5149688828698002,0.3891690121578656,0.6660275446272271,0.447564431359407,0.33781627312440077,0.6563247357125338,0.44049413109092334,0.34204920029654406,0.5519473433608044,0.5857960892536418,0.5975688207792015,0.49680604389782096,0.401175218878978,0.2867410184204371,0.44787806094521254,0.3411446249459111,0.4991777877491762,0.32491526680299787,0.4149067039238427,0.44153263003582205,0.5337954034605793,0.4722776079909269,0.54129670208791,0.6007049972096856,0.510663258014676,0.5656954725613154,0.6119546322669358,0.4587625298699879,0.6220617716210274,0.5221708842567032,0.5161458663716929,0.5388619386584149,0.5355654278372952,0.5562560999871968,0.5471448516378004,0.5532626080714285,0.5692802317861276,0.5701201145449959
separable_1_seed_1,0.8614366654827808,1.0,0.5327331089782619,0.35055555432676466,0.5999703053279676,0.6294080929415452,0.7384208317661386,0.8808471585370019,0.7547867742107297,0.7752309918402142,0.44822622820579017,0.4810593428153919,0.5640938241122992,0.6449708821419777,0.5975313842198787,0.6084497251691985,0.5354489646781703,0.37408696121829105,0.7375000977894847,0.6427758780278378,0.7499223410291163,0.551763071979658,0.5624385272146617,0.4535784543018103,0.3802617877601915,0.6424656313480861,0.45126976591513585,0.4340103860160581,0.5403333900283568,0.4589938348178962,0.5036532668049349,0.45879114409049526,0.36117702222396697,0.41521886033375216,0.4116090162627918,0.7301878104149763,0.35319087053783255,0.3470200425476958,0.663627985701943,0.47501927868813915,0.4555899857654592,0.3213090232512318,0.5999460677339543,0.47253859636275214,0.6729649426237411,0.35651381045565345,0.44277669096005295,0.4095603201625277,0.3708499169724112,0.2583907894921158,0.5420413431208232,0.3811925249388824,0.711902085756059,0.48443117133393643,0.43864675517418505,0.4844602692296079,0.779523438990797,0.5410339002838862,0.27584675792516594,0.3615676780605717,0.2990786803898893,0.5503924301637959,0.5682035447133275,0.22892122303604676,0.45892282887987806,0.2636302017569374,0.6510447786348125,0.3119661561614981,0.323622285656358,0.32048512907684684,0.6624674177446527,0.3135000176264658,0.42384835650552777,0.32103054232230976,0.24516670509935312,0.36657003995709503,0.40178706871608255,0.31666101567754523,0.3719262142228431,0.2725651341643427,0.27980942596605773,0.2239468182307888,0.23838047195682172,0.4571308878166123,0.3146580097823492,0.24072038477286756,0.37367323889485143,0.2128874967115689,0.47333558085334887,0.6490333662341786,0.7592957995918109,0.5713151372324903,0.5797917674892203,0.8106669132398916,0.5618241230395514,0.8708037436804278,0.7327680472998921,0.5963986423717301,0.692475218723071,0.6636330690722962,0.49956114978731725,0.707796824797682,0.4590025376676125,0.6226445593392338,0.7225476643243164,0.5716704332312428,0.7410229155659305,0.7003024926909962,0.6538237927749353,0.6919429573444056,0.4049847554447175,0.4128903885311157,0.6322644073314502,0.4864770401578758,0.36917051097405046,0.6637896973973757,0.42837607848812737,0.3589126310478341,0.4738751952218568,0.5840668520600455,0.5359070528353094,0.40282018542710596,0.40109336298197845,0.3697931997757606,0.42649852297817104,0.3702523799931062,0.4576885500537146,0.2628837111800429,0.2975889053385511,0.30302810655219975,0.3422194023903199,0.3522356562757799,0.39765492072788283,0.48783303356108076,0.33881383115987457,0.4123340895080358,0.5140734250476177,0.2921211810014473,0.4938395233117665,0.3658399095532906,0.34934007489298613,0.38365600676512474,0.36304029856650916,0.39546224480247244,0.3927605457848233,0.3931352215008708,0.408507190163116,0.42055869238864985
separable_1_seed_2,0.5972777864168031,0.532733108978262,1.0000000000000004,0.4875164657140849,0.5762390084217553,0.6941856002688761,0.6406363865883313,0.3052586090141011,0.5085443137566503,0.6150087540336021,0.5802877864423878,0.6280584042182009,0.7647382477482324,0.6590638229825021,0.5980807965596251,0.43207744077539967,0.7472436029312941,0.4950236667449315,0.594642689163715,0.6572061729917184,0.5958489416181546,0.5896323206122038,0.5602647771025951,0.5426608208975027,0.6536815980084859,0.6137601727383943,0.6983147364608143,0.5167195469296548,0.6547124143561353,0.49814576405019895,0.4695503400835608,0.33207405121803546,0.393850187871658,0.6024094606381694,0.34086345672499924,0.6054725175805675,0.32002964833686726,0.37631251180217407,0.6581973430189035,0.5822706811655679,0.4516773392838018,0.24700077336278742,0.6100446030197446,0.5333103081973158,0.4064775241229221,0.3619404854261062,0.3005454197851006,0.3469974398896861,0.25693246473082465,0.567518686717817,0.2128103234343503,0.6650892044991021,0.34246709103586637,0.8191348946081426,0.2948470505703948,0.2680565595398309,0.44556220443843686,0.2703942893668674,0.26538383945524385,0.30474052486496467,0.1448055659389249,0.2923481579268072,0.2701674877231897,0.29661787980607407,0.4245571982239048,0.24026406985386398,0.3539204213786727,0.4408305572774863,0.5151768845113361,0.5044704392121493,0.2488785843130074,0.23863728742962284,0.2116639108771483,0.30182811080901073,0.39372671250545066,0.4063980548231929,0.28692416275255134,0.4302844050275822,0.38327127185705573,0.21763485587891696,0.28946495477192125,0.2500416939158815,0.2167696929122997,0.4137577163676102,0.378060999885244,0.38509324501318654,0.19132276296320022,0.1781478747302156,0.5143321569537026,0.5573599975506296,0.5686252434492978,0.7201716611904263,0.41970725308572226,0.3668220749799562,0.37714369034485556,0.4462299024565563,0.5023877835412727,0.6744267226952941,0.4626293037182137,0.4340414548646815,0.5109943312430648,0.519053208697338,0.5306363615674292,0.47019250196702306,0.4340013971434692,0.4207855159017992,0.49490014165175356,0.42271337235624906,0.6346686841400397,0.43910764382945494,0.5247817468275876,0.19965738143895392,0.46211238022035084,0.4523928476979717,0.360021129780792,0.39871682456061797,0.36446592564345764,0.5510082653228596,0.6497763716040887,0.31821392713484703,0.3196036749465845,0.47316132537923067,0.28931687207043527,0.28101508551198134,0.32099588912485244,0.5494850285225192,0.3825445639208008,0.33915105411359603,0.24798987145816087,0.24910824119897546,0.3289300321090218,0.2637169750823483,0.2888756532972573,0.30980002741776463,0.3087393196026095,0.29623615122383934,0.26583241777948513,0.2821918118056903,0.33377676663252615,0.2830523981470254,0.3089248600798727,0.29122029038939684,0.3024127927294473,0.308629516327723,0.2988081798777234,0.30581681998669397,0.2960860488872707,0.31208887107788036
separable_1_seed_3,0.5221352215102216,0.3505555543267647,0.4875164657140849,1.0,0.702297169079147,0.29642094970017147,0.3564027674986062,0.29256304450998655,0.39880184277305186,0.47674637256797064,0.7455125348691123,0.484223579977047,0.5568453233392266,0.3288870255712577,0.6477139545841788,0.5462945594269328,0.5994099640540441,0.49216485970392815,0.3743711606918788,0.45664618583419814,0.49617064452623677,0.5633547366475646,0.6647161875015465,0.4937920268527831,0.5656795183983397,0.6136803790959693,0.4503803945316682,0.5076388893499788,0.4752203930211567,0.583910782376641,0.6066166431823107,0.43087799384323017,0.432858242411702,0.4950055307487339,0.5919262420218382,0.6004483535465642,0.39607817658132055,0.37955318254333237,0.5808821983231374,0.47542804380966586,0.3444936842094683,0.35035428676952757,0.4023350019674611,0.4350074560387133,0.4004023603947765,0.3688461579745347,0.485160912958367,0.525641108914235,0.2629022277699803,0.49211806879008685,0.10956111069384786,0.3335914126381342,0.37668639380046287,0.3781369347011525,0.21744165749938432,0.22597355323925283,0.3983092826955726,0.24616352269117453,0.38739658821622286,0.3646264285424086,0.2151082228185594,0.23919285345083507,0.1515175866198374,0.39821835987981463,0.43168718841308434,0.21342298674764867,0.4082988928134041,0.5265500646159385,0.4817692544000199,0.24970980557498784,0.25628445039911796,0.350693966580681,0.216445027906863,0.3596448879877277,0.4183402643203662,0.21037024291432035,0.2857855873360504,0.2824821182903532,0.38090183597750954,0.3008197825370859,0.2522399115725336,0.26367166836163103,0.26162245993564814,0.4302274846876218,0.35683294345714994,0.22517517167472537,0.22703607240983725,0.15300809674263044,0.585269332908281,0.5463739434884195,0.5419957422948037,0.5747712635187451,0.26488124127243573,0.2324612462030851,0.5976557389844763,0.47899045916399496,0.4178076606377106,0.41706764305133653,0.5205621936993644,0.5062531769545007,0.38324086424610954,0.5125487561425873,0.21668516902283158,0.3573174585514499,0.3173527054193221,0.5278495303414598,0.29246934241573785,0.47371450339677473,0.5270842328101657,0.4354869097939796,0.5601758645995564,0.39069896949312816,0.4957017192110951,0.47866316723501634,0.403891703855285,0.47338794346918034,0.41116043636702,0.4410594581477056,0.6042150054537327,0.27483650618126765,0.5231382956559824,0.5866801946337552,0.30667790336681905,0.4792472990219283,0.2650407242922871,0.4595308994993104,0.5101354742563783,0.43294630407384077,0.3518010622957586,0.3440228907937673,0.4875121233055814,0.3439069061631163,0.38691870851955046,0.37161474497191,0.45226498658675063,0.42924646166488617,0.3349110550831459,0.4338236919042856,0.436950499369777,0.3963595789351282,0.4363605055759514,0.40300630687348243,0.43977525263777695,0.4220259237250309,0.41257991239601266,0.43296169531452583,0.4282903334656048,0.41853729844204796
separable_1_seed_4,0.6686951657077352,0.5999703053279675,0.5762390084217555,0.7022971690791471,1.0,0.2658809759662835,0.4502727706142774,0.4370398269195483,0.48736074169489446,0.6608090114532651,0.7632740995233224,0.7585022736759582,0.7619236686247284,0.548164410122552,0.7484410651415743,0.5610681152161686,0.7146959382965545,0.4619693934360907,0.6637870333178083,0.6410531530459909,0.7957002845341158,0.7798530999541324,0.718193816549994,0.7299759235463289,0.6690483775016368,0.6562620921075366,0.5996469547195519,0.6636365189910047,0.5935403538949857,0.6408523815445566,0.7571791382175815,0.5959213174218004,0.4167298092421863,0.7326721313311887,0.7222185040432482,0.8517307088809726,0.511665635056184,0.5239797170870341,0.7822496191321119,0.7331459263751346,0.6381177534550656,0.49581290931178473,0.6357584730160694,0.7308285178460451,0.5839427079911061,0.4588817721895749,0.7239461055060837,0.6900840340067979,0.34210901693010803,0.4249622327805126,0.18326242408897353,0.515740047510344,0.41183106116858226,0.4925627138859462,0.2273542184370596,0.41004519720197086,0.4121662120719618,0.3805247565720018,0.3545877014950299,0.2818096724889632,0.18867060329793217,0.43903902105382114,0.22959441967203745,0.3537495930189709,0.5095600627932599,0.2334843467783674,0.5188138853938631,0.4539250515850133,0.44993978202680635,0.3612163138488937,0.3161587745859191,0.42423622936775607,0.2352049591872561,0.4179262386561148,0.44351518714824384,0.3784881175312723,0.33067001402726814,0.33792344828370124,0.3804145364293811,0.39534272538172316,0.29462598068168516,0.242239561490672,0.25577273005181145,0.4848672652786532,0.4749480151047191,0.21919166489735104,0.3339320006984678,0.1838148639193375,0.7592986711423102,0.6079163534058392,0.6988309477214633,0.7300926711853221,0.3461024590916866,0.37500266890308775,0.6438909376640725,0.5973567205324888,0.46240334397189636,0.5651589550357516,0.6560213540393658,0.6134183294009371,0.5837756108440939,0.6310785960561781,0.3875929671339495,0.4232664521264868,0.3956883355159152,0.6921594268321746,0.5176502339918048,0.5677439260381733,0.5151358120367092,0.5283972577178783,0.6530764590420636,0.3944065069278512,0.7499589682537446,0.6162326436219077,0.3866863025953308,0.6530989086919192,0.5277927668791845,0.4737526152341128,0.6805819169432153,0.3476055885399738,0.6784566005133533,0.5753622363500989,0.33914142689988486,0.5456579054350137,0.320869094408507,0.5976128782929596,0.5199405754458624,0.33116474535318674,0.5660224925239394,0.6092546600025978,0.6061777319092132,0.5761620476172126,0.5892084435643757,0.6165791148900527,0.6150698500762267,0.5223437508016007,0.4449428355063604,0.4629673399328362,0.6511768413840585,0.6428733310612331,0.6661613363535347,0.632144583470624,0.6198591430093631,0.6696321291656873,0.6776937728185305,0.6667677011756595,0.6703454207584622,0.6557540584020117
separable_1_seed_5,0.6521628172652429,0.6294080929415452,0.6941856002688761,0.29642094970017147,0.2658809759662835,1.0000000000000002,0.7416772573919304,0.4085614174152217,0.6224999235269104,0.48698880143813944,0.2944570331433325,0.20371999635196628,0.48804439969071806,0.5771475264576197,0.43934482333153757,0.40046741881656317,0.6145873919361199,0.37534155902226357,0.5560435111054042,0.4672483551391714,0.3968519639933607,0.2241408503907743,0.37428559498690833,0.17768206615955096,0.3373069372243328,0.4210781111997459,0.48137580179190387,0.3479255557882985,0.41182613145855357,0.3469312422742471,0.24266421302468658,0.21096622743047289,0.3048048401349427,0.1974519998174615,0.1369684229850045,0.42696563071721033,0.23716379272849555,0.22533064877816242,0.42503490210373174,0.23803844751819053,0.17344291177157994,0.08380167963024307,0.529210313071736,0.2171796219872937,0.26401404000133327,0.18352630437636042,0.1508487033713838,0.1816749759881356,0.2740468125650901,0.3788606590344383,0.4479555535268902,0.42508864843193706,0.523993540583533,0.545901287694544,0.4878992778810368,0.2503874030055804,0.5925605435010636,0.41862268906880135,0.24344547906477038,0.3753143821071048,0.2086689007934682,0.24217638594671337,0.5220124724480606,0.1903976060820273,0.4106150840262418,0.301656128895956,0.24337477357871273,0.373106740267851,0.47572176764132307,0.2669184149977664,0.5174128209452703,0.15310305590074927,0.2928420852029128,0.25952296750391846,0.31657126889028825,0.3764117929070848,0.3107787977613284,0.23978127595622364,0.3177839976068512,0.11117182779465146,0.21078968596263656,0.2313930706687046,0.22755342299714984,0.3034063575365761,0.1623389674970023,0.26955535013833865,0.1735159753773081,0.19610135902190245,0.26271806270915105,0.6200742649399976,0.4453323878017708,0.4184289664293677,0.6385183810478171,0.4338406438591836,0.37557957770064326,0.5104673360367787,0.4023343613563597,0.6970807583737118,0.37603216517995597,0.3294155064854736,0.15447082121079028,0.5156329959055517,0.6588112277442741,0.4323922440477706,0.4415947180342683,0.35749904788486425,0.4163709979462585,0.4086687740450764,0.6408135484218488,0.3164647819562379,0.3409177161383307,0.30962412333595996,0.33833152551703366,0.18037326574145554,0.33156661411154137,0.2974172425402629,0.13451845676288715,0.3099352695289258,0.35666499540093194,0.52887815494926,0.1826109448541952,0.3379801860318294,0.2656858187106488,0.15763852491425984,0.3757589609846914,0.22721311052047322,0.29791096853046567,0.2186245580924104,0.04059314582046691,0.0057579828247465,0.13488565283163623,0.053803892344493114,0.09689113594721967,0.1343188699569216,0.10024109893251426,0.1815814528524656,0.25296875806322866,0.1614845629939477,0.14943743791891514,0.05628580558615216,0.0621105355420615,0.07841264358239629,0.0952516954900957,0.07561124717134916,0.05559969328370515,0.07890425420776355,0.07630237853867355,0.09066432686752053
separable_1_seed_6,0.8280770886591781,0.7384208317661384,0.6406363865883313,0.35640276749860617,0.4502727706142774,0.7416772573919305,1.0,0.6260476076346848,0.6618405657400338,0.6552874758227575,0.4792913821861427,0.35687995470142925,0.5671706331960956,0.6445287760319932,0.6064058340740327,0.45771875596546957,0.6650906842584711,0.3630670633465661,0.7293086751712833,0.5350681173564603,0.5269469848169382,0.3706651248300831,0.5492088234268484,0.2642707018811615,0.4184303133529104,0.5052460928135475,0.5297935728572309,0.36173465250647086,0.4330206829033286,0.5263979195808735,0.2961535390680385,0.227241402378611,0.23370004518023796,0.41850784070927066,0.20138800828482745,0.5834039693049898,0.24713367638773195,0.24715751880788556,0.49623100890206495,0.33768520112892797,0.32857333996290844,0.14153195329375942,0.5717642978556179,0.35860669346071317,0.43758978367488766,0.26877075667735983,0.2296827064463923,0.2622626992723735,0.29294849268794826,0.42993562826657505,0.47975106566547426,0.48728145826386066,0.5339119873903803,0.6507341155764221,0.4605918579536016,0.3360483476746339,0.7957897998346962,0.41753557742896935,0.2350289076294191,0.4304731687467955,0.24154038826204027,0.40193507329272593,0.5132675754668244,0.22369136243427792,0.47024660310428645,0.32233770187855315,0.43375140986895905,0.35290494032541264,0.48887983037330773,0.3350864906777341,0.5830467675624507,0.19557123798413437,0.36357974880274385,0.30629330508559366,0.3473052684700268,0.3773343024404307,0.3382775991454846,0.3315960006681406,0.39347382797976477,0.16231559454120756,0.22178666964935428,0.26651687087105075,0.21131052797537725,0.38901728168522876,0.23583532223582881,0.32266786041222406,0.22485388020192668,0.2120972748811461,0.3179079118912003,0.5534470457217368,0.5520866399163256,0.502234546517996,0.5864055592350487,0.5519668168251045,0.3983971700724129,0.6311189529473379,0.5516416101278714,0.7026331999035381,0.5353729139204723,0.4987704568429506,0.371649137605336,0.5809424410860958,0.6721476805632601,0.4934449406772932,0.5673111425711712,0.36703070327659854,0.6016271867278803,0.5296915077888752,0.7049703635075405,0.5421867950059811,0.45471659550768506,0.34621421895950594,0.4419436141581145,0.3021985221419423,0.29060714260359083,0.3648990020571419,0.3069232674511835,0.3592541363609799,0.4984750541887116,0.5825302711333441,0.30960906232713536,0.3932622981719866,0.3643345414005337,0.19341923908752942,0.34846813776300695,0.4205814106902547,0.3068848155942014,0.33165071649071504,0.07716206823523379,0.08448064431739083,0.1993736163612247,0.14828479256351484,0.21944178587012425,0.2482788825955052,0.15870316444123703,0.2872142553798827,0.37112848697879397,0.2141240467443471,0.25474743899163965,0.1537672259265882,0.1320107716704334,0.1799039316720479,0.19442428586675112,0.17549172369416943,0.15859489537142007,0.1749591502128548,0.1872392842290826,0.19514494478299005
separable_1_seed_7,0.7750862003019167,0.8808471585370019,0.3052586090141011,0.29256304450998655,0.4370398269195483,0.4085614174152217,0.6260476076346849,1.0000000000000002,0.7005215069687571,0.7185230533049932,0.3732923775041222,0.293446688443156,0.32729275985445216,0.4560090827081857,0.4281059137899302,0.638087878894681,0.27305961271514,0.2666143765322608,0.569338743537179,0.5346129251800396,0.5821135944251606,0.35229966656473166,0.39698341036613943,0.31154872228417785,0.21081298799299314,0.5787619096879163,0.17989470996311632,0.23691818540121481,0.38464203458304946,0.33101518111359063,0.3811864420125978,0.3106083537013478,0.19235774208368508,0.251905714719378,0.3130039789296189,0.5744785210038205,0.19261608301811803,0.18160752861022683,0.45905438005329535,0.364455087364022,0.32445926862673247,0.2137053840307872,0.40140299344445635,0.3233464412274823,0.7026309682791912,0.26585296658147917,0.3266783112638174,0.25050829211491477,0.2770850835918526,0.19203466380740078,0.5208470665750264,0.17219719311150758,0.6737494782635143,0.3274731195964609,0.38562674780107453,0.412655819788871,0.7916475677704333,0.4358213908238178,0.22981443568353593,0.285716530815248,0.3122388358705769,0.5399478507809656,0.47824728535660216,0.19096203552624783,0.3651455984904158,0.17536321837491164,0.6820912777474415,0.20658312241802446,0.20562046863924088,0.20368155610525362,0.6500288110799203,0.24479375453161473,0.43085586731759584,0.23668738001506254,0.12751646177609638,0.2446683091059602,0.32701436477393525,0.21855781201965407,0.3542561676071398,0.21991214872743978,0.1348209239769013,0.1879878111200029,0.16786346119073722,0.39674086953646,0.22030884277973187,0.183087941163094,0.29814369099497684,0.16530252495968017,0.30719055792991795,0.44227104135323964,0.7336025603471861,0.4310655601340288,0.44177878600365716,0.8886647305291432,0.47675147256043693,0.850019152151297,0.8115110567506629,0.33916684627149596,0.6829188320212537,0.6901007313350215,0.4927940053745347,0.5657087632500106,0.19327496612661976,0.587764094884874,0.7654320825835623,0.4166768781210065,0.6910278672980538,0.6833068350471708,0.5550111313057913,0.7693551475102964,0.2446300763441129,0.3826284605611189,0.49232880017232833,0.3418209553721908,0.2421008412730168,0.5685052869620528,0.44753297365300293,0.25438855309014236,0.3419274042817481,0.5189579871114215,0.4738082368833998,0.29843599694269285,0.4255808130756004,0.2488056677293038,0.35639375217789926,0.24936000511514983,0.3690500769908093,0.2788830854075997,0.18750939944121472,0.17464987658789552,0.2681898703884418,0.27834738454736946,0.312178266539374,0.43004160218184817,0.2556757905825618,0.3866338951409037,0.5140478212256233,0.2553099966949577,0.4296994069717178,0.2575013729275431,0.22919926817655256,0.2827048838589534,0.26565765407688663,0.29695393190415004,0.2781418252109565,0.27861019714440777,0.3133043964358678,0.3415982899388597
separable_1_seed_8,0.779009648622578,0.7547867742107295,0.5085443137566503,0.39880184277305186,0.4873607416948946,0.6224999235269104,0.6618405657400336,0.7005215069687573,1.0000000000000004,0.6653905982776266,0.37793910514553986,0.338841527269351,0.5354472140036806,0.581223194189152,0.5013450416098257,0.6807127755401357,0.4519592738865445,0.5001384677382962,0.6182490576501546,0.7027025363062059,0.5351430282595848,0.36624089796629417,0.4316008621800307,0.39838843485844916,0.3651002883751796,0.5224363532235736,0.4357100404027208,0.3505843237687221,0.5045753837983562,0.37046160657790045,0.40538727582103895,0.3465859684775917,0.2948345195937221,0.35278543990225214,0.37546313031836404,0.5954703259289406,0.35884032804800237,0.35321445919832933,0.4932991491058278,0.542876892840441,0.36113750485557644,0.24613943781113504,0.609387808688307,0.36781967381265973,0.577234049402597,0.38647128512268214,0.39262882265605104,0.4267363521641127,0.3238028400877961,0.3350740841096239,0.5513269914054889,0.38042909599336605,0.5286684329256697,0.37843391357884787,0.45852296325159014,0.4252430125329665,0.6548919568730188,0.48246208732300505,0.32662076321961114,0.42070878815917834,0.30753225399332307,0.4674784334859622,0.43501067318023134,0.25900620115979844,0.456176948115799,0.2475122049687752,0.4545295502279738,0.35494535308528347,0.3858268696148587,0.21135874423743423,0.5064680363101106,0.2795645503692788,0.3143136713111318,0.3861269485283904,0.26345395065028737,0.3102314148256937,0.3050995277750689,0.2209629221080618,0.38528409933471913,0.18779182368151368,0.1656397213493022,0.2544359816935568,0.23087315887375193,0.39035516697636397,0.25890379530194724,0.21947466978325744,0.21923346876968344,0.17322384026006923,0.43422997685555403,0.5860205025624264,0.7108551511451447,0.7057193386261303,0.7074326602493087,0.8208815590859121,0.5690821654454749,0.795660701870045,0.5327286368411915,0.5738014061681119,0.6765957116027957,0.5192125829031521,0.3816033211594725,0.603557186307558,0.4877913634196643,0.6581247508030492,0.6541756257179319,0.5161787187421532,0.5269139118662767,0.6418047709056163,0.660030507664357,0.5681832543939498,0.40999935806529436,0.32444232314089133,0.4994311339113875,0.325983149575101,0.3164901764756348,0.5646651927928119,0.3374788027302431,0.3058960786405041,0.4118290624980168,0.48991498811463635,0.4449830930489649,0.32763875260548714,0.40630897094345597,0.26053551742656794,0.4213412653571219,0.3218991166090306,0.4398419525510998,0.2724178196170539,0.300099620260611,0.2358305880600728,0.36053508509667176,0.3289509757401009,0.2937406390925732,0.43370554477853673,0.3623115299564837,0.3912857340985584,0.4710994159141689,0.32021467273038234,0.47093614305627746,0.28994581493591726,0.31831193846014655,0.3050072593759637,0.3056855184133728,0.3587488805288798,0.31825554921511423,0.32809244489354483,0.3475567978907132,0.39066917195793804
separable_1_seed_9,0.7187627707504293,0.7752309918402142,0.6150087540336021,0.47674637256797064,0.6608090114532652,0.48698880143813955,0.6552874758227574,0.7185230533049932,0.6653905982776267,0.9999999999999999,0.5856480352407809,0.5839831516821494,0.6015021427279966,0.5922549582066096,0.6485504435646609,0.6803273323757536,0.5531019984483421,0.47532666303825266,0.6409980998159706,0.7853449570397195,0.7161260926590871,0.6384403026889521,0.6537236496492704,0.497721331483744,0.48702303089905763,0.718856863696443,0.4846527831981959,0.4382466684194842,0.7076115682489006,0.5371138350583842,0.49818924869592246,0.38702543972663866,0.37564911092457753,0.5536784724813835,0.39338012082528134,0.6889059446066759,0.3076027661052777,0.3571489589033312,0.6130208543311543,0.6572043052631547,0.4973740260542883,0.2905043481671325,0.5800196581074116,0.522237151787844,0.6707298581364908,0.3972326023494843,0.4084098234651953,0.35569118956241214,0.29145200430690954,0.37149070360367337,0.43801987047791846,0.5675033714754086,0.5087771209706284,0.585532385315918,0.35787697762954795,0.3738103946786355,0.6212780250711547,0.4695855344317523,0.22681547456191686,0.2752229727076235,0.27779812108358487,0.46603410706050785,0.42564949655950884,0.22984722347372305,0.3982011210631285,0.20089152173009142,0.5768340154024992,0.3149586067294886,0.3695183582080539,0.332459012594607,0.5000603532425393,0.27232052045242877,0.3497648845734591,0.3378150030450005,0.3144402729220165,0.374806598255158,0.3445172210207916,0.34205861461081566,0.4086923183148568,0.25129327658174394,0.23782946791120846,0.20642720275010018,0.20412599240259216,0.4373063615258916,0.3628693904908581,0.2795023291431502,0.29371519739942964,0.2126784785864886,0.4491750672570394,0.5169941018496889,0.7161435370110002,0.6850852058999559,0.4763729681785877,0.7406452841836663,0.46844531245863313,0.7452844627867957,0.6659364053881204,0.48337242378511996,0.6894463815668431,0.602293120576603,0.5033117981733877,0.6136382699261476,0.4160035789054634,0.699548402950414,0.6027860894814562,0.4593752238210524,0.6724483417371656,0.6456151208588926,0.6034484593838825,0.7756150479136249,0.4194255122992408,0.35230532231178924,0.5921231262895659,0.4835287517372425,0.30505445875732085,0.547242784748759,0.42599668224580267,0.39828992201277913,0.6014089842112962,0.44538683599153184,0.490337369748216,0.4135395027723536,0.5057415031105865,0.3237261376291604,0.39938681458183223,0.5327909488752108,0.38695102165884654,0.3427339292670666,0.3049708096441474,0.2806007053653271,0.33578086285367614,0.4149269643822413,0.2859187087923639,0.44515444134055615,0.3605755959857932,0.34104211407227714,0.3994439578302136,0.25283923551714615,0.48358415095349516,0.32635053132708725,0.3298453774198473,0.31702205848718146,0.30806041437271103,0.4105495112660351,0.35325136437280663,0.3358937795213286,0.3904466617106682,0.4377183784766627
separable_2_seed_0,0.4662586658327551,0.44822622820579017,0.5802877864423877,0.7455125348691124,0.7632740995233224,0.2944570331433325,0.4792913821861427,0.37329237750412214,0.3779391051455399,0.5856480352407809,1.0,0.6295181336162183,0.7013548048720929,0.5329213462950556,0.6142008533902311,0.4711898312271283,0.7527930268505082,0.4994729596353694,0.5570487889534121,0.4733181899691664,0.4582034748694319,0.5823027179354502,0.7148825940451211,0.4185334470360339,0.6222959093104836,0.6487167489796496,0.46056522540417194,0.4530965442406861,0.4484889734955129,0.692410726288934,0.5608797960146423,0.2680264565585283,0.3771718934952827,0.5615393998533901,0.43067249058217455,0.6084262334465672,0.22638622042073628,0.23726791139419248,0.5380020645211872,0.4690805987094916,0.42001158836044766,0.21813365606438295,0.4265631762081011,0.46560971680083113,0.3922853192320436,0.33256095567001026,0.37980719203824137,0.3030537987116124,0.15164174153914944,0.4962807686236401,0.12712993263041494,0.41138292568904195,0.46294896810152364,0.6126463757052399,0.21552364825554182,0.1675120295749809,0.45852701309900395,0.1691074242675564,0.37936879776507365,0.34932155241808427,0.16635767138142488,0.20239468625582616,0.20739310670996472,0.31044239677921875,0.5345151306488182,0.16774943574400428,0.4600500971579207,0.4937821077929803,0.4325577294342086,0.399409587960352,0.2642693282860484,0.19811217027528263,0.22517195185662756,0.22412594836576594,0.47199841766773015,0.29157050836387693,0.3104871589029633,0.43444814085591305,0.36064788569018535,0.2174210885580197,0.3475000024312097,0.25452559417129367,0.2313982625577807,0.3813442951449804,0.49128521503625544,0.28491056393901565,0.20143430215083485,0.15909403120079355,0.37793489024014837,0.5428382407111968,0.4392767543475943,0.5207215159862931,0.23503627006181227,0.3010959748801599,0.4503922780007605,0.4926011763144278,0.5343305461501743,0.5392458983672848,0.4694340683395055,0.638191236023052,0.44796355682155875,0.619186148413414,0.31126618320707117,0.44451715659285074,0.3883073457812164,0.40463119611971443,0.45323254758699427,0.4187608396213294,0.5931428269933068,0.566851135666116,0.6411795395226646,0.34944221189923974,0.45082697097619195,0.5210734252291109,0.49990419098824174,0.4090406963668856,0.46856690937199974,0.597555013707019,0.6770442193294361,0.2775041170910496,0.39873534921527864,0.5321685335910549,0.32931628187440154,0.4858577090563678,0.18592053084410848,0.7226401664396653,0.438584075983337,0.4604835373474523,0.14312364786016193,0.13593460805411373,0.2497753806890809,0.17632920158511417,0.20101750484858175,0.19883431346638797,0.21141680702385127,0.2492791747913723,0.21144153045982217,0.23993667177651368,0.23519576120801883,0.17677988277676307,0.19360492656397615,0.18796515480015275,0.2196060073001843,0.20206314573948275,0.18825153039828474,0.20341029460933077,0.20190076449182381,0.2047442907424872
separable_2_seed_1,0.424453195624152,0.481059342815392,0.6280584042182009,0.484223579977047,0.7585022736759581,0.20371999635196628,0.35687995470142925,0.29344668844315613,0.338841527269351,0.5839831516821495,0.6295181336162182,1.0000000000000002,0.734717011009666,0.6103008487446945,0.6544609423653752,0.4174100932587771,0.5538149873511048,0.5342242594143268,0.6068310348555037,0.5749124606177407,0.6612925372215048,0.8360046784519021,0.7016571579348236,0.7718299388836212,0.643900323156279,0.5717680161074208,0.6438966701344347,0.5812597244134097,0.6081534923523334,0.5376517537907901,0.6692490864200328,0.562656193274109,0.48345847324529206,0.7620572393175141,0.5397824979984333,0.6705208540095331,0.40369973745439297,0.4403392648702812,0.7364856504599951,0.7164308668510635,0.679728248092037,0.42167833188182235,0.5692307026289571,0.6960669966034342,0.46203239540671376,0.507397569525244,0.5545847930657275,0.5339784249480276,0.22324490018051035,0.39146949893765604,0.0830892178913462,0.5142740769261519,0.21631754846087797,0.5540156317932986,0.13372080613749854,0.2792967865293608,0.25014863880540783,0.2605845556518772,0.32441075436729716,0.23343763248690585,0.11461767003068131,0.30723047725591873,0.15819388071294627,0.2766188167707572,0.40592000995316857,0.1987738505724237,0.4119769009578539,0.29930593791967797,0.3250147687597737,0.42429063982893905,0.11996401373491182,0.3255769795674463,0.186071498317098,0.2897160747007595,0.3483608805957271,0.33677525676140446,0.29546505623666913,0.37887947175169756,0.3123019795121204,0.29615886671689573,0.331490307061643,0.26047176789501003,0.1575168664647528,0.40607823261868836,0.5006633199646909,0.2604759886701916,0.2956837837042979,0.1434946460548303,0.5464941679321511,0.431249123168051,0.5082869985562236,0.6375782755831425,0.22911583849050648,0.3147116015279301,0.3724828358986846,0.43903625303189003,0.40064937782973503,0.46447674502294684,0.4726233249428345,0.5147529128509023,0.5867399232000277,0.557415857062351,0.31125774650621973,0.43109249771616126,0.30743006609283946,0.4777795957764301,0.563111291918624,0.4810329779827913,0.40721807536321764,0.4973305647242379,0.525603173983674,0.2808466578004732,0.5589883805539957,0.6364063282150184,0.320480315345536,0.549885005026281,0.48839643597270266,0.4958336547746882,0.6484584105613536,0.24624317855215583,0.5104593352239761,0.49229286048778853,0.2552253664314878,0.5065698446600606,0.2342096112383762,0.6456879383593236,0.3775169720841341,0.28172703394027615,0.4007739996172655,0.43481984290435477,0.4017409580268517,0.4187128564178394,0.3902998858595602,0.4255706840132081,0.4189053575800501,0.32514895991896164,0.26941391046879004,0.2868491741075663,0.45274388928784864,0.441703726102299,0.461720026291052,0.4282130931349388,0.41416225253853034,0.4709757265532736,0.4719133394111392,0.45586418488405916,0.4559274809211226,0.460469131189644
separable_2_seed_2,0.5976846520593667,0.5640938241122992,0.7647382477482324,0.5568453233392266,0.7619236686247284,0.4880443996907181,0.5671706331960957,0.32729275985445216,0.5354472140036804,0.6015021427279965,0.7013548048720929,0.734717011009666,1.0,0.7055804994369501,0.729465542768855,0.4159367106161778,0.7599222216501902,0.5221489464077074,0.7111922107418605,0.6493798491011455,0.5931415999562878,0.6882723551296593,0.7146715834808243,0.5965000775592701,0.7306823965513666,0.5905109168984136,0.7090274634139418,0.5914620813626392,0.6162884135370271,0.5803951236187388,0.5839279819259225,0.3883866884534414,0.4184390331375817,0.702622767357398,0.464376741008063,0.706899971718363,0.38963328128317204,0.3616876440606992,0.7168962767033766,0.6381210128702541,0.6164274359072203,0.3096507695416555,0.626641703212351,0.5663047900760263,0.39648656669298293,0.42721615910926947,0.4951859728273818,0.47093949558774306,0.24379021287645192,0.49045397136468055,0.1835699814519902,0.5621852687891341,0.35265429047355373,0.7007001182737713,0.2956252153165196,0.28817636784282197,0.4274466604645482,0.29604790763681815,0.3774048859149187,0.303785677706209,0.13980961809128375,0.3280611868719263,0.27710063057110307,0.30591435123921745,0.5632694397653657,0.2698601784156114,0.39002913150348717,0.45352401953417104,0.5457298377100158,0.4603596436583029,0.28986893377089934,0.26417897904194154,0.2168909786050835,0.31795454851757854,0.4994231464942462,0.4224427509958675,0.3574140901626917,0.41814326673298274,0.4034401702400939,0.2589860186888301,0.33534624512189304,0.29715660734480837,0.24585806777625321,0.39761453559831306,0.5167899019437613,0.31829517536131424,0.23249722837387712,0.1765327404436938,0.5043283462575953,0.5782489601650327,0.5228877053193368,0.6739537823809068,0.37718227050439784,0.337263908086017,0.4274877812826621,0.4962285899652312,0.40585845843172097,0.7191092484182474,0.4942164335796247,0.5170666214816962,0.4596098903164168,0.6712692091037068,0.5405535260254317,0.4465628402737022,0.46780834036908336,0.5266568042372856,0.47161924776138336,0.45628073539525554,0.5954063745341568,0.47757746701121573,0.6823944472315504,0.3219999678653184,0.5855621064247707,0.5034141068428006,0.46780499421880556,0.468364593323347,0.369409449186588,0.5364614962567997,0.6676070872751682,0.379385121900349,0.4550144621514299,0.5773433340396001,0.29673071878126134,0.426624870275038,0.3114922192819401,0.7060437975241005,0.4420474427641513,0.32544422001932455,0.2929840279521392,0.30259683293904455,0.34127385230363166,0.29054719882577357,0.3247797726183822,0.34213342633654326,0.3298761840807555,0.30847911968761094,0.2821887338265354,0.2796800757545258,0.36322553110147165,0.33289564388906734,0.35044639930276483,0.337622999598908,0.335726483573479,0.34710753003314715,0.3508190862443947,0.3546528299208181,0.3468854627656949,0.34425187555282555
separable_2_seed_3,0.572560470449659,0.6449708821419777,0.659063822982502,0.3288870255712577,0.548164410122552,0.5771475264576196,0.6445287760319931,0.45600908270818574,0.5812231941891519,0.5922549582066096,0.5329213462950556,0.6103008487446944,0.7055804994369499,0.9999999999999999,0.5588208008466933,0.39273162547448204,0.6840216701115399,0.6616550465612728,0.8561724628436533,0.5834573789210098,0.5208078995037565,0.5801085337156386,0.5389905978442138,0.4865633255080915,0.5216277044184223,0.5411687981753567,0.6148345584888257,0.5583789877268708,0.5829498438808075,0.5487253874465426,0.3518860393736397,0.3012800187219894,0.5148317886122225,0.6094986034820173,0.22150862512361683,0.5905121985904204,0.3991125657631044,0.38180216247631266,0.5953853052072638,0.5266646335566307,0.5931145212971656,0.19248012202343417,0.7367957786810363,0.5312668026194324,0.3962072124408258,0.44538681014165193,0.37890105352861264,0.34449926075232384,0.2638078928289335,0.3982233583259815,0.3596492116626376,0.5516375998114879,0.47301843288737444,0.6828557380799088,0.32318561161759585,0.26629871430005464,0.5101001259853006,0.37166322786060096,0.36155453435166857,0.3287543806359613,0.16059422700304776,0.3159610571165604,0.4139714447891763,0.21368336463634086,0.4968155289928723,0.28021281701951795,0.45129250336803967,0.2652892691091165,0.38654775780886436,0.433184027415444,0.37784448117266894,0.23402709674182468,0.2829613416931883,0.24481032987173335,0.36700570390669957,0.3803832513457337,0.3784426345062726,0.37394517081667633,0.3541624320725277,0.21652980894166915,0.26204267966757416,0.2330187770826854,0.15962246714434608,0.35744001471391057,0.3941641317204703,0.2740952063941292,0.24500539124271598,0.16589391700305314,0.32191272678494626,0.534097827119979,0.4583736252215974,0.5655104179997621,0.4773062021028889,0.48824111152162375,0.35582581552796416,0.5320757719608205,0.5189566963349159,0.6273461119638822,0.3976414291446976,0.5578759034153241,0.47808471765793376,0.5767442183639869,0.6294673733556782,0.5164659474295821,0.4211234894847628,0.3269898049195019,0.6513782496848369,0.4812743540467797,0.592523412701748,0.4981098081281948,0.5063617191166592,0.4256324439444555,0.478684991070254,0.4012795083037926,0.2919229433673171,0.3288359176078468,0.4385266179959519,0.4594297253045121,0.5054278269117012,0.5409935058806895,0.3218966161292368,0.44394037194844316,0.33644943134774635,0.350481682807711,0.3292310514139118,0.569661267470035,0.3067499752135814,0.2445965854062608,0.12167021270226142,0.13608120743690436,0.1595602803589613,0.13285566953607483,0.20173796865041962,0.20670355377853028,0.14886808785833167,0.20739749849911823,0.242961125835478,0.15369620602345432,0.20865325826372008,0.17420892208303335,0.15850299214003022,0.18878025884669897,0.17222026204276905,0.16563251346583308,0.18388788216763202,0.18768338235469334,0.1864293660162428,0.17533786757262193
separable_2_seed_4,0.701108968448945,0.5975313842198788,0.5980807965596251,0.6477139545841788,0.7484410651415743,0.43934482333153757,0.6064058340740327,0.4281059137899302,0.5013450416098257,0.6485504435646607,0.6142008533902311,0.6544609423653752,0.729465542768855,0.5588208008466933,1.0000000000000002,0.5181307679949483,0.6864808023297234,0.48544749197773823,0.6165632575759543,0.649145414695456,0.7032404781418032,0.6938220503423775,0.7524841610339708,0.5715852448582015,0.7072255480114302,0.6456533993527526,0.7026688687174177,0.6101845637167734,0.6348745627777747,0.6750781296196584,0.6739199403056215,0.5636813888761101,0.49029532734822556,0.6356308203322173,0.5583540203940632,0.7634743903596504,0.48068671135273505,0.4595058056135988,0.8036670155051016,0.6357269708754513,0.5573401075740013,0.41549267865791617,0.6319572869027744,0.59170708429062,0.5082217060354363,0.5273177123218235,0.5736664481825935,0.5954919562002378,0.32156266544948126,0.40117143321634263,0.24001360135780983,0.5294677948726854,0.40409461211036446,0.5344303744855333,0.32106382222653734,0.3543016109866104,0.516783120874463,0.36144644936816733,0.2703554807648448,0.34264306499853714,0.198736439383987,0.3850302569302137,0.32683488745315675,0.28909639176165375,0.4533537407942354,0.35057748030758595,0.3988743590795813,0.4299887860219683,0.5067959326039453,0.406121719082642,0.3935104622536468,0.33049347757579917,0.259945467862866,0.37275725183086156,0.43852627660940013,0.42915692350343176,0.3761956658601083,0.34482927945638736,0.38949065657375664,0.3384487514894175,0.3069340799223669,0.2891086016762181,0.25059494817214034,0.41508480546388177,0.4011746172532392,0.29705231596445797,0.3154954141958727,0.1852505749287983,0.6169189318932218,0.5998115078388303,0.6106276050576903,0.6689705425823589,0.40251167356988027,0.3680233200630197,0.5622755118237257,0.523577385806681,0.42296800654201117,0.5806719884922341,0.6263365649748124,0.4656024419985099,0.4022571404224896,0.565591197280044,0.4846341905869566,0.4409594656845693,0.4498138487121639,0.5675651499368222,0.44914665441059165,0.528863334782241,0.5859148853873728,0.5040767990193207,0.5744312637026081,0.31079758737619445,0.6619145898941121,0.5188113753221401,0.3814039226957134,0.5623128276843572,0.37972077897726786,0.41305674997915043,0.6030344407072123,0.4444143715581561,0.5445252271606779,0.6520339906579854,0.3042702996879907,0.4422604389018234,0.40839088978240384,0.5849287146902143,0.4561595130047935,0.3567670852059922,0.41294473511475915,0.42239439163247233,0.4628967738472533,0.4428141523184135,0.4333538990180637,0.4768962294838412,0.4606030053574938,0.43064269617459233,0.39729127850701146,0.3686922877334262,0.5215049574370807,0.4574027871541736,0.4745390843406064,0.45584429635752444,0.4727420485978329,0.5008342325835925,0.4868739133813823,0.491044307056208,0.5044535636152737,0.4943716070744436
separable_2_seed_5,0.6522721777070213,0.6084497251691984,0.43207744077539967,0.5462945594269327,0.5610681152161687,0.40046741881656317,0.45771875596546957,0.638087878894681,0.6807127755401357,0.6803273323757536,0.4711898312271283,0.4174100932587771,0.4159367106161777,0.39273162547448215,0.5181307679949483,1.0,0.3494133158317676,0.4557453367304131,0.37940835223039887,0.5700793053889621,0.568085602870176,0.4473835971763332,0.397238874098399,0.452409316866726,0.38463369033785155,0.6701319513202233,0.2391791388827344,0.3192309999196157,0.5707288837283196,0.30654885798415926,0.6277676692431874,0.4355316656471487,0.3541992899739195,0.3465056886636408,0.5606773421859313,0.6243262957178087,0.38147850404607603,0.3713699486970435,0.5275164359554335,0.5789814829322398,0.3582650306846369,0.37246867716404347,0.43561374935974617,0.4044929312701182,0.5664558864972651,0.3487080624313157,0.4905192648376268,0.4294774659214278,0.3311885616673999,0.367948026244694,0.35808568359438475,0.2973785617028272,0.48650466171704615,0.24567242857100427,0.3315007656333798,0.3509367316883344,0.5086630788126976,0.35818135189704475,0.39274068041751486,0.32108892261484284,0.2635907889997174,0.4151217887782127,0.3009529222168845,0.3285917528652896,0.4135397234223859,0.15987465321145197,0.5181890600292259,0.4093390889370681,0.4049585269516063,0.12606158098496228,0.45396562024349785,0.3668322659505415,0.3020805165020817,0.3585065660274063,0.2566166314974805,0.22617408406638506,0.24545098125789547,0.22291945072046027,0.3977549389676189,0.26835830485582024,0.18714132171481293,0.2905140115437286,0.2420500575566187,0.4693922725978185,0.29795450979623905,0.17198363018404073,0.2447890888015696,0.1636921192136802,0.4807723358697963,0.6201485564493531,0.7157255996970011,0.5844804120521465,0.4319228964440025,0.6231074499246191,0.5409378220559781,0.7103799920675732,0.5990385321718933,0.30612494131680795,0.7085311717835774,0.5491235076032325,0.4725197353462163,0.5273697304994829,0.16024247319970472,0.576686912750279,0.48575499097688696,0.564902421988155,0.4286252287604637,0.6300199771525371,0.6006655109244922,0.6180598382059734,0.4291825976401352,0.378238606313995,0.5673092013714512,0.4219077316522029,0.3799753827716092,0.6339306774399619,0.3385558119492698,0.3433550526476033,0.5006860081956397,0.38122850751922577,0.6129099646987344,0.4265130639352768,0.43608886565410626,0.3654372199401314,0.3414181316027023,0.2637210383379228,0.4890034058836487,0.3861424121350374,0.3658796560640291,0.34150131296431846,0.4920051532385063,0.4344869771876895,0.3808285350951176,0.48602385892174427,0.48094515590501996,0.45931262324806327,0.44335777214170663,0.409899141409631,0.5254374211876202,0.4094607781741504,0.4392969416992736,0.4106730733430425,0.41432547250334484,0.4823208573425823,0.4259271012443239,0.42375016054691356,0.46023405152164065,0.5018150559889853
separable_2_seed_6,0.6224528095066106,0.5354489646781703,0.7472436029312941,0.5994099640540441,0.7146959382965545,0.6145873919361199,0.665090684258471,0.27305961271514,0.4519592738865445,0.553101998448342,0.7527930268505082,0.5538149873511047,0.7599222216501903,0.6840216701115398,0.6864808023297234,0.34941331583176766,0.9999999999999999,0.5181962652524085,0.7322090350681423,0.5673605068777741,0.5410167114921011,0.5613994414493031,0.6819508425290763,0.41312000775454966,0.6687207766517883,0.5789256959997967,0.713783414074725,0.5495375068123142,0.5502057852788766,0.6656499922634218,0.46636296259283405,0.3227375913537151,0.44224232367427796,0.5734600737950183,0.3880657987579923,0.6827418031004475,0.36965866197781455,0.37559072082557093,0.6299608254666078,0.454303700996753,0.4271606651055859,0.22474681047299938,0.6955521472355449,0.48599903600574496,0.3115564593349179,0.3229905823544127,0.3434346458711583,0.40747993287725914,0.25448912017283054,0.5001670671856187,0.21498036434767234,0.6275698806461,0.46212720549974906,0.7226120675349346,0.2832642474304889,0.2431049301230049,0.4721425351185871,0.28319910287926875,0.32918493342093835,0.38364890471650487,0.12476996836443725,0.22808920003018557,0.34824094610081047,0.26553621520454507,0.555796391405007,0.3172029739554627,0.3367693547424551,0.48881437880818523,0.537990113638199,0.4573985744268846,0.36065332581405296,0.22274559866576948,0.1990129357040761,0.30904627513153,0.5166831429928443,0.4436352390112932,0.3537463238317652,0.41447491576078055,0.3728666885734647,0.2608940242039859,0.33522782626759057,0.231158667932162,0.269512270416831,0.3482746173437438,0.38979750954221437,0.3145946124549723,0.22270925234103967,0.19836875366900567,0.48381991809506186,0.7078271776527605,0.44803209015940587,0.6194246685693244,0.45368786474178513,0.22770775595754575,0.5141508751228933,0.43599705682622514,0.3953282401331323,0.7503532154513302,0.3979621977606985,0.4767597493727636,0.36971105083327516,0.6198118810972193,0.6808375923203375,0.38968482875467075,0.3267089251316818,0.48151654510149633,0.45575332923950235,0.4028612496129712,0.6811055599136879,0.37309425492305376,0.6815498412110108,0.33017464712422895,0.5022815615378653,0.46768673403767125,0.4292309457580302,0.3586517604253855,0.3750626310956848,0.5421595774984151,0.6310751271614319,0.4432808534905979,0.36795927816216784,0.5718446330921273,0.3044730339000104,0.36203055053031097,0.2998027578743635,0.5700525822616886,0.4284610569530475,0.315335654060515,0.19680872847469214,0.21473128827529112,0.27447273521165894,0.19973909489818842,0.2528773562328244,0.2340286120393994,0.2503893860562435,0.26234633192639145,0.22101723397249434,0.25079699720212995,0.2562252713520577,0.2456599870964396,0.2563981814727581,0.2539905401640991,0.26695747468570535,0.2455764099967252,0.25539275606191175,0.2710374024866493,0.26118603634446563,0.2420006214636512
separable_2_seed_7,0.37103625351187464,0.374086961218291,0.4950236667449315,0.492164859703928,0.4619693934360906,0.37534155902226357,0.3630670633465661,0.26661437653226083,0.5001384677382962,0.47532666303825266,0.4994729596353695,0.5342242594143269,0.5221489464077073,0.6616550465612728,0.48544749197773823,0.4557453367304131,0.5181962652524084,1.0000000000000002,0.5385560003970303,0.5125484118491103,0.34470029221308435,0.4752935456903437,0.44232077174363915,0.465113895408626,0.5144515513737019,0.5770332845105354,0.4741967834104924,0.47969325187069634,0.5699407760689604,0.41564246011622924,0.37950662758755355,0.33938167994029717,0.7253294616451589,0.42980418203512216,0.3797481210133897,0.474543409208901,0.3782050837213415,0.41074615716573687,0.491512003861124,0.5918449741528308,0.5222081193284636,0.21828223743974715,0.6273606122621067,0.401388217373244,0.30449431534137533,0.531997545612579,0.3900984626573057,0.33540461974726304,0.2727723261833347,0.44113179437550964,0.23228916017422008,0.44028197682680714,0.30674715348006143,0.4973477037693467,0.24983005167999509,0.1575861603357019,0.33719350687966343,0.34902006995002693,0.5131944732372323,0.321664439202973,0.17375277261396851,0.1894994575497772,0.2917996094097164,0.29692313193280906,0.4384153298715378,0.2523619024854447,0.364736069790212,0.3691749519615477,0.3621091799290838,0.3314361939102715,0.2298293235020381,0.28252134908028975,0.18497283901525263,0.2614126524777583,0.34300333585198567,0.23796752805786348,0.323769014332647,0.3208418752705598,0.2886812643066043,0.18278407202032956,0.2645602215765106,0.2739969745207364,0.20387848288804347,0.3751531100732806,0.35920366469493903,0.23123932273996173,0.21751471406122275,0.13693624206673352,0.33147236589736523,0.519014594958897,0.3656606009463048,0.5638607426896001,0.3729387146619531,0.3285204159321853,0.38208526738402404,0.4485272859444065,0.3535889617821828,0.41514980984700517,0.3704570889537243,0.478512483300117,0.3938954092825678,0.47512228070373436,0.3185130465465963,0.5144741780210494,0.24560542184484166,0.31326649709111676,0.44112974107890485,0.4973643540303363,0.5157943800333755,0.4173471678009876,0.3999207969749207,0.46727247401315136,0.3840321399527981,0.36545346964042497,0.32253789600236293,0.3391126906377253,0.40093596921551566,0.46567148322025803,0.48225962217216106,0.3649617518198684,0.3169811959552883,0.450158137479483,0.35648964296127744,0.3974756945886621,0.2683221667220064,0.4098976903855177,0.33717352999743677,0.2660682772294569,0.16086055207298308,0.13282353367023955,0.21427386257436123,0.14648457190023959,0.16308530526400375,0.16677306021947672,0.19730300559218134,0.21079093750896666,0.19257578781437162,0.199035733279866,0.21172312506673788,0.1557058988186911,0.18276189269003798,0.16337943869780722,0.19166511468341968,0.17868289737856854,0.1725494839387814,0.18181390612326007,0.17866348319132444,0.18063745768056289
separable_2_seed_8,0.7008951334916096,0.7375000977894848,0.594642689163715,0.37437116069187887,0.6637870333178083,0.5560435111054043,0.7293086751712831,0.569338743537179,0.6182490576501546,0.6409980998159706,0.5570487889534121,0.6068310348555037,0.7111922107418605,0.8561724628436533,0.6165632575759542,0.37940835223039887,0.7322090350681423,0.5385560003970306,0.9999999999999999,0.6018644957715605,0.6068912640674475,0.6035501956734867,0.593200580362184,0.518168803247495,0.5383356119251594,0.5008311885463935,0.6439377973960494,0.6083017797512172,0.5354321947717309,0.6120172629782903,0.3966439161745905,0.35348601535455715,0.3386608915544797,0.6133455824607578,0.2903005765488995,0.6882037126598982,0.3875552662676529,0.3331442809472387,0.6319327801385548,0.5127317950193332,0.597793209112399,0.23149928740494455,0.7071290599395134,0.5406950855639241,0.46562876063636355,0.31534337576173194,0.45322161967247404,0.4442166847306145,0.29254136104531064,0.3933376577371702,0.3783779143519067,0.5234037719364154,0.47200394578443194,0.6692570700778528,0.34765750547053376,0.346528491698543,0.6199793377393814,0.41815724066697635,0.33355416670730176,0.34445456560398235,0.1647523324383776,0.40441569129017535,0.5017860101297712,0.23479732610623053,0.5411270530853517,0.32877920392384485,0.4972410985529211,0.30553501511864084,0.3933396571861008,0.36988355257115935,0.4880041204406485,0.2731984374401719,0.302440203337219,0.29897354335922155,0.38646426909780757,0.40944378993958624,0.4324373956811843,0.33457968711590624,0.36604326850952257,0.25356222802975303,0.24593273534239313,0.22785095196973543,0.1886146744348157,0.4226339173077121,0.36357073484460284,0.25157089930995674,0.29310033949885844,0.18306366647272537,0.44055246580240986,0.5227121897141744,0.5416931215636105,0.5831582311936657,0.5186057509807374,0.5344962358407551,0.46699574564334106,0.6246194487571529,0.5163536364800664,0.7070031784534749,0.5074591763788895,0.6020593346465638,0.537354966348805,0.6433179896031783,0.6664222416582328,0.5003644005613355,0.48669117166423886,0.43097303096406653,0.7533777579231513,0.584610292966287,0.5965838552731044,0.5760828701414813,0.5446581964842403,0.4655170078593137,0.5960129893073671,0.42810907343372384,0.24866927344827186,0.40121020663253404,0.5095005278467372,0.45048523212162667,0.5086680124016519,0.6007289794078039,0.41688298487428455,0.43777436610105847,0.37011521081400894,0.3615422321183839,0.35940643051052085,0.5178480950661798,0.3087131018687517,0.24945389887395283,0.22309820123897542,0.24360785099214485,0.25622008348356956,0.2295175512584433,0.3123524619218797,0.3254006878482249,0.2524718015377029,0.30644685163792645,0.330082521061241,0.2311918397897549,0.32626924918999395,0.2882225143469496,0.2728949915812348,0.3032013090181601,0.28506048024700187,0.27847697859876164,0.30484745792291784,0.3099242523502244,0.31067579732292794,0.28799796304174546
separable_2_seed_9,0.6601052555564735,0.6427758780278378,0.6572061729917182,0.45664618583419814,0.6410531530459909,0.4672483551391713,0.5350681173564602,0.5346129251800394,0.702702536306206,0.7853449570397195,0.4733181899691665,0.5749124606177407,0.6493798491011455,0.5834573789210097,0.6491454146954561,0.5700793053889621,0.567360506877774,0.5125484118491104,0.6018644957715605,1.0,0.6876489982798532,0.6228332289208725,0.5376082364918483,0.5568801085486184,0.5367738576964014,0.6285651141109572,0.6254266021427636,0.5311932576064937,0.7793032110577072,0.5820673592211792,0.5593894953161352,0.4770751647753041,0.43485022268957435,0.5916945296775551,0.4648329274215286,0.672844793592041,0.45536153524924944,0.5271500305864233,0.6252250987697011,0.775787573798444,0.49097004268586714,0.35796019373183235,0.7118536685979607,0.5860447016742192,0.662586225172634,0.5170384781987075,0.5256737023034393,0.5039862254024763,0.30011908529684544,0.32176575873822966,0.370342565971667,0.6081854297053095,0.34876704387724994,0.5408078596860213,0.359126649814622,0.39539836467582545,0.4732591299600843,0.42053859101892144,0.1774923579692968,0.19808146978960592,0.22172342980703622,0.4396717902813486,0.3481957769858081,0.19434756822519034,0.36095296750661554,0.2514342351110237,0.4277274535914226,0.33303248982752554,0.37440117743512635,0.39557212257742375,0.34181598010905406,0.3151157342643467,0.241059368157288,0.35489687270330555,0.31783486389838383,0.4305965189760039,0.34131025404258997,0.3138636954870348,0.36860048758482306,0.29641982024946095,0.2560849996840919,0.23372862255193919,0.20370933878068795,0.37935018440219365,0.3335397793057639,0.298814851901505,0.2636426531734816,0.17402467106711345,0.5943720825046592,0.459202932398839,0.6970293675641346,0.8536572748463818,0.5267311121604512,0.6593623946630625,0.5671285388330235,0.5940467733244162,0.49970425913677335,0.49371228574547327,0.6471770249478657,0.45126693746164165,0.47981504114937834,0.4748392869020895,0.48710451039044844,0.5986882935547224,0.5643157803506937,0.45263822853379726,0.5317095618102521,0.5475179915834313,0.5365789100365504,0.5943185282642114,0.41631176177687457,0.3122721910117733,0.6136671531493803,0.4414960267805611,0.2262027177510172,0.5241748243476305,0.48502659455347463,0.3817965699911622,0.5090049756735898,0.3727534173320089,0.47853765407838095,0.4096904460348413,0.41513909703765645,0.261399044799847,0.44075753350759345,0.5363390236852389,0.481339097684791,0.24777313548548002,0.4371112568246073,0.40284683059657295,0.4073338374864217,0.4696411532865736,0.3648861693254413,0.508675371314717,0.4488587139794804,0.3792007355573722,0.387728984638224,0.3050916598967761,0.5624091424135123,0.4225834367834177,0.44592622620443323,0.4125489828585394,0.3979119671483043,0.48709805376643567,0.4630661104771592,0.45907732114070354,0.48456843949867295,0.5073837275118822
separable_3_seed_0,0.7774761501069344,0.7499223410291166,0.5958489416181546,0.4961706445262368,0.7957002845341158,0.39685196399336076,0.5269469848169382,0.5821135944251606,0.5351430282595848,0.7161260926590873,0.45820347486943197,0.661292537221505,0.5931415999562878,0.5208078995037565,0.7032404781418036,0.5680856028701758,0.541016711492101,0.34470029221308435,0.6068912640674475,0.6876489982798532,1.0000000000000002,0.7634673623863925,0.5840464891097141,0.7344085565410282,0.48927722752247926,0.6627628471538896,0.591576882059722,0.6096998608143708,0.6307102088850427,0.5459966337505598,0.7405175619328593,0.663311231571068,0.37749935796965883,0.6990367440174703,0.6760721920412333,0.8448012488989114,0.5472293076450897,0.6019622937344025,0.7958019309366872,0.6989837588596175,0.5731180831993246,0.5723980936762033,0.6664034498867893,0.7213443706992373,0.7020983180628151,0.46802440586800464,0.679281768773847,0.6990938271027131,0.42191546698427596,0.3147386900978268,0.2995013008018298,0.5407888305354028,0.42451576708169264,0.46055622364782844,0.22077691587698595,0.5300029845819494,0.47405687070463964,0.45802692045148474,0.22135334561285877,0.24447519007717894,0.21374148983637925,0.5198590846567268,0.29136325627743015,0.28533298725347267,0.33343451365124843,0.1790215646213256,0.5510412235151363,0.33926316600208095,0.32766125726637896,0.3463372051360759,0.36324471526282026,0.4718974014862433,0.2852910543576784,0.4256201405303394,0.23411800316547898,0.34570858893881623,0.32351549569101684,0.29578874073103184,0.34158606403075636,0.40382103588004226,0.26164415725333284,0.17526081906013433,0.216362635800626,0.5108015059224922,0.38024983934563006,0.20756467058489778,0.3709158914563672,0.1702341832668502,0.8353448234189673,0.5910645422829873,0.8225481170837127,0.7496460524276429,0.4200805159622555,0.5446046549053964,0.6433552522422024,0.6881551377039827,0.5290525045376068,0.5241260898263352,0.6910494648591953,0.5114795918849682,0.6165601174919831,0.5688019609134367,0.38686938241947405,0.42619505891676857,0.4789361820768779,0.686385863725615,0.5851172047333754,0.6539762299021844,0.5041240148255122,0.5600134053734593,0.51948188941078,0.25595607627993455,0.7288897962732455,0.5918376422752155,0.27420905114017813,0.733260626087356,0.4847207273848949,0.3285804125475846,0.5918835256285832,0.3285467138283298,0.6694679521052851,0.4648165130344701,0.2681930426474461,0.3677535171343965,0.3921094122501138,0.44461984466774457,0.49868486587766836,0.2448343428152204,0.6508390416862263,0.7135444151516724,0.6657512542879092,0.6891819096082628,0.6811284288451787,0.7495777529348807,0.6909931166358447,0.5841678027365228,0.5474151022319989,0.4894094192789174,0.775009270922183,0.7443860758491925,0.7588530959060753,0.7295950880611374,0.6973584047266967,0.7828798236815069,0.7875731673705677,0.7680726153096041,0.7761276653034447,0.7733638287660825
separable_3_seed_1,0.5111922782112047,0.5517630719796582,0.5896323206122038,0.5633547366475646,0.7798530999541324,0.22414085039077428,0.3706651248300831,0.35229966656473166,0.3662408979662942,0.638440302688952,0.5823027179354503,0.8360046784519022,0.6882723551296593,0.5801085337156386,0.6938220503423775,0.4473835971763332,0.5613994414493031,0.4752935456903437,0.6035501956734867,0.6228332289208725,0.7634673623863922,1.0000000000000002,0.6915656634097102,0.7423685321557515,0.5808911939164998,0.6436558755756885,0.6316335667205787,0.7096855914717247,0.6678006355213395,0.6006600721057664,0.6396823030440627,0.6160442500620597,0.5120469107609316,0.7705557431562959,0.5658448534201632,0.7060021883948918,0.5123835253916434,0.5634138424890575,0.8269944677224988,0.6971024659465275,0.6492018549599874,0.5302206633822241,0.5776878175871044,0.7568555583132797,0.5256227245642598,0.4761547766210847,0.6558490719356166,0.6485181693572322,0.29845424089099754,0.3493935854774388,0.13543569850403533,0.5233885515539648,0.27654787587203866,0.5093276984002202,0.12008517504992436,0.34679143532289836,0.3023767273519091,0.31331471946617884,0.2765712443245204,0.21828582489498632,0.1297392664210534,0.36069518674625756,0.1993154146931386,0.26716453079366337,0.3392637062369445,0.20759264876971295,0.4757033372989848,0.30402245605301936,0.2812404633341337,0.4101229350082956,0.16524627183280274,0.4005164995055312,0.1932450905556365,0.3235208379855678,0.30514922596687666,0.2938456118466103,0.3287170189334314,0.3600204969143949,0.30044153636205656,0.35816560431442146,0.34374241556794644,0.2553849089985822,0.17702112993142358,0.446365791004983,0.45533450154438787,0.2704582700761023,0.3368516888241174,0.13193090985278108,0.6727621100895419,0.45991125275679634,0.5905331640999184,0.6690533874560548,0.24059472963849282,0.36071715897137047,0.4749260280243326,0.5090839937352645,0.4385171579821006,0.4546709416658988,0.5237261811634294,0.5125927735311246,0.5691906170002132,0.5560476293269798,0.30682252114588965,0.46066736485771503,0.360855970032802,0.5374365720377451,0.5745655202199337,0.5093170495397125,0.42763366013412873,0.5170995883895021,0.5328939497043134,0.3265932146302129,0.6176872515536226,0.6920623992021919,0.3224673311342689,0.655298496338346,0.4821557018778627,0.4429509839141198,0.6318881479444537,0.25517456541788147,0.5862109341696868,0.52279228158965,0.2530729532310975,0.4719465974029715,0.29867398984206256,0.5994005686752397,0.4410806689932952,0.291438967921547,0.5061756551625767,0.5401033793807244,0.49887869418894043,0.5214013087787019,0.4898122854177569,0.5370140754004016,0.5259179739490566,0.41884222943037386,0.3427768703744398,0.36429767442213584,0.5711647978610432,0.5528324474019558,0.5750000181620809,0.5384040406103446,0.5195942169100889,0.5848480035076378,0.5895625434310657,0.5763384169033416,0.5795530395166479,0.5725653204851202
separable_3_seed_2,0.5651770781056907,0.5624385272146618,0.5602647771025953,0.6647161875015465,0.718193816549994,0.37428559498690833,0.5492088234268483,0.39698341036613943,0.43160086218003063,0.6537236496492702,0.7148825940451211,0.7016571579348237,0.7146715834808243,0.5389905978442139,0.7524841610339708,0.3972388740983991,0.6819508425290763,0.44232077174363915,0.593200580362184,0.5376082364918484,0.5840464891097141,0.69156566340971,1.0000000000000004,0.5239296962688728,0.597272637092994,0.5553570081323556,0.6502995058782048,0.4685542858078266,0.5683348461336305,0.6866975060633903,0.520763634479516,0.49752741249388777,0.459072926765236,0.6275327921648092,0.4593928406365477,0.588804118303801,0.3364118158672283,0.3513803261865216,0.6453271612025395,0.5212257056990608,0.4761625589484012,0.3296297394277912,0.47810297892281206,0.4929183169351573,0.4098793788606057,0.44464670511602605,0.42209296053672574,0.496355672597595,0.19547794856578962,0.3918034091353134,0.232377102759115,0.4751360068251121,0.4129426176170138,0.5476651744714973,0.26608208578669273,0.2755867655371161,0.4763965507059126,0.32407147767727773,0.26886316315017966,0.3976018531736102,0.21035323761621252,0.3116836846099064,0.2797348735451752,0.2516001831925545,0.454067186020032,0.3137043422789463,0.3724064551227146,0.3367754503342605,0.41385509735794446,0.4154520908673579,0.3431501824360098,0.22472986332547837,0.26419840218380203,0.3333754441791744,0.40677025421150087,0.3409870941905894,0.30447729284721087,0.3688417267366559,0.3813220106105051,0.2487660100171547,0.3214258602922692,0.2950630916351763,0.21030222606347312,0.33486802526647247,0.43156940514178804,0.33415828452620916,0.28758914323891177,0.19754062436168626,0.39742028674022195,0.5139012834029095,0.4904378136365617,0.5425334100652563,0.33964521507118006,0.3585729350125862,0.38184116279681984,0.5166703031098256,0.42749055907127953,0.568563475289918,0.5054581773156309,0.5160301567482901,0.3264231347291167,0.642743005211394,0.4680737975594556,0.512587676054892,0.4291015298497335,0.45613020665033976,0.4577885954988982,0.4596729843048189,0.5375593353512098,0.534863772658325,0.5952393670923211,0.28822421704056544,0.5133474162859463,0.5411897036891242,0.4214052427942532,0.5269718035808514,0.2877450010044135,0.3852107433487473,0.6475228396274825,0.35906005623871184,0.4778107159847256,0.5933686557549469,0.30925780917805556,0.49493505853801983,0.2602538704499067,0.6804767523205149,0.38864969957562273,0.39202303869747146,0.23226216414260134,0.23633032368431764,0.27131309362993933,0.2957943031856566,0.24597367341429197,0.3053078041172463,0.26756386951523015,0.2532258634923502,0.2853356134512998,0.20511091415462857,0.33627220718211326,0.26038682034253885,0.2680768060357689,0.25554826628576915,0.26590748475523773,0.3118161208812004,0.281873387906534,0.274774807739129,0.28963501707107236,0.3139369059195262
separable_3_seed_3,0.4915058731637431,0.4535784543018103,0.5426608208975028,0.49379202685278306,0.7299759235463289,0.17768206615955098,0.2642707018811615,0.31154872228417785,0.39838843485844916,0.4977213314837441,0.4185334470360339,0.7718299388836212,0.59650007755927,0.4865633255080916,0.5715852448582015,0.452409316866726,0.4131200077545497,0.465113895408626,0.518168803247495,0.5568801085486184,0.7344085565410282,0.7423685321557516,0.5239296962688728,1.0000000000000004,0.5982587680624143,0.5048944299518573,0.5704224132022866,0.6742177500403187,0.5193083712418524,0.42755151929824203,0.6518802717715257,0.6265781745339535,0.4030584804871259,0.7850222404839166,0.6890869216497746,0.719539274813034,0.6134687927752751,0.6113787081740596,0.7142449005213246,0.73183151230863,0.6363685483371277,0.49758630646496815,0.5789771955067259,0.7253563120033201,0.5258586046083864,0.47688366482843525,0.6381297130553409,0.7183762106985442,0.2977659466628178,0.33214263033604724,0.10260264573601921,0.4599929960679205,0.20482612881591494,0.3750738425580895,0.11088406929534972,0.3735714875893198,0.216392459436714,0.32045290984421887,0.3667352819731525,0.16654622261250082,0.12410984508220914,0.38879299427815767,0.12013867178308875,0.31619818591595705,0.35083479337871676,0.1717807432865162,0.4160388181012033,0.28515091541733895,0.2992094521205021,0.27606095086945887,0.15277695171216188,0.45235317965554545,0.1658215068898402,0.3769586027645661,0.25982504572017173,0.28882490756457135,0.2405434330178276,0.23233349448810092,0.2767987539506543,0.3500353598451021,0.20265466517835903,0.20818545525549179,0.17209454645040015,0.4330399023399682,0.39126006015202847,0.17641403317666818,0.2790792375222526,0.12606671577939804,0.7184040668267913,0.38935396129622646,0.6162549403137374,0.6720384086154465,0.2580953811599468,0.3439758064538848,0.47635113730520223,0.47002059072875557,0.3703572993273029,0.41118859823834625,0.5228580004629729,0.434992310977765,0.6263020641226226,0.44039644160866814,0.269195224342731,0.34640628585486366,0.29745407599155704,0.5985647924245826,0.503432110985724,0.5427722180587186,0.3387440307618174,0.42124986427930744,0.4599524462269869,0.2861466755343671,0.6092676266282808,0.5150947418472536,0.2138719884700045,0.5984725310391296,0.5043704497441184,0.38085122230593804,0.5703192006920494,0.25490555976332724,0.6137347338182356,0.3929853293131918,0.24427217586868966,0.3823921180210946,0.31149105611276695,0.4385478446016076,0.38490218180682023,0.20289285348872693,0.5857554375581011,0.6362320512137635,0.5849761681794781,0.584499530482295,0.5676817873769167,0.6151092493053111,0.6148138551308897,0.47635054341178035,0.3920352835441425,0.4257875627065621,0.6416047753087911,0.6449762672344758,0.6762426760012947,0.627771818463368,0.6042173693093643,0.6739266844234169,0.6853349401068128,0.6643833124708705,0.6641091041638578,0.6594853836802711
separable_3_seed_4,0.4668308005748738,0.3802617877601915,0.6536815980084859,0.5656795183983396,0.6690483775016368,0.33730693722433275,0.41843031335291053,0.21081298799299314,0.3651002883751796,0.48702303089905763,0.6222959093104837,0.643900323156279,0.7306823965513662,0.5216277044184223,0.7072255480114301,0.38463369033785155,0.6687207766517883,0.5144515513737018,0.5383356119251596,0.5367738576964015,0.48927722752247926,0.5808911939164999,0.5972726370929939,0.5982587680624143,1.0000000000000002,0.484201203125393,0.6086320597258136,0.5256559191188616,0.47566781292885013,0.5024247706126135,0.49686377281718175,0.37366090989546236,0.38672147158677944,0.6331457822030032,0.43999354125898454,0.647513218847227,0.4177736288407327,0.3806773893466962,0.6126829784281852,0.6097003594870698,0.542274570036253,0.3417174486866928,0.5300687415182135,0.5270619960880663,0.35841313469972164,0.3371538275564566,0.4932664287452372,0.4781010651867083,0.20588522675692295,0.47676642790586216,0.08246022945930898,0.5033629434480174,0.2582783093303586,0.5880440922392369,0.20064544034722914,0.2112865976766344,0.32132713489192305,0.22330520754033412,0.3756309048439248,0.29391129434817453,0.12073259942701202,0.24509013135329524,0.16211896699217931,0.31076588478943357,0.4918817369074666,0.24885396183870526,0.3325050946362566,0.46567160901302074,0.4856559968843233,0.3650040418628687,0.1923425571041432,0.28881086590845284,0.17619898694134464,0.29894713773241427,0.44582686088690743,0.3591844114388422,0.23881172385686383,0.3666343519877818,0.33352110379318145,0.2424667924679329,0.25571997633360233,0.26016420677635294,0.23719407434903422,0.3688850431021974,0.43357586366508244,0.26448339287852557,0.2206324008354259,0.1652508784983118,0.4944727528026073,0.4997904835702374,0.43848948332159804,0.611691347851333,0.28825451684849734,0.19675611240859125,0.4303099867182011,0.37315645129828656,0.3317897998107141,0.5548848598347432,0.43386539607939945,0.4554792888695794,0.4381569663265518,0.5171757676968789,0.4082629565235141,0.3730103728363948,0.27393951872933,0.44993645620787726,0.3821910076530901,0.39482955125853525,0.5031779284322822,0.3543281098566667,0.5503362964109513,0.3004277764711893,0.4874420984819088,0.46803602308011766,0.3884410680522923,0.38772351977858577,0.4244292167974413,0.5571839489646513,0.663769282500137,0.3193957566373681,0.40096746114000714,0.48580145951347853,0.3089501327359186,0.41323738092854584,0.32849505439786747,0.5178165191587889,0.41566311938850775,0.3259752006117877,0.28384446694580334,0.2951943177944171,0.33938849320954473,0.27196409124549203,0.3071888700904776,0.2985382198045985,0.32149239031079496,0.2931862385216221,0.23248832243218126,0.2831726506828988,0.330789018387167,0.3129343786964772,0.34112062483613076,0.31610238170702126,0.3373466152770571,0.32828321309619035,0.33424370305852696,0.3410894792727618,0.3281524232482423,0.31961097584518167
separable_3_seed_5,0.6350812124885824,0.6424656313480861,0.6137601727383943,0.6136803790959693,0.6562620921075366,0.4210781111997459,0.5052460928135476,0.5787619096879165,0.5224363532235736,0.718856863696443,0.6487167489796496,0.5717680161074208,0.5905109168984136,0.5411687981753567,0.6456533993527526,0.6701319513202233,0.5789256959997967,0.5770332845105354,0.5008311885463934,0.6285651141109572,0.6627628471538896,0.6436558755756885,0.5553570081323556,0.5048944299518573,0.484201203125393,1.0000000000000002,0.47601833516570197,0.5049943405105519,0.7071494644745092,0.4782613285520023,0.643523440988357,0.4573795553780849,0.6124715240987773,0.5378516454521661,0.5421021572829708,0.709991367372873,0.4028693241614881,0.44449177519057903,0.7052606027230337,0.628210057357591,0.4036255893042772,0.34774791019413775,0.5693171312214638,0.5559119851654374,0.5675473456531707,0.4727112109254214,0.4323024496636058,0.37285653979872285,0.3512649278297642,0.41234406407036667,0.2920225873299185,0.42177943908453547,0.5209528170702057,0.5108134037250288,0.24707546024896396,0.3224856434424633,0.5231708027646048,0.3410265305947582,0.3491963568675059,0.27167088743927204,0.21246971915249235,0.3728792741815391,0.36841613089482705,0.3127560474210233,0.3788772798144869,0.18010244539204337,0.5741647543405944,0.4123605160684554,0.38063612796748236,0.3726916998942354,0.38026591254943093,0.36398293261936837,0.2811021247443191,0.2993781989113963,0.29369879187845366,0.2867446733594955,0.4203463360417651,0.3663475960274908,0.3849800250300341,0.3030117807779936,0.3340654594033357,0.2336262735761522,0.2472765038804505,0.47273505364893886,0.3829079625024784,0.26394485878178514,0.2806322965227448,0.15533239098941404,0.5389933822757119,0.6181311449674793,0.691377497499613,0.623744798512918,0.3280269651741648,0.5382810927022931,0.4882884457045714,0.6647992979518339,0.6607570010656568,0.4233514972813482,0.5939274358232525,0.6019492365791201,0.5111085134694934,0.5610351998094598,0.21181170221748155,0.5566304309223433,0.4974900434626934,0.5026500400679633,0.5615957034475447,0.5964735328188043,0.6634216113396367,0.6409897495239015,0.47974528483771167,0.3762192345099303,0.5434886004409691,0.49837981040899165,0.43233607330216123,0.5883019223913547,0.45910043072173706,0.4650675123610931,0.6240156552620781,0.3737787552699174,0.5164871678518819,0.5516146769137783,0.36831372184796213,0.3765014439733176,0.32820273975812475,0.4755041260578297,0.5568538994982127,0.3572487043284371,0.34081463614794366,0.34039580713187756,0.44311554479455784,0.3990230482439222,0.38904912669202973,0.44687415714579576,0.42554324579994385,0.41977733848807464,0.3971979301999565,0.3709826258422777,0.483260070623094,0.3969794168219126,0.4151082247815868,0.40035764013630726,0.40664979888964564,0.44842556134647743,0.4191443410504392,0.41747046907611673,0.4319104278897771,0.45448725010859364
separable_3_seed_6,0.5387055300816938,0.45126976591513585,0.6983147364608143,0.4503803945316682,0.5996469547195519,0.48137580179190387,0.5297935728572308,0.17989470996311632,0.4357100404027208,0.48465278319819577,0.46056522540417205,0.6438966701344347,0.7090274634139418,0.6148345584888257,0.7026688687174177,0.23917913888273443,0.7137834140747249,0.4741967834104923,0.6439377973960493,0.6254266021427636,0.591576882059722,0.6316335667205787,0.650299505878205,0.5704224132022866,0.6086320597258136,0.47601833516570186,0.9999999999999999,0.584052425490707,0.6789285435255855,0.5700137770503665,0.46795553071233564,0.478539684386406,0.49791063520559753,0.6629910507283084,0.41562718161282725,0.5807864954076302,0.5063160418760712,0.4795562526689184,0.7003938977135769,0.5734898295258665,0.5193809742561436,0.3613558228996383,0.6672199489768454,0.5874660978889158,0.3468192843453449,0.5141204993404825,0.40985238426400655,0.548172132689441,0.25371215242805195,0.3594020316015938,0.20610799949277897,0.6306047942661647,0.20088708091761706,0.5977841287066329,0.2003960598911704,0.30386520192076455,0.2905752470427799,0.2941177923540524,0.19540333531617535,0.28185219864346495,0.12080405973647637,0.2899895465524095,0.27142152400400155,0.20114433782018393,0.3260027538914373,0.3518036442719904,0.22677216529652733,0.2889050749910432,0.4077678355780805,0.47828657081149917,0.18811014123089814,0.26987462686436675,0.1429315372270689,0.3452188529087842,0.34551761677812937,0.4159528083541558,0.35797851496299765,0.3378524083189251,0.30488532012046626,0.27682456137318046,0.2669094968559463,0.1964414265755217,0.18601330081829748,0.28353451442339617,0.3119776778070209,0.28235540256258107,0.23290944069207445,0.16886531500815535,0.5403592473347257,0.45763600695289414,0.44903034516672047,0.6699328692176302,0.4118365220999924,0.25638913110545386,0.3929379988112718,0.32771132795025026,0.23027745835510316,0.6171446136087191,0.3761451266348206,0.287107229247638,0.38041784291757275,0.4446520084875644,0.6257962651222562,0.3360958291758889,0.330544945718507,0.4386243676797167,0.4127835610633285,0.3593517528891914,0.46116040095943645,0.2740915620117622,0.49938432101041474,0.20732596302544676,0.5160727921247081,0.4216177795925247,0.22014086330943095,0.3818603692404503,0.3464162118994519,0.38702981231770706,0.5132974406651191,0.34213689988147605,0.3862162283449581,0.5016612785373145,0.22128566872276542,0.2947793431836862,0.33913655267301374,0.532170208048146,0.3387931580060314,0.18445547987020885,0.3453624658291134,0.371406357904806,0.3310606241911761,0.340647313917206,0.33403806381042256,0.3580782773042225,0.3523735820349317,0.2753046432935682,0.2544101306044597,0.24292198455118036,0.3810184536772085,0.3737990487069922,0.38889941719357374,0.36529736218043335,0.346405330113338,0.38775755322273653,0.39828410967505823,0.3935994661860478,0.38405529042015335,0.37964939521229957
separable_3_seed_7,0.4849035743630787,0.4340103860160581,0.5167195469296548,0.5076388893499787,0.6636365189910048,0.3479255557882986,0.3617346525064709,0.23691818540121481,0.3505843237687221,0.4382466684194841,0.4530965442406861,0.5812597244134098,0.5914620813626394,0.5583789877268709,0.6101845637167734,0.3192309999196156,0.5495375068123142,0.47969325187069634,0.6083017797512172,0.5311932576064936,0.6096998608143707,0.7096855914717247,0.46855428580782665,0.6742177500403187,0.5256559191188614,0.5049943405105519,0.5840524254907071,1.0,0.5328183950900808,0.5954195799402453,0.5307010668873716,0.5175614072039654,0.4454788375828273,0.6477385067551966,0.4983613149859166,0.6400992245066481,0.5704706250942965,0.5481845451572991,0.6713589830831138,0.6043585849036348,0.5163029638046553,0.48180655236027203,0.591317027370006,0.7539286904660125,0.38743761607289146,0.3822684466590945,0.6284170411548965,0.6266090455960993,0.3178653368353246,0.30559999511580704,0.16858917563128098,0.46856033912476824,0.22642556331617286,0.45604463011555946,0.19860056118766417,0.304277752001275,0.28952293985755034,0.35352388959140524,0.2873959249998563,0.14303925131556963,0.11774036548980862,0.3101686944246141,0.29176178728563307,0.26070548658925474,0.3417349471201309,0.2948381041956319,0.3420761529977295,0.30172743186201434,0.3260470681786496,0.33424509114365725,0.2225459045536369,0.39647623400449433,0.15328233703510608,0.30830075079608255,0.3035613803472632,0.3816493745117627,0.37240420754532,0.23615686998508184,0.24570409719932323,0.30123118901009255,0.23305608861548827,0.2370020126294654,0.1698039458521865,0.36161192903545913,0.3452140246505462,0.21396828270298263,0.2710534815993814,0.12097840848412987,0.633891372952147,0.3925402794744904,0.48244743392764905,0.5597375218917972,0.2941045000885285,0.2423440241141316,0.45742676778134334,0.3844390301156666,0.28335499696814315,0.48367658950756315,0.4310247706168381,0.3793869686179038,0.4798807195978797,0.3882229018085158,0.41661448886527946,0.31526946576570286,0.28297173660924685,0.4650217509148427,0.46455124980601603,0.45648318015508643,0.3776605215635147,0.3605837049936381,0.43828974332050913,0.42583709989601487,0.6270179393849674,0.40704838115259145,0.21038755179182245,0.43572812531775185,0.44653549135695714,0.3625014531861035,0.4680296472299669,0.35954944208064876,0.4773767726339469,0.4522003624890268,0.21914024926886339,0.39469202697206834,0.3286417492881099,0.4839107253592933,0.3422746729595809,0.22479756639961693,0.4512424731608925,0.4830079629454503,0.44345757771738886,0.4222505391902153,0.45276452488036856,0.455542207085836,0.46239139786978906,0.38253402259214014,0.30087355289550943,0.3405923325750559,0.4809667585478428,0.497338556580667,0.515920475577892,0.490310969256177,0.4749128396863987,0.497247500961181,0.5257023767503892,0.5239748876806315,0.5150889084076091,0.4805661740256528
separable_3_seed_8,0.5258343717911496,0.5403333900283568,0.6547124143561353,0.4752203930211567,0.5935403538949856,0.41182613145855346,0.43302068290332846,0.38464203458304946,0.5045753837983563,0.7076115682489004,0.4484889734955129,0.6081534923523334,0.6162884135370273,0.5829498438808075,0.6348745627777745,0.5707288837283198,0.5502057852788766,0.5699407760689604,0.535432194771731,0.7793032110577072,0.6307102088850427,0.6678006355213396,0.5683348461336305,0.5193083712418523,0.47566781292885013,0.7071494644745092,0.6789285435255853,0.5328183950900808,1.0000000000000002,0.5410898476640045,0.5893904095618755,0.5070234846119495,0.6562451771114632,0.5639946904911639,0.4757335761070144,0.5686954191610581,0.491843801322474,0.5144064766869433,0.6970514324563566,0.7233869266198925,0.48550192233898243,0.42256042838888225,0.6457822889181464,0.5710724168375105,0.5200247461037111,0.5699012552072485,0.44700183075803696,0.4451679904307137,0.2982923667323554,0.30608079038924846,0.2804356310925872,0.6015989604108964,0.2802568171877124,0.5113659916086785,0.20673467263410295,0.31725458114077276,0.3117146286831759,0.3394797449328551,0.12692204224204212,0.17947657858028293,0.16440191034960597,0.3574205617492446,0.3085358953492399,0.17826133441120373,0.2246199755025865,0.20184558806732658,0.37232254090657946,0.2381530573935545,0.3219065307651301,0.4234342326472769,0.25428956284280674,0.2974971482143045,0.1571986442992424,0.3006693718004673,0.247367085315625,0.3652974573902731,0.37019254580430455,0.32846013114932293,0.329666605254197,0.3029085335341885,0.25264802564784156,0.15913702510843558,0.16710538528683497,0.3415247125778168,0.29395850231417425,0.254388625028641,0.2780178995333053,0.1506581145481092,0.5276366132713325,0.47987853515428497,0.589455662737246,0.7277156065974603,0.3823172379490452,0.47683055334117,0.39863642393552084,0.45113865043245893,0.41403132461570674,0.36189182230805617,0.517848706862638,0.3715266257206024,0.42451691213288184,0.3640262023540205,0.379113714851395,0.5123786761774299,0.42269326588685385,0.400622046825331,0.430118416022372,0.4300203330459465,0.47763459818140513,0.4872277381753517,0.41322744043379706,0.26907374618280405,0.6149679931742945,0.4499470032946631,0.2082258417842921,0.4697082771435416,0.3475299837503646,0.3324143003852309,0.4768507450398148,0.32302585574958026,0.4738080069336896,0.4816525397036086,0.35202805721812686,0.30878978899424475,0.36618601707236137,0.4821260158540413,0.3691687805250466,0.2548653718234883,0.404475957626312,0.38075553088337616,0.37749345632124953,0.438038060188687,0.32990964614413903,0.4428195462997447,0.4206892607930531,0.32348192421505545,0.29733250085020757,0.2650887337120069,0.4772649575468852,0.4008677716894733,0.42322768747386386,0.3836548545682199,0.3558923856616372,0.4586324216331543,0.4283995635926148,0.4113364963538234,0.4427852239859451,0.4673865238147752
separable_3_seed_9,0.5207651144468701,0.4589938348178962,0.49814576405019906,0.583910782376641,0.6408523815445567,0.34693124227424704,0.5263979195808736,0.33101518111359063,0.3704616065779004,0.5371138350583842,0.6924107262889339,0.5376517537907899,0.5803951236187388,0.5487253874465428,0.6750781296196584,0.30654885798415926,0.6656499922634217,0.41564246011622924,0.6120172629782902,0.5820673592211794,0.5459966337505598,0.6006600721057664,0.6866975060633903,0.427551519298242,0.5024247706126135,0.4782613285520023,0.5700137770503665,0.5954195799402453,0.5410898476640045,1.0000000000000002,0.5409642236243466,0.39029211299753325,0.3944095097201583,0.5946886135556902,0.39714838815615383,0.5493918704368429,0.43877662180214794,0.4241549996131735,0.5350059072865203,0.5290084631681143,0.3953727991891118,0.28365954602100385,0.5406257418308682,0.5367064804216806,0.41210672688696337,0.4397184998764278,0.4569486163623026,0.4488949873404242,0.2179665604801874,0.30870316648899787,0.21981078057024406,0.5071644955136241,0.27580557453204807,0.5250108328616065,0.24206467147862323,0.265741639107495,0.4345991253611389,0.29314381944546647,0.1525844769495705,0.22091178980528245,0.1430787456991397,0.2620048341932492,0.31180798959008715,0.16421662302336573,0.3331316884001191,0.2364076590938843,0.32224693939002974,0.31755101835066424,0.3485595304780677,0.40085223191617253,0.27710085156076036,0.23709360988958625,0.17790277070786462,0.24801508154004145,0.3482633272031526,0.3602195022189068,0.34959182703857694,0.2982787762966846,0.28711440403694094,0.2338798722184984,0.24513376762950712,0.18339499351343796,0.16597900963010487,0.32200452326846646,0.3419265030871533,0.25161768782173466,0.23964735195162867,0.14252372671761554,0.47303801040152554,0.39820486431251517,0.4429348401294847,0.5708099597614129,0.33165454746852746,0.31516387828452835,0.4137020665094802,0.3965250029370058,0.3316492395223315,0.48882108873759467,0.4954331605047158,0.37897954734066236,0.3379296900504923,0.3903849456211165,0.5080992823250071,0.3577629665277881,0.382694626121649,0.3107803850182372,0.413765340995375,0.4155244402267452,0.4639220992535337,0.5032122891507315,0.5346019438629472,0.3284524095845471,0.5429656607795857,0.3707662540731949,0.22869387336608718,0.3428548366723519,0.3457566483934662,0.32027173036372497,0.4956576211335766,0.30627211584364833,0.34627312159979073,0.44798145468351314,0.26158021809732723,0.29053989897271965,0.2669606029506253,0.7166605512491561,0.33364940003867005,0.37750271883680847,0.28518010164687224,0.28896963652375374,0.2818214228961688,0.32294499657383746,0.2725501435048395,0.32161613680918705,0.29546644422760704,0.25840325576420853,0.22910737122854,0.2127252817137674,0.35703305152159615,0.30161580972579605,0.3093504922528816,0.2930154269554308,0.2971733789494564,0.3338219922922632,0.32422468849107655,0.32934583059515493,0.3390003401086426,0.33134780030599226
separable_4_seed_0,0.5627645535069493,0.503653266804935,0.46955034008356084,0.6066166431823107,0.7571791382175815,0.24266421302468658,0.2961535390680385,0.3811864420125978,0.405387275821039,0.4981892486959224,0.5608797960146423,0.6692490864200328,0.5839279819259227,0.3518860393736397,0.6739199403056215,0.6277676692431874,0.46636296259283405,0.37950662758755355,0.39664391617459044,0.5593894953161352,0.7405175619328593,0.6396823030440627,0.520763634479516,0.6518802717715256,0.49686377281718175,0.6435234409883569,0.46795553071233564,0.5307010668873717,0.5893904095618756,0.5409642236243466,1.0,0.6804695667045656,0.4370195359323202,0.5577896303682354,0.7826214181460956,0.7347471347987008,0.5256692249745275,0.5662615857310856,0.7099606767096956,0.6581897581847285,0.4592078461399551,0.5035113487857766,0.5253839059348784,0.6076932031437976,0.5551539243204896,0.48730720107976483,0.6144427843602108,0.6213612691952358,0.3592177638977249,0.30936613212384284,0.1259693912759687,0.37621362754449633,0.28752114752856095,0.28871115503622863,0.20339878259103011,0.3875909396458599,0.2868561226541278,0.311685815525394,0.27479475974651535,0.19330960225901425,0.17074202471043318,0.3592945267079651,0.2118880830312416,0.32434466441998183,0.3422647326916046,0.15420606214980248,0.4360388754614414,0.4457251714112695,0.36950019311372084,0.2597837513886694,0.25650334423102994,0.4360061334402102,0.1703721250351572,0.35659195322084586,0.2811439904556187,0.2967112910455504,0.30621111639321125,0.25689514854321277,0.3029334415601071,0.37736550995106777,0.2895985816959977,0.20229960398540206,0.248309876646213,0.4568537861133737,0.3643764742917656,0.16007392807374937,0.30487383198088047,0.14430593772797856,0.7241270630290025,0.6182618541843237,0.6614487380551174,0.6442506741299493,0.2860059282992149,0.327512668187149,0.5779434530652424,0.5214875570343097,0.3629700552955803,0.36282996383625316,0.6289433512209955,0.3834947227803728,0.4929688473390958,0.4597128032322955,0.1975111700625041,0.3125773839319987,0.30967328290729634,0.6375602291244586,0.349541049182025,0.506840647949683,0.44964637985712924,0.445606305200936,0.5224041682685591,0.23953041439933118,0.6779679233211701,0.5155102659230182,0.3719984199661528,0.6478943215548757,0.35203190677275065,0.3722550070576669,0.5589373891634213,0.22826159726003015,0.6211227938230871,0.5250525026036226,0.21906699270532623,0.41073277075448955,0.29249320812842355,0.4170130495822512,0.5141422845736774,0.26637751454303693,0.6037107680987459,0.6293020314510369,0.6472553589080786,0.6002979624778262,0.5917028858019253,0.6302229681719131,0.6523408008640286,0.5297315382266597,0.4357731155807953,0.4867558609263813,0.6671023542300656,0.6638976459873261,0.699535730852707,0.6476779873201003,0.6321932770207132,0.7025624812462397,0.6950574624460013,0.6822197725791049,0.6876266360574398,0.6816839163038845
separable_4_seed_1,0.5094309930725492,0.4587911440904953,0.33207405121803546,0.43087799384323017,0.5959213174218005,0.21096622743047286,0.227241402378611,0.31060835370134776,0.3465859684775917,0.38702543972663866,0.2680264565585283,0.562656193274109,0.38838668845344143,0.3012800187219894,0.5636813888761099,0.4355316656471487,0.3227375913537151,0.33938167994029717,0.35348601535455704,0.4770751647753041,0.6633112315710681,0.6160442500620598,0.49752741249388766,0.6265781745339536,0.37366090989546225,0.4573795553780849,0.478539684386406,0.5175614072039655,0.5070234846119496,0.39029211299753325,0.6804695667045656,1.0000000000000002,0.44644751978532926,0.4807154723665161,0.6812274232674544,0.590436657612241,0.5810669786267209,0.6390031356970329,0.660534303020228,0.6046131759908037,0.4592707463236619,0.5680518428651051,0.44172369026153147,0.5963895912304172,0.48545124669171613,0.4924445612634523,0.6104793405690044,0.6778403207421353,0.3335979161099421,0.18957824470567064,0.15022960452888284,0.33515475671073663,0.22614752465015026,0.16309174533063117,0.20093438271193814,0.3863342651609238,0.24219382099750314,0.3309259083198574,0.20436436080260265,0.19556729678067752,0.15567177461279724,0.36747425745201817,0.18165274680621316,0.23955504958282225,0.2533979430310989,0.2363189544717292,0.3271328625518535,0.30029327150657426,0.22694158503724243,0.2156693331253832,0.21004264311178494,0.43626293869534344,0.16743029093294223,0.37192993760694626,0.1863353674097053,0.2412999950954059,0.2243157340723598,0.17440239854473835,0.22977477626498086,0.3853759529176914,0.23984486660086216,0.19008412919904769,0.19866221473223922,0.34560458645798803,0.2264246614579806,0.15822735251522926,0.3398793156508593,0.13396940006632557,0.6738935110864643,0.47215373876632116,0.5807656827918227,0.5590811341491488,0.2975162445479269,0.27839199904805406,0.5415316170967717,0.4203301568594457,0.23662834944001962,0.3013293413889664,0.5307682484907718,0.2762902339190486,0.369211738262592,0.36364074049014106,0.21958616304127565,0.2778294881674941,0.25559779241647307,0.5898083336110985,0.317271419796396,0.4298520664923313,0.30274076771797853,0.265369055929035,0.35514741134248523,0.22134930295172192,0.5959495141892932,0.4913356730330726,0.24218719213105366,0.6763890536696759,0.3178635438331973,0.23067773024456398,0.4078387907693009,0.2453993043753101,0.6044669224919473,0.41834534147164026,0.15984464192161943,0.35289114342794875,0.3229125104889818,0.22974128063516552,0.4123123185710257,0.14870742213246618,0.588378315568134,0.619596991092119,0.5920237531160049,0.5857284838879513,0.5604661161103656,0.6217234104443242,0.6166244389087279,0.4975248463096711,0.438168288532137,0.4338757014622958,0.6481818710975789,0.6404256621813279,0.6678243877690517,0.6209264055296004,0.599717421908039,0.6766034198574084,0.6743731898263847,0.6588549418846544,0.6698268865782937,0.6601877319781526
separable_4_seed_2,0.2998396672537797,0.36117702222396697,0.393850187871658,0.432858242411702,0.4167298092421863,0.3048048401349427,0.23370004518023796,0.19235774208368508,0.29483451959372203,0.37564911092457753,0.3771718934952827,0.48345847324529206,0.4184390331375817,0.5148317886122225,0.49029532734822556,0.3541992899739195,0.44224232367427796,0.7253294616451591,0.3386608915544797,0.43485022268957424,0.37749935796965894,0.5120469107609317,0.45907292676523587,0.4030584804871259,0.38672147158677944,0.612471524098777,0.4979106352055975,0.4454788375828272,0.6562451771114632,0.39440950972015826,0.43701953593232024,0.4464475197853292,1.0000000000000002,0.3557714843485952,0.43233405115791296,0.4005464119837625,0.49436594169869014,0.5842469720756913,0.5575648432573788,0.5352079506214973,0.42456633760750795,0.2897194550846994,0.5291687181584717,0.4145083683391694,0.3221990292724141,0.7109701935930459,0.37270242334768483,0.3536170058312659,0.2556244935280117,0.22142408996691917,0.1921504274108399,0.38275757041687425,0.30925868745179813,0.3098755029872096,0.13248297765338712,0.1673344751307661,0.1940552198949997,0.3175669797204092,0.31602625614962676,0.2051918207591034,0.14288915777108546,0.1715115961417516,0.2506822359030986,0.1848522260202273,0.2110280569493442,0.2042875513859523,0.28052166601336725,0.20602546474767325,0.24322626764766309,0.35547193979069874,0.1794088459291607,0.2687428642074676,0.14250035615098355,0.19016562651496835,0.20864399601254632,0.22656581775619247,0.33129740294297194,0.2753821228945525,0.19338394336259207,0.23484901177330328,0.2935211746326201,0.19501583411818216,0.15513113210963925,0.2374295452555574,0.2494487702894061,0.1847039909744414,0.26106517043888267,0.12313592378318791,0.3382976983800371,0.4613824188750934,0.31592463985892894,0.4395821923183913,0.25103434476491193,0.2269692468095579,0.3038418523397207,0.30289348288137835,0.2914086047581841,0.26770522216770365,0.2744292305968317,0.37053948373806106,0.2440015930258873,0.3153859117361292,0.2381583214408961,0.35119520950566574,0.22708893569873687,0.31294227703101174,0.28601009791030224,0.319833239898132,0.36883766438009724,0.2609938596409351,0.30300802365738616,0.4017458314496822,0.4048631774750396,0.3876858945444431,0.24926000391000808,0.39336733039877164,0.26834552431771147,0.2960522937128099,0.3604038821921162,0.3035354501144103,0.33312250325264636,0.44593946479165436,0.20541042223421277,0.39273410461433467,0.2798208548705015,0.3500675674138786,0.30585962455141347,0.1691435237960493,0.2175211896548067,0.20780236504967223,0.21453093005896076,0.22366704762887843,0.18907259048054348,0.22025336985867813,0.22443325673515407,0.19305450406053584,0.17501334460390044,0.1666708625936172,0.25304971885522565,0.21503738397561462,0.23018408153037806,0.21021981894355254,0.21247941522417207,0.2420921701366079,0.23497800575566122,0.23379613814866015,0.23730301275096494,0.2368925239461206
separable_4_seed_3,0.4820616607918375,0.4152188603337521,0.6024094606381694,0.495005530748734,0.7326721313311887,0.19745199981746153,0.41850784070927066,0.25190571471937795,0.35278543990225225,0.5536784724813834,0.56153939985339,0.7620572393175141,0.7026227673573979,0.6094986034820172,0.6356308203322173,0.3465056886636408,0.5734600737950182,0.42980418203512205,0.6133455824607577,0.5916945296775551,0.6990367440174703,0.770555743156296,0.6275327921648092,0.7850222404839164,0.6331457822030032,0.5378516454521661,0.6629910507283084,0.6477385067551967,0.5639946904911639,0.5946886135556904,0.5577896303682355,0.48071547236651613,0.3557714843485952,0.9999999999999997,0.5075552194995404,0.702691841392994,0.539143244240281,0.5237865210380749,0.6525944459064806,0.6917653747165191,0.6268491154186083,0.44646985020007346,0.5990289931699793,0.7526962667594028,0.45527006147961124,0.4602039163928085,0.5840095765260722,0.620250539296435,0.2360810416632266,0.3790313577081572,0.10409101123344754,0.5689464822022434,0.14441891435280868,0.556132998401956,0.09344058928844597,0.3118794156065386,0.27359970888689866,0.2544789700572137,0.2696300613313354,0.1946428953936359,0.0850728321520123,0.33085218310859593,0.12004591171799721,0.2443951998405434,0.33751443277293286,0.16916892813043732,0.3929612973129236,0.2684578760405695,0.32907903575607217,0.366639695896725,0.08726172095153398,0.36005502063999206,0.15587808484781027,0.31232657409727277,0.3305142346535714,0.3182707925310844,0.2744995693046251,0.3220017848622988,0.28066023807921947,0.30171215112415956,0.237065588222548,0.19736345200765387,0.12457274546074346,0.3820992164549614,0.42626371677362357,0.22961518141800621,0.2273928398511535,0.11730665985831296,0.6114027902803021,0.33607462626481577,0.5051703733247216,0.6634364827987096,0.24647564476129788,0.28867784098895516,0.38011968564524456,0.3968020459529062,0.32876599073687174,0.5015804638689035,0.4475905128617773,0.4323043540943606,0.5692889952827761,0.44255272867086154,0.40963610578222165,0.3340254853039389,0.29459639877481547,0.43136717603043395,0.5076692895643315,0.4263327688189556,0.39093833602121486,0.43596658856944126,0.5589820246724702,0.269844791794737,0.5309551321852483,0.4913962452907279,0.22173791827354467,0.4410777691477265,0.5059977519449251,0.42387719962542114,0.6460626283836627,0.23783452811139794,0.49095102103083715,0.4160698950860109,0.24512574418896146,0.33589988830453593,0.2506049249255066,0.6407875476910365,0.3445605951315761,0.27479067749073866,0.44293889663871056,0.489442568530994,0.4406712088346532,0.4587770606987703,0.4419735352077515,0.4704100049065061,0.46358346321824845,0.3626303657827393,0.2856564624834758,0.3200839487997101,0.48794827040670585,0.49825243076130626,0.5139020492420896,0.4840254454401653,0.4591143282559973,0.5185870065316616,0.527600964786681,0.5137122555822067,0.5131756339061447,0.5048317969587249
separable_4_seed_4,0.5375829259135732,0.41160901626279184,0.34086345672499924,0.5919262420218383,0.7222185040432484,0.13696842298500453,0.20138800828482745,0.31300397892961906,0.37546313031836404,0.39338012082528123,0.4306724905821746,0.5397824979984333,0.4643767410080629,0.22150862512361683,0.5583540203940632,0.5606773421859312,0.3880657987579924,0.3797481210133896,0.29030057654889946,0.4648329274215286,0.6760721920412333,0.5658448534201633,0.4593928406365477,0.6890869216497748,0.4399935412589845,0.5421021572829707,0.4156271816128272,0.49836131498591674,0.47573357610701444,0.39714838815615383,0.7826214181460958,0.6812274232674546,0.43233405115791285,0.5075552194995405,1.0000000000000004,0.6652507093970267,0.5596974926399363,0.5991783772573904,0.6260450712998634,0.6239936790717147,0.45922338528134543,0.5911348712006214,0.4498831372949643,0.591430557369518,0.522997142920037,0.4760808743881337,0.6084524107948758,0.7459748771050345,0.3446241852883093,0.2876516724948504,0.1015500992233239,0.314241235147297,0.26357591808265246,0.15702028048579134,0.14216204542663105,0.38808519371698946,0.2275819130420379,0.3040441373398361,0.3409414079708556,0.20833999796111594,0.15959236462180143,0.3680375776530746,0.1005868502217971,0.3484090540933359,0.3295218343051499,0.14564463785596862,0.3685788607208054,0.4166691860746404,0.34902267902035455,0.190689488229274,0.20946136498704987,0.46044632939095065,0.15721838628378254,0.4060260672192115,0.25548550771612194,0.21403361323005426,0.2042498418481889,0.1860235688478858,0.2692006200912574,0.3572036625687112,0.21915132930415177,0.24353699221571423,0.257818547802964,0.4268677153665095,0.3124744210193766,0.11413732145140176,0.2907580130387735,0.1301141505217211,0.7503223545604966,0.5350723280841442,0.63760144393097,0.597707527956685,0.2572489421215201,0.2585794032363599,0.5970473393250844,0.4630504244807894,0.2884735448729612,0.3226677098714921,0.5867644529903584,0.3781148874874427,0.44783755103134043,0.41838927147181365,0.15323286856875515,0.24278810162233894,0.266451340453768,0.6818343555184117,0.25764792755107746,0.5158840336439297,0.35853305838328714,0.30061294624307866,0.43648682871485855,0.26402832588133524,0.6226277433966562,0.4826693637311323,0.32816819696073835,0.6747019764677302,0.3587393330485638,0.2836710212836225,0.5055006270008782,0.21049251994815726,0.679737118641122,0.44687665780902813,0.19796084299119998,0.3749679462098265,0.2800651192364964,0.26935418973058867,0.5263869058078631,0.2174988904538581,0.6368961765307232,0.6731384769477147,0.6675632548372726,0.6362882861347782,0.6180457862901585,0.6584541846338632,0.6795013082765359,0.5443623454618409,0.45469109921765544,0.49578358719652826,0.7027830757278635,0.6921258649681772,0.7352555740986545,0.6745867810179628,0.6766002571526386,0.7362262109054909,0.7313666594078994,0.7198658440418647,0.720906219820302,0.7139243347744515
separable_4_seed_5,0.7999084816675741,0.7301878104149763,0.6054725175805676,0.6004483535465641,0.8517307088809726,0.4269656307172104,0.5834039693049898,0.5744785210038204,0.5954703259289406,0.6889059446066759,0.6084262334465672,0.6705208540095331,0.706899971718363,0.5905121985904204,0.7634743903596504,0.6243262957178087,0.6827418031004476,0.474543409208901,0.6882037126598983,0.6728447935920411,0.8448012488989114,0.7060021883948918,0.5888041183038011,0.719539274813034,0.647513218847227,0.7099913673728732,0.5807864954076302,0.6400992245066481,0.5686954191610583,0.5493918704368429,0.7347471347987008,0.590436657612241,0.4005464119837625,0.7026918413929941,0.6652507093970267,0.9999999999999999,0.503291389224663,0.5126018302725112,0.7953176317189516,0.7001540523105092,0.6031729968866,0.45988142299156987,0.7343235032702008,0.6878517603898805,0.6259002407275449,0.4244422312562422,0.6637689806926639,0.6445646514317642,0.41489388840194846,0.4130683055133626,0.2842071927391302,0.5157147132289612,0.4937935532710018,0.49765113353244567,0.32806575599860865,0.45982301198456527,0.5644981744137858,0.44223944683958494,0.4019482366187753,0.3132744303942441,0.21622397577609775,0.4810874774560814,0.364037116969165,0.3565693121949434,0.5375591104864276,0.272465169066208,0.578429200161521,0.5014327070969368,0.4844108808139797,0.31564756275269246,0.4591003899817224,0.45115644515531284,0.3048834566043153,0.42233231889919415,0.42468021887551954,0.442396362547681,0.36529834349757195,0.3410621198424449,0.3762846651208547,0.38656298613499046,0.29408484556880415,0.26767025563253866,0.2905826291334198,0.5248791369743908,0.4395661899369691,0.23123666137196378,0.3430168929749587,0.19326821574638237,0.7666024584954393,0.6958636956212184,0.7549514890637902,0.7447598021008176,0.4482633468229932,0.47935296668469557,0.7073416845936751,0.6991998570370787,0.5364727104542801,0.6050838396926898,0.7033414118269894,0.6015637780871067,0.6053728945819596,0.6625386417105394,0.45190603134452895,0.45641402714044743,0.4736100028505901,0.7203645066820361,0.6051231692376192,0.6550709764647801,0.6384113851262657,0.5654141226514324,0.6119038918957079,0.3741306742380119,0.7287270583162918,0.5918963188409764,0.3881473550022708,0.6839979111353015,0.5555895614755494,0.5033225224395659,0.6663425105570919,0.44854263471087213,0.6609302612162554,0.5402967625907338,0.3674187059858777,0.4462819073026472,0.3948201203279212,0.4868377176926675,0.543929226645727,0.28649133543057387,0.5408168897897359,0.5855734124855748,0.6187828135885869,0.565226162459884,0.6014700897961408,0.6353205821747263,0.612505068515076,0.564099029753134,0.5046303754808886,0.4953204880744726,0.6664835631203267,0.6327442930529961,0.651171918280583,0.6307105795907763,0.6288764797887281,0.6614551987620549,0.6653737226176117,0.663915553466579,0.6708856132416495,0.654445263941668
separable_4_seed_6,0.4583949847264566,0.35319087053783255,0.32002964833686726,0.39607817658132055,0.511665635056184,0.23716379272849558,0.2471336763877319,0.19261608301811806,0.3588403280480024,0.30760276610527776,0.22638622042073628,0.40369973745439297,0.38963328128317204,0.39911256576310433,0.48068671135273505,0.38147850404607603,0.36965866197781455,0.37820508372134154,0.3875552662676529,0.45536153524924944,0.5472293076450897,0.5123835253916434,0.3364118158672282,0.6134687927752752,0.4177736288407327,0.4028693241614881,0.5063160418760712,0.5704706250942965,0.491843801322474,0.43877662180214777,0.5256692249745276,0.5810669786267209,0.4943659416986902,0.539143244240281,0.5596974926399363,0.503291389224663,1.0000000000000002,0.7869781782577848,0.5674776459252462,0.5828124702484321,0.38880999524965515,0.4341876138009892,0.4883177841227467,0.5933148532753372,0.39434233334776353,0.4893118691175672,0.5542962436334037,0.6649621366745911,0.33366444698192654,0.1641745546453324,0.19400843355286831,0.40302474966142765,0.16401251886603668,0.1847441574080114,0.11795429239056325,0.33607702587908656,0.17845154584048578,0.36564782988560685,0.2010265380491943,0.11743744185063947,0.10916428019843569,0.2989721449549339,0.18695015146306795,0.21243381835373928,0.19782728895827542,0.19703735338709347,0.24516974941926237,0.24712317951102855,0.24575914116660863,0.20225025649798145,0.16283778887300682,0.46129056568421317,0.09781566359438697,0.33494621195583096,0.14458358320896028,0.1702254403197483,0.2321591549260671,0.12222061080611868,0.17831424337064786,0.3516718808944551,0.15495202663410687,0.12903192008313993,0.12799470595935367,0.29547606711860214,0.1705456430113771,0.1095224503093521,0.2870450648305681,0.10707491810435656,0.6474682771171174,0.3898399570728578,0.47804467608115575,0.5403018942450036,0.315255447298568,0.22281461433618255,0.47172576947081424,0.3311268116265612,0.14151468017811555,0.3337607126117946,0.39364772054434444,0.2226782089552794,0.33586195900121246,0.22098460919723698,0.3160425413526119,0.2456929013671422,0.18022289929596433,0.45794216199448634,0.2794595438474952,0.3469117058187752,0.2642996385958591,0.20113002733473723,0.36725248557079887,0.30938641426788593,0.5253505310592971,0.3119454279068127,0.11409955518283176,0.45660916203523594,0.31426871450636046,0.1520464123510034,0.32903526037210423,0.3158273679668197,0.4932362111837472,0.3504338745290278,0.14111457504047042,0.22504683040574908,0.3557915498149745,0.2239921317323856,0.32051745919174884,0.13524527703661965,0.531183699612601,0.5655831090710172,0.503032260178857,0.5037001987166586,0.5021895517575625,0.5269746605378919,0.5345947120583728,0.41790304395602834,0.32788413556327234,0.3710442392775406,0.546953258592213,0.5760732646060776,0.5988916037838269,0.5591634156911062,0.524585610904879,0.5806248650684536,0.6027236246613921,0.5986194142070982,0.591705701801617,0.5602093651908108
separable_4_seed_7,0.46144626692763463,0.34702004254769586,0.376312511802174,0.3795531825433323,0.5239797170870341,0.22533064877816247,0.24715751880788558,0.18160752861022678,0.3532144591983294,0.3571489589033313,0.23726791139419254,0.4403392648702811,0.36168764406069914,0.38180216247631266,0.4595058056135987,0.3713699486970434,0.375590720825571,0.41074615716573687,0.3331442809472387,0.5271500305864233,0.6019622937344026,0.5634138424890573,0.3513803261865216,0.6113787081740597,0.38067738934669615,0.44449177519057903,0.47955625266891844,0.5481845451572992,0.5144064766869433,0.4241549996131736,0.5662615857310858,0.6390031356970329,0.5842469720756914,0.523786521038075,0.5991783772573905,0.5126018302725112,0.7869781782577849,0.9999999999999999,0.5975885801607701,0.6254877897874227,0.37155226080526516,0.46271161982277664,0.5475012260723904,0.6269646601665229,0.4802775080031893,0.6279439407987917,0.5328528918835091,0.6738745758610919,0.3543200269023373,0.201906745095433,0.17573289683456694,0.47949338993048785,0.15248653342359622,0.2302681350489813,0.09300895281148454,0.35978129819639687,0.15435409561278393,0.3621978207235816,0.16356213497435435,0.13024354690445586,0.12360820496280571,0.29895540616183086,0.1695730520819956,0.20497318299127798,0.1403245475992271,0.17451001980203887,0.24767162023139258,0.26227902132329056,0.22241142689801996,0.2668155223274346,0.1288591943321191,0.43266343465484874,0.10006538467667976,0.3396921879422207,0.13863273137614177,0.18031904255044767,0.18911891568939443,0.16002490888861473,0.17729287075944888,0.3203243961626397,0.18638933853508635,0.17626899375030516,0.13007014955092985,0.3021123045042841,0.17742272694294337,0.1693479486761896,0.2738130874797096,0.11459404038050265,0.6844307199413169,0.4180183155901478,0.5140090714270305,0.6127356629726055,0.3215469385377434,0.23380215088298234,0.49711651199426204,0.3369253712575201,0.169094387405574,0.3189394074953906,0.40944759099805916,0.21494767047941896,0.39132634479130973,0.24028623832660623,0.31151555091855915,0.2749622282777442,0.17824676600678818,0.4581494219240644,0.2830845034413782,0.3561878326240632,0.26892972754867395,0.2139110554076878,0.3480233707323827,0.21880086110835364,0.5174750542122921,0.38718127293846877,0.14576335363568257,0.5161315640785223,0.30605065624377153,0.16388830243249963,0.39242853348748347,0.1960696395382994,0.47992235688162793,0.364075706056435,0.1260550319316862,0.2337555802316557,0.3612628943851983,0.2303562078054629,0.3373625212965359,0.13389774231035895,0.5645241394454615,0.6046865614865626,0.5355456536315978,0.5478602948574881,0.524625281404693,0.5563109837123466,0.5705435489988068,0.42984159750894435,0.3414190681439787,0.3853797526411511,0.5887426949114947,0.606836952472467,0.6332377554591354,0.5868165760567312,0.5553530981843945,0.6255267811079281,0.6403576121345989,0.6314579946741707,0.6255147461486593,0.6047027668805848
separable_4_seed_8,0.6893627680740749,0.6636279857019429,0.6581973430189036,0.5808821983231374,0.782249619132112,0.42503490210373174,0.496231008902065,0.45905438005329535,0.4932991491058277,0.6130208543311543,0.5380020645211872,0.7364856504599953,0.7168962767033766,0.5953853052072638,0.8036670155051016,0.5275164359554335,0.6299608254666078,0.491512003861124,0.6319327801385549,0.6252250987697011,0.7958019309366872,0.8269944677224988,0.6453271612025394,0.7142449005213246,0.6126829784281852,0.7052606027230337,0.7003938977135769,0.6713589830831138,0.6970514324563567,0.5350059072865203,0.7099606767096955,0.6605343030202283,0.5575648432573788,0.6525944459064806,0.6260450712998634,0.7953176317189515,0.5674776459252462,0.5975885801607702,1.0000000000000002,0.6654492676293239,0.5802045747347546,0.5198040472378229,0.679833129097513,0.7292230043887163,0.5646878327109154,0.524004345172242,0.6192101103302898,0.6743312793954892,0.39004182344498395,0.3729808297932408,0.2194131619640911,0.5088676476425245,0.41484236230283794,0.5112437799841748,0.22037636953513606,0.41559773285041784,0.4191648085965024,0.3935343129208609,0.2676538245744427,0.2705841864548929,0.17688921856850393,0.42068844795170324,0.3221991829529161,0.2985995914292119,0.38379579316336315,0.29815000808907266,0.49342313873358995,0.3814133253307618,0.3908130132042747,0.4306044303267766,0.3477820259913081,0.41606109805371694,0.24247120910114361,0.37380412707634586,0.33905627626433626,0.35882212891331866,0.3892692643842214,0.3508138238743643,0.3577016184138301,0.413187367928096,0.3285594228840405,0.2587166294815121,0.23200108580217957,0.4584626680886406,0.4053248305557495,0.2890202684772601,0.35833515532552856,0.16228614584682807,0.7391666322323727,0.6478546582175232,0.7048830656825165,0.701749377354181,0.3543508655668335,0.40639629702304875,0.5851544449674552,0.5918039563609669,0.49259994319035705,0.5353371995894677,0.5787363841854498,0.5088196180750066,0.5348243312282305,0.5833061045154927,0.35583133726626187,0.4777390109525019,0.4380650802422761,0.6504176734138046,0.5516163509559517,0.5548730286799888,0.5587439252977281,0.5029769034651743,0.5439975518546845,0.30685363442377694,0.6982645055991703,0.6302669211522517,0.3789041490437731,0.6965796988584846,0.44229900346956325,0.4044766146112554,0.6071861623560609,0.38573226863588345,0.6258324644575801,0.637538253163684,0.26679211646336587,0.473261728635299,0.4290438413194869,0.4708847386615918,0.46438082219839927,0.28295629823328705,0.5389192744966501,0.5740121344450221,0.582285826622363,0.5431370607239883,0.5705909049459538,0.6050263926778825,0.5881160079826866,0.5183126558193794,0.4491024592123749,0.4549496916958037,0.6312099117145249,0.6128262557259437,0.633130839532594,0.6096851973271983,0.5901170281623485,0.6364123703713386,0.6454087361829346,0.6396073967366319,0.6398356029993236,0.6254492332566158
separable_4_seed_9,0.5384534360280455,0.47501927868813915,0.5822706811655679,0.47542804380966586,0.7331459263751348,0.23803844751819053,0.337685201128928,0.36445508736402205,0.542876892840441,0.6572043052631547,0.4690805987094916,0.7164308668510637,0.6381210128702541,0.5266646335566306,0.6357269708754513,0.5789814829322398,0.454303700996753,0.5918449741528307,0.5127317950193331,0.7757875737984442,0.6989837588596175,0.6971024659465276,0.5212257056990608,0.73183151230863,0.6097003594870697,0.628210057357591,0.5734898295258665,0.6043585849036348,0.7233869266198925,0.5290084631681143,0.6581897581847285,0.6046131759908039,0.5352079506214973,0.691765374716519,0.6239936790717145,0.7001540523105092,0.582812470248432,0.6254877897874228,0.6654492676293239,1.0000000000000004,0.622480071761051,0.4808573256228933,0.6393460888006333,0.7119232173477257,0.5827677462359021,0.5877599396631724,0.6489967647566115,0.6563426303350899,0.3126534734472848,0.3468705422191941,0.20334579104589282,0.5640702987665884,0.19057055344794094,0.4357704047229747,0.22236775366555558,0.3699094046966001,0.290861893137035,0.37052923658816533,0.28595092520418686,0.15283409802328438,0.16536223117911525,0.4173849347684125,0.19423871032530593,0.27205005812835015,0.3623160124130646,0.19105153548710677,0.40977522343068246,0.3516397036006719,0.3559172069071779,0.32676265794349013,0.1719128255664368,0.40890229249875193,0.16366875276920753,0.3796279300131659,0.30718028918372436,0.3631858263329647,0.2789890822561168,0.2665568809504476,0.3287004476194714,0.3096101644966324,0.2039477651910763,0.23553153825667514,0.18048709051505005,0.4132401783406781,0.40190349176440265,0.21719780597561358,0.2822270559554742,0.1379530189666791,0.6863710405214899,0.4187360341375026,0.6631432385572307,0.816496874494974,0.3785110534680586,0.45595818467956284,0.5263003862987001,0.49704672700016445,0.3586195960324501,0.3891889353187359,0.6364797561492328,0.4365513495360543,0.5466175068228444,0.4197289957974416,0.31905893877269936,0.4883525955575158,0.36622691937919305,0.5139759847517115,0.4522920736983549,0.5347483391664632,0.42515530817805663,0.47129808060248485,0.45710245476292044,0.27810438930848297,0.6419897852577509,0.5009856009876237,0.211288536454336,0.5606171483683264,0.502581513643552,0.4127161749047933,0.5736179870985744,0.25505058512841255,0.5582738070575389,0.4018681975333588,0.3534375362893818,0.34315715650651313,0.3636070253751508,0.5108811633367424,0.41912817766837007,0.24881835879882572,0.5644196956286381,0.5656883993434901,0.52995013225997,0.5814405977595948,0.4870428336510009,0.5863158004275916,0.5734329040580167,0.4387767782289781,0.37798384510190747,0.37565474380554803,0.6381381679094104,0.571445889355278,0.6094611316486765,0.5490346858921751,0.5387656967459266,0.6308201542296856,0.6157438509720425,0.5992129822010996,0.615652466100328,0.6271551254262633
separable_5_seed_0,0.42911317030926815,0.4555899857654592,0.45167733928380177,0.3444936842094683,0.6381177534550655,0.17344291177158,0.32857333996290844,0.32445926862673236,0.36113750485557633,0.4973740260542883,0.42001158836044766,0.679728248092037,0.6164274359072204,0.5931145212971656,0.5573401075740013,0.3582650306846369,0.4271606651055859,0.5222081193284637,0.597793209112399,0.49097004268586714,0.5731180831993246,0.6492018549599875,0.4761625589484012,0.6363685483371277,0.5422745700362531,0.4036255893042772,0.5193809742561436,0.5163029638046555,0.4855019223389823,0.3953727991891118,0.45920784613995497,0.4592707463236619,0.42456633760750795,0.6268491154186083,0.4592233852813454,0.6031729968866,0.38880999524965515,0.3715522608052652,0.5802045747347545,0.6224800717610509,0.9999999999999997,0.48527230929757664,0.5520392495288463,0.5949247644014026,0.4258521752997007,0.47373454729727815,0.557802466650492,0.48642902004363686,0.24077264322314332,0.33901788513210607,0.15811784336823106,0.46227555644071,0.23733196199872242,0.4468128000678657,0.17329549698146823,0.272992411643599,0.28767083828463924,0.33587417716134316,0.3768910784185589,0.2042656387744141,0.13836799027605567,0.35342981481832114,0.21491544611027327,0.2971237956896741,0.40262398347957495,0.20674867613492365,0.412843207264259,0.2548181859586579,0.3481504744012139,0.3408483511175976,0.21965441964632268,0.31062527559641684,0.20236499259031995,0.27215014849424835,0.3365103453108106,0.3565747578022754,0.27376480428115524,0.28216292773437057,0.27021210484150565,0.275413609993355,0.19412156466107222,0.2825223573641843,0.14483628317232353,0.38617512793909586,0.4091814309876839,0.18006736611741936,0.29772327441839597,0.12390193550737573,0.46661181681558306,0.3481168883368286,0.4568122635827177,0.5300406544660045,0.23516840134410252,0.31787305886165035,0.3558435550767504,0.40317889939293067,0.34949483942714993,0.3992567890688935,0.4554461319768145,0.5336290502605148,0.5379532392468027,0.4858712687763361,0.34879034373042167,0.36739483706931003,0.32568978962211736,0.4277678598816199,0.5146620472542349,0.4503195169590931,0.3479901370688525,0.4024759700139588,0.4754275668649129,0.43137211067182246,0.5945168428540042,0.4935377035575885,0.2448755484351581,0.43772047228607963,0.44472955069742354,0.40530809950023566,0.5036572849341915,0.33587070299615346,0.49482392230384126,0.40076179912505977,0.3056894453936281,0.4095695687441934,0.25148009598586607,0.4584309437223112,0.3010912306173099,0.22206404163849666,0.3512598367243882,0.3798633886568953,0.3490711809402495,0.3439152290008565,0.371951341143916,0.3878157088458369,0.36639114353155994,0.32010196864431983,0.2734140146732364,0.26335283326148756,0.4003314167178699,0.4019512944255367,0.4088881484629694,0.398565191017211,0.37898901047961187,0.40360090031948054,0.42392821855000523,0.4140298043690617,0.418453887021591,0.40024691580002253
separable_5_seed_1,0.38433157030731135,0.3213090232512318,0.24700077336278742,0.3503542867695276,0.49581290931178473,0.08380167963024308,0.14153195329375945,0.21370538403078715,0.2461394378111351,0.2905043481671325,0.21813365606438295,0.42167833188182224,0.3096507695416555,0.19248012202343417,0.4154926786579161,0.37246867716404336,0.22474681047299938,0.21828223743974717,0.2314992874049445,0.3579601937318323,0.5723980936762034,0.530220663382224,0.32962973942779117,0.49758630646496815,0.34171744868669285,0.34774791019413775,0.3613558228996382,0.48180655236027203,0.42256042838888225,0.28365954602100385,0.5035113487857766,0.5680518428651052,0.2897194550846993,0.44646985020007346,0.5911348712006215,0.4598814229915698,0.43418761380098914,0.46271161982277664,0.5198040472378228,0.4808573256228934,0.4852723092975767,1.0,0.3237285035519153,0.5316480232668324,0.37951687830885106,0.37408719115078676,0.5928846522836817,0.6215696171887936,0.2667680379005074,0.1583498505402298,0.1088572256699491,0.27031179692265844,0.16284836295539556,0.10020347690654421,0.07242445138070873,0.31512687087977026,0.13759670044798317,0.2684375202301372,0.18791384941612338,0.1382586970605627,0.13469171526627474,0.30267624295223033,0.07469056174593434,0.22302077059690456,0.16013591903308083,0.14375661266220258,0.2538528769103344,0.23138291932198596,0.18612534714051315,0.18274481960383174,0.11338628892965204,0.35528755438990584,0.12263781513792667,0.2997778020527557,0.130067839083139,0.1434925975262752,0.1496768639474725,0.15848700355679243,0.18176423790301646,0.2651377551260125,0.17512813263101737,0.24111513884565763,0.1573340228748077,0.2912815016193084,0.26817294404071457,0.09271614824534936,0.2610698173787373,0.08055636092082516,0.5718798089137697,0.33935442875641214,0.46297374313017303,0.430029774974563,0.1690968198580827,0.19398575508307508,0.4276360313545973,0.3213043521953339,0.20586254636706378,0.21294111309633165,0.3968938012337948,0.29447974887351164,0.369415309358661,0.2860272612498747,0.1102737917840219,0.21692561532632587,0.2091163297971107,0.47957374657280455,0.2432613949364559,0.332993508270624,0.19712847887225476,0.20408360376549048,0.3168316854853181,0.2398400124041575,0.5484353937493337,0.4536476474220341,0.23949358633557508,0.5247313911412014,0.2651339303171607,0.16431498519163132,0.33581747416843344,0.12702523355459944,0.5363229285303805,0.3029932976865051,0.1266488111559583,0.3387075261356438,0.20461443805661,0.18768810727926247,0.327386032327559,0.1729354123963778,0.5039981729605993,0.5300591152904687,0.47588539345198444,0.49553388967771356,0.4720079954979068,0.5133817579843778,0.503563874161887,0.39917193386852573,0.33103495759463186,0.3401463331076937,0.5378518444043391,0.536173282502258,0.5604291376338384,0.5216928013306156,0.504814818288558,0.5641113882625465,0.5690792163624325,0.5598295615509267,0.5634207337886457,0.54680460130505
separable_5_seed_2,0.6456643479912108,0.5999460677339543,0.6100446030197447,0.4023350019674611,0.6357584730160692,0.5292103130717362,0.5717642978556179,0.40140299344445635,0.609387808688307,0.5800196581074114,0.426563176208101,0.5692307026289571,0.6266417032123509,0.7367957786810363,0.6319572869027744,0.4356137493597461,0.695552147235545,0.6273606122621067,0.7071290599395135,0.7118536685979607,0.6664034498867895,0.5776878175871043,0.47810297892281206,0.5789771955067259,0.5300687415182135,0.5693171312214638,0.6672199489768454,0.591317027370006,0.6457822889181464,0.5406257418308682,0.5253839059348784,0.44172369026153135,0.5291687181584718,0.5990289931699795,0.4498831372949644,0.7343235032702008,0.4883177841227467,0.5475012260723904,0.6798331290975129,0.6393460888006334,0.5520392495288463,0.3237285035519153,1.0000000000000009,0.6227485580168649,0.5235160011435572,0.5122481345919053,0.5287058638907118,0.5067730426121909,0.3781508169428412,0.3620023922313005,0.3349130875455196,0.6032085216195416,0.3561212045643458,0.5502260530903399,0.2986071696870849,0.3718336204963165,0.3905442476233431,0.47367319187618984,0.3042028025294938,0.2832155338274323,0.17600666390502168,0.34996256543620596,0.42040065211127714,0.2397163230765464,0.41399435724483175,0.2886258538516652,0.40503408369615873,0.30516978471246436,0.4290794753647011,0.36652476905857445,0.3843332787145937,0.35786305687368963,0.22505604741832214,0.3630557927129917,0.33926516481978003,0.45543351708894003,0.3821423373219851,0.28247227481364023,0.34878230290865037,0.3690679171778677,0.2536329340950945,0.20814615372800438,0.2056796616869174,0.39240965691129037,0.346706369351599,0.23126909740025384,0.26771846654919135,0.16977959854898442,0.5748429818967918,0.6319786179221478,0.5860783183054618,0.7275756736411085,0.536107780388821,0.4489456038219397,0.5145092102514129,0.5511953015727995,0.3790296537917741,0.5663113277805729,0.4682983133336518,0.4067992640042504,0.47411946432296925,0.5235317327027251,0.6287290366350857,0.44040359542605456,0.31911587375858264,0.47610002738478796,0.5475444440687521,0.5517050213682675,0.6053079332069554,0.454074169340316,0.5213244962881016,0.3823589216622396,0.5979389421942731,0.39725377825793634,0.22813327534057243,0.432803155627798,0.41509606891191375,0.3793245240433405,0.5104913318164548,0.47821208149085587,0.4528708029179881,0.5044969231300495,0.3385719755550481,0.3087056845445947,0.3872528236139316,0.4571956883540085,0.44418913469817,0.19527264010154383,0.39870550855507364,0.4190000539650434,0.4232713703375248,0.378292553375276,0.4118244831118105,0.43717287861004606,0.4332224991202761,0.37636950307193767,0.34948093379506173,0.33280143931153133,0.45341831117269255,0.45673657778291527,0.46332047814486055,0.4513569435448077,0.4078292105289209,0.4572521493836653,0.47376655953636254,0.4650518593610331,0.46587233328834976,0.4552868456423656
separable_5_seed_3,0.519929666952627,0.47253859636275203,0.533310308197316,0.43500745603871327,0.730828517846045,0.21717962198729374,0.35860669346071317,0.3233464412274823,0.36781967381265973,0.522237151787844,0.4656097168008312,0.6960669966034342,0.5663047900760264,0.5312668026194324,0.59170708429062,0.4044929312701182,0.48599903600574484,0.401388217373244,0.5406950855639241,0.5860447016742192,0.7213443706992374,0.7568555583132798,0.49291831693515736,0.7253563120033201,0.5270619960880663,0.5559119851654373,0.5874660978889158,0.7539286904660125,0.5710724168375105,0.5367064804216805,0.6076932031437976,0.5963895912304175,0.4145083683391694,0.7526962667594027,0.591430557369518,0.6878517603898805,0.5933148532753373,0.6269646601665229,0.7292230043887162,0.7119232173477257,0.5949247644014026,0.5316480232668325,0.6227485580168649,1.0000000000000004,0.5448977229366448,0.512890753935875,0.6503300358955719,0.6368700400332754,0.32605330997518694,0.31456078833613554,0.15634873657271886,0.5125561248185287,0.18668608569918685,0.4643467529037568,0.1320232800292714,0.3755294129138336,0.2577871662120457,0.33825524751476455,0.21351110686287975,0.14364969199591052,0.12555248635569108,0.38781958162109437,0.18347005215103265,0.24897561405517055,0.2933053777276843,0.20314941894539007,0.41739742442877403,0.2768961556080988,0.2729862756037963,0.36940289680667826,0.1566971955555135,0.4233054026176222,0.17629488101113877,0.33688403655236865,0.24962927590730352,0.3009695122759664,0.2809737980775553,0.26889048203532095,0.25757385870302596,0.3489003340688073,0.21123502431573318,0.19058987055162685,0.136481695509461,0.4117618819192869,0.36971767533110417,0.20788523495036562,0.29808498894962787,0.11597003761787446,0.6897956032010896,0.4068428971918282,0.6057350648995805,0.664293994539819,0.28728046466850277,0.3329252124072405,0.4582410334812659,0.44727996843521606,0.3201485563869007,0.4135917533885459,0.4941240807055271,0.40220283975718546,0.5788205602185365,0.40684399004715244,0.3279499116534798,0.33893480791161285,0.2895200761677004,0.4903278572500562,0.5040183415561788,0.4638974072963555,0.38538464041889037,0.407344129381035,0.4454185256378527,0.3006165595912947,0.618545220096354,0.5093211949963328,0.2157072377000966,0.5516506608444951,0.4891730172832209,0.3735513023689841,0.5510633857343861,0.2673262801670232,0.548633877468937,0.45206163135309013,0.21611155381505512,0.3965081904020422,0.32082368142015005,0.47137298704206415,0.3632287000018233,0.23017171779103113,0.5485214240523039,0.6000972037684635,0.5444240441529231,0.5442089046237937,0.5522878495618769,0.5818355963185637,0.5695806019117675,0.45035741038212057,0.37818970312561895,0.3949468566028814,0.6006099282460541,0.6177622180498358,0.6366910115749608,0.6017585682484874,0.565855583369318,0.6332377514490308,0.651356448661628,0.6303788043235026,0.6273136437589415,0.6183938585069764
separable_5_seed_4,0.6565049798029398,0.672964942623741,0.4064775241229221,0.4004023603947765,0.5839427079911061,0.26401404000133316,0.43758978367488766,0.7026309682791911,0.5772340494025969,0.6707298581364908,0.3922853192320437,0.46203239540671376,0.3964865666929829,0.39620721244082585,0.5082217060354363,0.566455886497265,0.3115564593349179,0.30449431534137533,0.46562876063636344,0.6625862251726339,0.7020983180628151,0.52562272456426,0.4098793788606057,0.5258586046083864,0.35841313469972164,0.5675473456531707,0.34681928434534487,0.38743761607289146,0.5200247461037111,0.41210672688696337,0.5551539243204895,0.485451246691716,0.3221990292724141,0.45527006147961135,0.5229971429200369,0.625900240727545,0.39434233334776353,0.4802775080031894,0.5646878327109155,0.582767746235902,0.4258521752997007,0.37951687830885095,0.5235160011435572,0.5448977229366448,1.0,0.49751248011484667,0.5074301600412889,0.4594094454344209,0.3063225806195536,0.24094775109652425,0.33587361211670613,0.3519705887723233,0.3995689645169247,0.33035616025555176,0.22952219835076448,0.4254839169505573,0.48969908979246274,0.39920764727136926,0.15716916558455332,0.18511865538769337,0.23839718134780818,0.4840563028503277,0.30765931221405907,0.21116567740337144,0.24655776064430282,0.1390058293530001,0.5560504012455779,0.23036945975741252,0.22274363553947094,0.24874698120499422,0.37178533374319084,0.35665749712243744,0.29261086393571945,0.3103916100086378,0.134345576635688,0.28461382211610753,0.25855099509961743,0.2283197614999395,0.3063925705151421,0.33418116149622956,0.16527388713099567,0.16086783962377166,0.14860885893609332,0.39587807347396703,0.24489648073575299,0.18363325949669196,0.2922462042437235,0.1540829132004177,0.565852306478422,0.38623477096388203,0.733207413164779,0.6204658529831928,0.3565848308596225,0.703886078406096,0.507384043103365,0.6616912677808332,0.6090455413629376,0.304070121845361,0.6565395328791093,0.5214591866981882,0.5777803154001603,0.4299828473602566,0.20363818442070813,0.47224847148297916,0.5655843862467553,0.4949700807311913,0.5428826203730726,0.5834711958478014,0.42207141554415806,0.6185690321495524,0.2730694066415996,0.30831670069675177,0.5965477419850721,0.4116902924173646,0.16864477084643925,0.5957683443560814,0.45378128984033683,0.2780154417602091,0.42161001405413806,0.3734982804384693,0.5242149143860834,0.3334578283320247,0.33372590861757023,0.27114428791640177,0.4143660264458725,0.3412740209249191,0.4279138704023785,0.25422866279294737,0.45523894424911515,0.4566171892339638,0.47869687689726553,0.5072306829511805,0.47383964379590343,0.592608579704787,0.5022168651977666,0.4748914051292449,0.49177694136159933,0.3765784171965756,0.6141345695362473,0.5059064726643137,0.5111977003304701,0.5040510418789107,0.47272830445590747,0.5553963207313434,0.5401218528236301,0.527726108339862,0.5555915918780011,0.5732644863942149
separable_5_seed_5,0.3862093713294077,0.35651381045565333,0.3619404854261062,0.3688461579745347,0.458881772189575,0.18352630437636044,0.26877075667735983,0.2658529665814791,0.3864712851226822,0.3972326023494843,0.33256095567001026,0.507397569525244,0.42721615910926947,0.445386810141652,0.5273177123218235,0.3487080624313157,0.3229905823544127,0.531997545612579,0.315343375761732,0.5170384781987074,0.46802440586800464,0.4761547766210847,0.44464670511602605,0.47688366482843536,0.33715382755645673,0.4727112109254215,0.5141204993404825,0.38226844665909443,0.5699012552072485,0.4397184998764278,0.48730720107976466,0.4924445612634525,0.7109701935930458,0.4602039163928085,0.4760808743881338,0.42444223125624214,0.4893118691175672,0.6279439407987917,0.5240043451722419,0.5877599396631723,0.47373454729727815,0.3740871911507867,0.5122481345919054,0.512890753935875,0.49751248011484656,1.0000000000000002,0.46803227089631116,0.4290175824267597,0.2460436412765315,0.20181820141958381,0.2132087806356276,0.40234315679541244,0.20788225922849432,0.2914799993341663,0.15219917774077438,0.26577164506710843,0.23468980879236565,0.3122464348299161,0.2073099196692519,0.18837812327800246,0.17032148284421594,0.2891051487764405,0.18240285411910817,0.17263397781388085,0.17890002834110752,0.1625212423061679,0.2741824430405329,0.18274049963067807,0.23835409612027686,0.35566757751345035,0.15091622051662254,0.24232009720339867,0.14719280991009945,0.23184462933042516,0.18606350723367612,0.23289211533948737,0.2552772768313109,0.24461537449063894,0.2193981290789991,0.2415893265550578,0.19894575627821545,0.16527072720048183,0.12854188852264878,0.24565907387744274,0.2523337993064904,0.18671782609784576,0.23433759302826956,0.11029067382926977,0.4146998161323603,0.3330022673881615,0.4141025860623118,0.5343376097834123,0.27048869890799143,0.32608970124813796,0.34360126117120293,0.32016069664115354,0.26141727878576093,0.25249251250551097,0.39848208789538264,0.33904804963619595,0.3325201003145416,0.25944711192378705,0.2561445594449953,0.3001675095992575,0.3401211612699466,0.33962222671564046,0.25791658109594706,0.3537085338234418,0.29287392104637694,0.32952574592373923,0.326877023060856,0.25727065429978013,0.4582736116533772,0.3595067496587999,0.1954962770869093,0.4047939545160221,0.2697459653222038,0.1887570841964595,0.31801756310232365,0.22660375131311916,0.3753148670676642,0.39876515026994164,0.1676927393517913,0.3501263709297998,0.25456988323260415,0.4039988452986746,0.2827829523155493,0.20965994817454459,0.32213968738048876,0.3313636399724401,0.3056761769831988,0.34461985143415047,0.30296194143067745,0.36153779338975256,0.3278141480582757,0.2730370547419748,0.2715795657924291,0.21936552561413591,0.3919585815839945,0.33692407093209215,0.34909531349932055,0.32790363129461714,0.32018855089860543,0.3715068461039753,0.36509154307130004,0.3579245774782036,0.3672586185929661,0.3738066116904686
separable_5_seed_6,0.4973917811969782,0.44277669096005295,0.3005454197851006,0.485160912958367,0.7239461055060837,0.1508487033713838,0.22968270644639227,0.3266783112638174,0.39262882265605104,0.40840982346519517,0.3798071920382414,0.5545847930657274,0.4951859728273819,0.3789010535286126,0.5736664481825934,0.4905192648376268,0.34343464587115835,0.3900984626573057,0.4532216196724741,0.5256737023034392,0.679281768773847,0.6558490719356166,0.4220929605367257,0.6381297130553409,0.4932664287452373,0.43230244966360587,0.40985238426400655,0.6284170411548966,0.44700183075803684,0.4569486163623026,0.6144427843602107,0.6104793405690044,0.37270242334768494,0.5840095765260722,0.6084524107948757,0.6637689806926639,0.5542962436334037,0.532852891883509,0.6192101103302898,0.6489967647566114,0.557802466650492,0.5928846522836817,0.5287058638907118,0.6503300358955717,0.507430160041289,0.46803227089631116,0.9999999999999998,0.6840726913915623,0.337784670735006,0.2171931983397531,0.1707335458451979,0.32751041540288467,0.19592922128357632,0.2082531218648733,0.1926793518544706,0.3780533130523683,0.26098660645492533,0.403946757013313,0.3176337779765557,0.156685056395488,0.154265166727399,0.39341816777196564,0.1734704150135715,0.26471056282048355,0.3308994166950351,0.1856146175328619,0.388208192648082,0.28964807502263323,0.28648737315945083,0.17860206583822133,0.20084443144261188,0.4591482473282169,0.1825849041838823,0.33491970872096277,0.2637904500993007,0.23555132568024384,0.26898543014606036,0.1758966397015507,0.23311771387793256,0.39870726063041007,0.1860522036684908,0.2224626790807704,0.15869908701577734,0.41714959944087115,0.35268369269103395,0.11260182615367192,0.31422184348673526,0.11390704219338835,0.6995480865083415,0.38502327630169925,0.5629924281265268,0.5740778325401216,0.2796143762878349,0.29728969827387597,0.5562473535075618,0.4657706547078794,0.24916788919637176,0.3423171528966512,0.5324275741411889,0.4469571115831954,0.4896823766046473,0.39809157164902675,0.2225551749995238,0.26774638998984107,0.2802343710903625,0.5632485266022705,0.37528693412786185,0.4732792031372912,0.28713168698055636,0.3861620733843226,0.4275370539490086,0.4582337481702554,0.6844632483119132,0.45295542476857803,0.19482334217495767,0.5907572620330369,0.4008698297453498,0.22991567476593666,0.41994118590734847,0.2732169807202561,0.5992328013182485,0.39957916286365935,0.1818997942367033,0.4788027565410697,0.29184806391247864,0.38436185469525247,0.4042303866351447,0.23116339332933386,0.5826219233374932,0.6242340530421235,0.5861304810998825,0.5538590040194621,0.58735173195939,0.6040316914516028,0.6058879825017711,0.5027419156812246,0.41743279496946717,0.4447488323268549,0.633017660350391,0.6507270236479402,0.6695731527081605,0.6370830177970139,0.6121746082626702,0.6573800521174973,0.68285450680549,0.6736815208185352,0.6715505958424431,0.6391338953462169
separable_5_seed_7,0.5556525567372113,0.4095603201625277,0.3469974398896861,0.525641108914235,0.690084034006798,0.1816749759881356,0.2622626992723735,0.25050829211491477,0.4267363521641127,0.3556911895624122,0.3030537987116124,0.5339784249480276,0.4709394955877431,0.34449926075232384,0.5954919562002378,0.4294774659214279,0.40747993287725914,0.33540461974726293,0.44421668473061454,0.5039862254024764,0.6990938271027131,0.6485181693572322,0.496355672597595,0.7183762106985441,0.4781010651867083,0.37285653979872285,0.548172132689441,0.6266090455960993,0.4451679904307137,0.4488949873404242,0.6213612691952359,0.6778403207421354,0.3536170058312659,0.620250539296435,0.7459748771050346,0.6445646514317641,0.664962136674591,0.6738745758610919,0.6743312793954891,0.6563426303350899,0.48642902004363686,0.6215696171887936,0.5067730426121909,0.6368700400332755,0.459409445434421,0.4290175824267597,0.6840726913915623,1.0000000000000002,0.34511055954722114,0.2339838103253871,0.14334968285580316,0.3935558552711679,0.20956095100037225,0.17045970469581181,0.1487414502584167,0.41685859897108674,0.23304196461531596,0.33969602762800866,0.23832129594703572,0.20652621098863164,0.12856326046239447,0.3884236240169847,0.13024794179203175,0.28541614568074025,0.3009495359175052,0.27446904762348145,0.2926162668141509,0.34823781403744253,0.2967113355124815,0.20602982352466673,0.17739492700528417,0.45558343013120095,0.12635117154360162,0.43056933997176294,0.24456173665753958,0.24686746482208055,0.20397594709660177,0.15260072666455363,0.24835839058199724,0.3529156174787897,0.16164111787156682,0.26264082982995024,0.18794373391878494,0.3644665368439824,0.274046116486806,0.1549514597894914,0.2881399989403472,0.10813461509561328,0.7960691278707909,0.43716125189818966,0.6054732949767678,0.6378247520181816,0.3301108940357769,0.2524946462486162,0.6330491493731081,0.4244237361120512,0.20277634038871464,0.40734055505222494,0.5431581564463013,0.32980099106375577,0.4269621799084185,0.3743564875559096,0.32020952569040134,0.28895712174981547,0.2647060342502036,0.6522742065272124,0.3240074295590179,0.4683486436325385,0.30468129233310964,0.23637458938028016,0.43203882447764985,0.22841818256839225,0.6259576988724481,0.5066797126495226,0.215471322309644,0.6338330737380033,0.3835470295366925,0.20736604276936335,0.45219263462241704,0.23485194876142398,0.6480842270667319,0.41359278045702297,0.1723664402611425,0.3446883287711531,0.32368369646543993,0.2661950616963767,0.3925863754101934,0.17086074619559113,0.6649880787326501,0.7026863975463331,0.6409372418458995,0.6354554528532551,0.6289832119884716,0.6624788900301859,0.6726061705635324,0.5353558832249561,0.43592926140279464,0.47299590689584736,0.7066071252693061,0.7056838880607413,0.7448449025180255,0.689957822228653,0.6827210951636797,0.7329178303830596,0.7518302875938809,0.7481748755255092,0.7398807427230166,0.7095930298328859
entangled_1_seed_0,0.42926296066927255,0.3708499169724112,0.2569324647308247,0.26290222776998023,0.342109016930108,0.2740468125650901,0.29294849268794826,0.2770850835918525,0.3238028400877961,0.2914520043069096,0.15164174153914947,0.22324490018051035,0.24379021287645186,0.26380789282893347,0.32156266544948126,0.3311885616673999,0.2544891201728305,0.27277232618333463,0.2925413610453106,0.30011908529684544,0.42191546698427596,0.2984542408909975,0.19547794856578962,0.29776594666281786,0.20588522675692297,0.35126492782976415,0.25371215242805195,0.3178653368353246,0.2982923667323554,0.21796656048018742,0.359217763897725,0.3335979161099421,0.2556244935280117,0.23608104166322658,0.3446241852883093,0.4148938884019484,0.33366444698192654,0.3543200269023374,0.39004182344498395,0.3126534734472848,0.24077264322314337,0.2667680379005074,0.37815081694284114,0.326053309975187,0.3063225806195536,0.24604364127653153,0.337784670735006,0.34511055954722114,0.9999999999999997,0.3433007231789325,0.30302584269105554,0.3015013762715287,0.2466018414085299,0.1787154490431057,0.21679624840784195,0.6165492315655489,0.38219457136732077,0.4670662976648599,0.20690757119769626,0.40158421834565267,0.3487496990519741,0.3514265910461644,0.2916587175189645,0.6070951090275646,0.20828359709060018,0.2217870862769042,0.32229351260941924,0.3712825917728419,0.2741283855128963,0.14346296610264633,0.3620141472173435,0.4808658563939277,0.216651907638948,0.3870487490636601,0.12456571007965479,0.21193441521137485,0.34825759137107754,0.1726621380112727,0.21457452598941174,0.21647062006346857,0.19105692491754422,0.1718783005741478,0.24634346716459307,0.4914610509302535,0.16846515678190063,0.17804248378288615,0.37669812733080527,0.29019493318799267,0.4248765955310586,0.40360026409336275,0.4031762130233791,0.3684835268198719,0.33757919318966556,0.23094771273774084,0.3969900120280059,0.39693592146383894,0.1937632798617766,0.2795648575771168,0.3785668050166606,0.21528916914911989,0.4070974412401992,0.2905564004352311,0.22115774250964831,0.2532416259051071,0.24551898962860164,0.2691887952258892,0.2965848891705496,0.35877796864820904,0.28143655306041093,0.291264706575135,0.24578595491738034,0.24311211643372554,0.3601112060325895,0.23398046876943807,0.17354737505379078,0.3615678860944279,0.2153822749913677,0.19718745654897596,0.2963472853732764,0.2643018999305089,0.3410478357536846,0.3122504123581378,0.17213191936272665,0.2303018988818436,0.2721316747439023,0.10611685561333188,0.2755663149026857,0.14688739040064455,0.35502234674621364,0.3582883802391665,0.36167921916154666,0.2861961825608375,0.41566695203515497,0.378947460308083,0.3445510507178563,0.34600587775896774,0.4060483254876195,0.28526738020581877,0.3931110253957905,0.38527451781377436,0.4076014081726857,0.4044049514391927,0.40437342441519136,0.36112485490976315,0.42019496109041105,0.41057744299937105,0.38129422715991895,0.3672902496183806
entangled_1_seed_1,0.4054534585026876,0.2583907894921158,0.5675186867178171,0.4921180687900868,0.4249622327805126,0.3788606590344383,0.42993562826657505,0.1920346638074008,0.3350740841096239,0.37149070360367337,0.49628076862364007,0.3914694989376561,0.4904539713646805,0.3982233583259815,0.40117143321634263,0.367948026244694,0.5001670671856188,0.44113179437550964,0.3933376577371702,0.32176575873822966,0.3147386900978268,0.3493935854774389,0.3918034091353134,0.33214263033604724,0.4767664279058622,0.41234406407036656,0.3594020316015938,0.30559999511580704,0.3060807903892484,0.30870316648899787,0.3093661321238429,0.18957824470567064,0.22142408996691917,0.3790313577081572,0.28765167249485035,0.4130683055133625,0.1641745546453324,0.201906745095433,0.3729808297932408,0.3468705422191941,0.33901788513210607,0.15834985054022976,0.36200239223130043,0.3145607883361356,0.24094775109652425,0.2018182014195838,0.2171931983397531,0.2339838103253871,0.34330072317893257,1.0,0.1354796307158871,0.41652989082712366,0.22327604840315346,0.5408652039482233,0.2167950984578897,0.26127054080867157,0.35525666338158834,0.1905822252195304,0.3606499142023847,0.36836766591555453,0.2225389860079979,0.19867763727038798,0.14265427772658631,0.4912960703403723,0.4089661448218644,0.2501792615962309,0.3085167480823175,0.468540863791482,0.4965611227674817,0.2923276271362349,0.20738119432206692,0.2971936789364043,0.2831219175918864,0.42450471078390456,0.3602178834451471,0.2511560917746057,0.2413387223237018,0.34945983593266416,0.3521960065650308,0.1928858737213996,0.22687246466785013,0.2920984750115056,0.21555133581953673,0.4613243818436269,0.3089975870829219,0.2904950287758868,0.16936019631899765,0.1978926461294268,0.32878313286295796,0.4078318629709611,0.3759450422221616,0.4222731537017164,0.22936385419350502,0.171244692226752,0.31570863069941707,0.3446188012098345,0.3425401967842985,0.46456334503477126,0.3280097652653417,0.3761658540106896,0.42834868079766797,0.42376668687363583,0.3116084656710859,0.3140623704766671,0.240361212860446,0.3020235715812585,0.3169589350058409,0.36061808548962737,0.4867825527376843,0.33153395018034726,0.4516058640002768,0.24677885324050722,0.29604129260488465,0.3409586207351692,0.32198440198343087,0.2750984616039832,0.2911848608015688,0.46402584282722653,0.5354848846377201,0.2840274103462273,0.2845998784802618,0.4342297567464849,0.25870010036060953,0.295715333801695,0.18015140896133805,0.3452485345698925,0.3276035554068673,0.34397024320466935,0.14665664877975676,0.13088825764490583,0.3067733861059,0.11184189366574,0.2215757629433463,0.20336502222133718,0.24094593141863938,0.2922198409134579,0.21456219612353392,0.31490523392994324,0.18445782492903975,0.199874224781507,0.22196889911515694,0.22011623321690874,0.2037923170843235,0.18819939857836057,0.18700934697011137,0.20234861925353048,0.19783806149423852,0.20002515212571273
entangled_1_seed_2,0.4893965519661779,0.5420413431208231,0.21281032343435025,0.10956111069384784,0.18326242408897353,0.44795555352689015,0.4797510656654742,0.5208470665750264,0.5513269914054888,0.43801987047791857,0.12712993263041497,0.0830892178913462,0.18356998145199022,0.35964921166263764,0.24001360135780983,0.35808568359438475,0.21498036434767231,0.23228916017422013,0.37837791435190665,0.37034256597166704,0.2995013008018298,0.13543569850403533,0.232377102759115,0.10260264573601922,0.08246022945930898,0.29202258732991854,0.20610799949277905,0.16858917563128098,0.2804356310925872,0.21981078057024403,0.12596939127596873,0.15022960452888284,0.1921504274108399,0.10409101123344754,0.10155009922332393,0.2842071927391302,0.19400843355286831,0.17573289683456694,0.2194131619640911,0.20334579104589282,0.15811784336823104,0.10885722566994907,0.3349130875455196,0.15634873657271892,0.3358736121167061,0.2132087806356276,0.1707335458451979,0.14334968285580316,0.30302584269105554,0.1354796307158871,0.9999999999999998,0.20039675156160175,0.42629204313690233,0.21232613014834334,0.38979121425231184,0.31135987716922375,0.5030654898649364,0.5146302566015576,0.1716997541055798,0.24504899667372496,0.5962780146917727,0.37026580803652503,0.46137379198439615,0.30495755913747136,0.25923300953356615,0.17762499519549654,0.29784693631112735,0.19396030409960427,0.16796422343053516,0.16048067597468382,0.5037035285135611,0.14475565752541897,0.308694106065849,0.21784209981994274,0.11949234685917641,0.20696285707820516,0.2555937572713762,0.15624637522151294,0.22997395630652107,0.11331857493451483,0.14118306162857977,0.1439504521826051,0.22349809456130054,0.24868969293098891,0.10310131287038175,0.2035048449545102,0.2718338407746608,0.3181408404433546,0.13276612717451342,0.33350901387311155,0.3677028924404439,0.26764872520734373,0.5799986336333554,0.5550253722497379,0.2900601972062767,0.515455536928782,0.3530859785220051,0.3241259968966659,0.36846493276889114,0.33179096757047616,0.1614645345751208,0.3084554745650441,0.33439694979500895,0.43279209395061696,0.4428533790583804,0.25835456723730277,0.3793906963013412,0.4123204651097852,0.3863069637199351,0.3883192143677703,0.11798358038426585,0.2940134264789913,0.3226069479709922,0.12315120495906283,0.15356363368274442,0.2620235558229263,0.20755133099098214,0.12694115740874506,0.14029885108795204,0.4130355920185741,0.21821515515366882,0.13830802848101623,0.29121200109959716,0.1342129846104604,0.30009255470772306,0.13582246960256017,0.17569019889807058,0.16537806081748604,0.044939788371373204,0.04209979578423126,0.10397748644954567,0.10364720631641283,0.11391429381746138,0.18273788750856546,0.11531233131548112,0.19404852092836727,0.26589761669241235,0.1299587628791661,0.17749357551326816,0.10028379791642854,0.07694759254542612,0.10854732764323306,0.0893135512477742,0.11740046499298432,0.09229914572404534,0.09557529494839632,0.12299442852515306,0.14386232445159844
entangled_1_seed_3,0.4639763679558815,0.38119252493888234,0.6650892044991021,0.3335914126381342,0.515740047510344,0.4250886484319371,0.4872814582638607,0.17219719311150758,0.38042909599336605,0.5675033714754085,0.41138292568904195,0.5142740769261519,0.5621852687891341,0.5516375998114879,0.5294677948726856,0.2973785617028272,0.6275698806461,0.4402819768268072,0.5234037719364154,0.6081854297053094,0.5407888305354028,0.5233885515539649,0.4751360068251122,0.4599929960679205,0.5033629434480174,0.42177943908453536,0.6306047942661646,0.46856033912476824,0.6015989604108964,0.5071644955136241,0.37621362754449633,0.33515475671073663,0.3827575704168742,0.5689464822022434,0.31424123514729696,0.5157147132289612,0.40302474966142765,0.47949338993048785,0.5088676476425245,0.5640702987665883,0.46227555644071,0.2703117969226585,0.6032085216195416,0.5125561248185286,0.35197058877232335,0.4023431567954123,0.32751041540288467,0.3935558552711679,0.3015013762715287,0.41652989082712366,0.20039675156160175,0.9999999999999998,0.1721028511214424,0.6303841355471114,0.1895667204274854,0.31389929599393773,0.2655351302173159,0.3337354880194321,0.15014798173604416,0.19714029622879825,0.11892472230799206,0.24953013257795897,0.21015664218771213,0.2388943679384505,0.32519875378622726,0.21834118151188214,0.2562984016449462,0.33012379844220247,0.41764109475028743,0.43423448358149175,0.18329998747906123,0.2938854750746515,0.13527312296261518,0.3080566242815373,0.3318285710476129,0.38621747400200696,0.24122452041154974,0.3320746828312988,0.2559148108438962,0.2563496381921395,0.22355479760375865,0.15695172373829838,0.13826916362562164,0.277403181524934,0.28087809601202934,0.29817180379891545,0.2015046961809102,0.18257570013217161,0.47925874872793256,0.4033815180689983,0.4246581496966902,0.6313233478927451,0.34611725027307405,0.24721614902457248,0.35449004523230354,0.3082817279990647,0.2611001279113509,0.5212490555595247,0.3520329598199575,0.26563864266393616,0.42651566869455715,0.32504294467001804,0.5829934571440524,0.3895269757895073,0.2647486725874157,0.3499898300601245,0.40676630969607164,0.3270754185701273,0.4194575460409242,0.3065370513449436,0.4480926089934047,0.1486344085960502,0.4800931179146712,0.3943478607746038,0.18180944469772764,0.29871656785108613,0.32009632830808404,0.374341151838532,0.49489045230897444,0.26358348258855413,0.33633409894945726,0.36572857751682775,0.2428856789354509,0.22049970626651758,0.31375390599596675,0.47253008663094903,0.2502058553896778,0.2132084160719679,0.33014170765594075,0.29972158593361775,0.3343771052289039,0.3190989621918717,0.2927072666383358,0.34267239042576725,0.3614351124181446,0.2761520817730238,0.19951949518229395,0.26404675053479015,0.3128150219895312,0.35815545325052656,0.36378889664598707,0.3391868441982245,0.26360191830677154,0.3533314574379731,0.3454789047084703,0.3322624051672985,0.3729352150586986,0.35592358099153926
entangled_1_seed_4,0.622060645358311,0.7119020857560591,0.34246709103586637,0.3766863938004629,0.41183106116858226,0.523993540583533,0.5339119873903803,0.6737494782635144,0.5286684329256696,0.5087771209706284,0.4629489681015237,0.21631754846087803,0.35265429047355373,0.47301843288737444,0.40409461211036446,0.48650466171704615,0.46212720549974906,0.30674715348006143,0.47200394578443194,0.34876704387725,0.42451576708169264,0.2765478758720386,0.41294261761701373,0.204826128815915,0.2582783093303586,0.5209528170702057,0.20088708091761706,0.2264255633161729,0.2802568171877124,0.27580557453204807,0.28752114752856095,0.22614752465015026,0.30925868745179813,0.14441891435280868,0.26357591808265246,0.49379355327100183,0.1640125188660367,0.15248653342359622,0.41484236230283794,0.19057055344794097,0.23733196199872242,0.16284836295539556,0.35612120456434576,0.18668608569918685,0.39956896451692464,0.2078822592284943,0.19592922128357632,0.2095609510003723,0.2466018414085299,0.22327604840315352,0.42629204313690233,0.17210285112144244,0.9999999999999997,0.3052493969784492,0.387208095486972,0.28454854980575117,0.6789133507761724,0.36540769752086577,0.307974432987844,0.3520637327823413,0.3053450095192571,0.3448602338674059,0.4350211256589794,0.22317588526664417,0.421593407975554,0.23251031013380086,0.5259671428851124,0.33680644548056704,0.2845195486926035,0.27788712208348876,0.6084173492755379,0.16215536308313866,0.3891253593687325,0.2290265748481657,0.27406118549964326,0.2540197642559212,0.3258140076074442,0.2853852306345435,0.33238822835475534,0.201459843055303,0.25469022268662417,0.21803774328078246,0.26734551368059645,0.30126505306779133,0.2322820911406862,0.21118257733049461,0.27767715888901967,0.2112034478738928,0.22800654698492004,0.5821480456845947,0.5001298367900922,0.28345773702052857,0.42183358469247634,0.550535356586004,0.5112286720650481,0.6501733018756792,0.6979003506431412,0.4620877776687482,0.44488455545161537,0.6127848126681342,0.2766408937672177,0.5803229770997034,0.29689941855145946,0.4619403609139472,0.6155643983855683,0.4535352200680011,0.488690821428055,0.4929471676983285,0.5620632897003834,0.501271929785701,0.3439912281481159,0.3472655425266627,0.3604298903390867,0.3348567447952117,0.407495306867874,0.4465146647472542,0.383794102435169,0.3099567309306637,0.3122301189005543,0.4917407999512154,0.3829400216071494,0.3703889677751211,0.37876907749683153,0.30236933760211426,0.3111462128765505,0.23128534744023352,0.4255845351145384,0.2730107813405404,0.03450732872371199,0.02737742066736887,0.1508776060083016,0.08733659811855983,0.1726922080843136,0.2128388399355841,0.11517224656574238,0.2654829870191811,0.36499875864570597,0.19611441051387132,0.20465895534642703,0.10400087168730952,0.08160526734494003,0.13131420207097447,0.13519837045869498,0.10735115782751228,0.10622173645753843,0.11991789887398403,0.13909651578493862,0.14319207601452413
entangled_1_seed_5,0.4972389958772044,0.48443117133393643,0.8191348946081426,0.3781369347011525,0.4925627138859462,0.545901287694544,0.6507341155764224,0.32747311959646097,0.3784339135788479,0.5855323853159179,0.6126463757052399,0.5540156317932986,0.7007001182737714,0.682855738079909,0.5344303744855333,0.24567242857100427,0.7226120675349345,0.49734770376934656,0.6692570700778528,0.5408078596860213,0.4605562236478284,0.5093276984002201,0.5476651744714972,0.37507384255808945,0.5880440922392369,0.5108134037250288,0.5977841287066329,0.4560446301155595,0.5113659916086785,0.5250108328616064,0.28871115503622863,0.16309174533063112,0.30987550298720967,0.5561329984019558,0.15702028048579134,0.49765113353244567,0.1847441574080114,0.2302681350489813,0.5112437799841747,0.4357704047229746,0.44681280006786567,0.10020347690654421,0.5502260530903399,0.4643467529037568,0.33035616025555176,0.29147999933416624,0.20825312186487324,0.17045970469581181,0.1787154490431057,0.5408652039482235,0.21232613014834334,0.6303841355471115,0.3052493969784493,0.9999999999999998,0.24825995401799142,0.1836959673091919,0.5020305434526663,0.21420581761915128,0.2794673925310262,0.3103566387942328,0.1505622517761199,0.2370964867170958,0.29252987798020663,0.26940398870884746,0.447764784456038,0.2354351285939632,0.4247138426910799,0.3569746147758704,0.4210107906810798,0.5955131868491754,0.28988075030111565,0.15168789873949687,0.23110886464713842,0.19185626516901383,0.37322328256522097,0.3694174504408977,0.3166797798840643,0.480547227958649,0.3516139670509258,0.20435927292313663,0.29106268052340645,0.22756214278736797,0.15739078839177423,0.3790374066743078,0.38706247500139707,0.41024562714427876,0.18450046834688855,0.15888332617395054,0.3092805189135201,0.4503847296881543,0.3941504793312054,0.5410357068746415,0.3467490146263589,0.32111021871181805,0.2651938563985777,0.40167579827169975,0.4845913768863578,0.6540139377164251,0.32662089148434004,0.41872610923804077,0.49840089128420895,0.5067325436643454,0.5134266635140425,0.39544542692614376,0.3921004236071954,0.2517512787785712,0.5414112391679059,0.4136507579964073,0.597063762043328,0.4870373199482541,0.4958507486954855,0.22369024835071571,0.3869779300267446,0.40013001691383854,0.3276878586173775,0.22870741254741322,0.38086576849170867,0.5894275453708117,0.585789930006853,0.355413856047311,0.20345441054359953,0.4608386423767692,0.2539207653767473,0.2661603026626288,0.2574347409112044,0.6087828974099756,0.25321833553624795,0.3600996392685629,0.036460014326791655,0.05529083098650698,0.17447879452041926,0.03537648138114929,0.18472607949121592,0.1361606351620756,0.1402601023388751,0.2271489518418965,0.20911942082167007,0.2130167229819568,0.10816346363922466,0.13752213236834565,0.11934138262828728,0.15791075101660915,0.1251384173170967,0.09408326879042753,0.11616190257736907,0.11891670043122626,0.12432470138469928,0.11657769647961697
entangled_1_seed_6,0.4575049511219477,0.43864675517418505,0.2948470505703948,0.21744165749938432,0.22735421843705964,0.4878992778810368,0.4605918579536016,0.38562674780107453,0.45852296325159014,0.35787697762954795,0.21552364825554182,0.13372080613749854,0.2956252153165196,0.32318561161759585,0.32106382222653734,0.3315007656333798,0.2832642474304889,0.24983005167999509,0.34765750547053365,0.359126649814622,0.2207769158769859,0.12008517504992436,0.26608208578669273,0.11088406929534972,0.20064544034722914,0.24707546024896399,0.2003960598911704,0.1986005611876642,0.20673467263410295,0.24206467147862326,0.20339878259103011,0.20093438271193814,0.13248297765338712,0.09344058928844595,0.14216204542663105,0.32806575599860865,0.11795429239056325,0.09300895281148452,0.2203763695351361,0.22236775366555556,0.1732954969814682,0.07242445138070872,0.29860716968708495,0.1320232800292714,0.22952219835076448,0.15219917774077435,0.19267935185447063,0.1487414502584167,0.21679624840784195,0.2167950984578897,0.3897912142523117,0.18956672042748543,0.38720809548697205,0.24825995401799142,0.9999999999999997,0.1988117787345915,0.5424191644771086,0.32321335715582317,0.23598092276273033,0.23980842766972396,0.21588399470940658,0.2871770497091303,0.3757282518528588,0.19547745068495187,0.4118487691669904,0.26182305398412864,0.2109644446094777,0.3689094112332379,0.3204607712576316,0.13325820332953356,0.5039669483999472,0.1274778084440994,0.2797900219925963,0.23193085405155978,0.3525423086922666,0.3412151049721151,0.24728727663175795,0.13860185731393115,0.23425072702794283,0.10035273231072406,0.1774992441608876,0.25360927948381023,0.1962731852083081,0.24617907682518583,0.13587525872332065,0.20927868724016277,0.20347260161729733,0.15924094120675905,0.12372213793022434,0.3617476013520176,0.29058103859126116,0.26574575694771174,0.4152488963308006,0.3499301953497924,0.3070123995704009,0.4041129947945174,0.2849134460693177,0.37975537077223714,0.40592188188495704,0.28745808092825814,0.1152009543019173,0.3283908944048068,0.3822093213051703,0.359251939905651,0.3503879175462904,0.2637410093762615,0.3076676289409519,0.3291207787053046,0.3852805190845975,0.3083292448083612,0.21353982378459424,0.29090985250056933,0.31190448312005964,0.1608285398024812,0.24887528185019372,0.2344682868706983,0.19144904319165448,0.22876935582668337,0.20321703135616562,0.38550702729306124,0.22986339375256665,0.22550090597704806,0.2921780355961002,0.16292165297823136,0.22734074983052432,0.1935692080976733,0.24167625033392143,0.20491930473557013,0.024723502902439985,0.016272722027620992,0.09019353937347076,0.06800137836288617,0.10835380941121876,0.10154387929451608,0.07192249219077398,0.1635197048918274,0.18960660885810224,0.10344476379032422,0.13063772473843516,0.05763077131873155,0.04940634659207435,0.07386325407132453,0.12292911942754912,0.06426727056320876,0.05812760470117356,0.08281620595899722,0.0924550694000851,0.07529477114967925
entangled_1_seed_7,0.5169172600121164,0.4844602692296079,0.2680565595398309,0.22597355323925283,0.41004519720197086,0.25038740300558043,0.33604834767463393,0.41265581978887095,0.42524301253296654,0.3738103946786355,0.16751202957498093,0.2792967865293608,0.28817636784282197,0.26629871430005464,0.35430161098661034,0.3509367316883344,0.2431049301230049,0.15758616033570189,0.34652849169854305,0.3953983646758255,0.5300029845819494,0.34679143532289836,0.2755867655371161,0.3735714875893198,0.21128659767663438,0.3224856434424634,0.30386520192076455,0.304277752001275,0.31725458114077276,0.26574163910749504,0.38759093964585994,0.38633426516092384,0.1673344751307661,0.3118794156065386,0.38808519371698946,0.45982301198456527,0.33607702587908656,0.3597812981963968,0.41559773285041784,0.36990940469660016,0.2729924116435991,0.31512687087977026,0.37183362049631646,0.3755294129138338,0.4254839169505573,0.26577164506710843,0.3780533130523683,0.41685859897108674,0.616549231565549,0.2612705408086715,0.31135987716922375,0.31389929599393773,0.28454854980575117,0.18369596730919194,0.19881177873459147,1.0000000000000002,0.3470363568786142,0.517782144560284,0.14499920561105772,0.19169479104126136,0.44427700103597034,0.5768796377194461,0.2773940259313388,0.48144052731862047,0.1920099477028138,0.20341468860522255,0.3884098189077976,0.2600262414637427,0.17475899732339584,0.1975996353255643,0.32683208423008686,0.28909976153705447,0.25976630350160246,0.25240816468514526,0.12033835262835756,0.20698811498640515,0.2995699325013897,0.23142366130194753,0.1573176326827879,0.20853638721475617,0.24967857882798603,0.13209206552252692,0.18851912709728438,0.44251604023701524,0.1350501115872301,0.22048691812765187,0.29354036250622967,0.4737781502429725,0.4657181052280097,0.335345799669686,0.4992449815138631,0.4092706679897743,0.29694739016519484,0.40242818695328797,0.4212928929921193,0.4533065508954983,0.3008247717982388,0.34721035257231375,0.44328032155283625,0.2585148536862921,0.5550474622301717,0.2774327063821834,0.24611432762219457,0.25283068202378195,0.41592820883249665,0.31366568335455286,0.32541090442228177,0.3648478387907849,0.26864437298195126,0.3493572559637269,0.2774749608574019,0.16552105096852102,0.41952463986597915,0.25689877999093336,0.13763526667283774,0.47352371891763095,0.24366658642848493,0.15598095606207768,0.27750902585020776,0.31553052378371793,0.37997723677705303,0.26466301883743354,0.16606804170445608,0.1779025352248794,0.23520818131046423,0.15765604843721306,0.29960154106377884,0.17820620695631723,0.4093188505799538,0.41917405792738877,0.4131849720626731,0.3665927448254787,0.475890944244949,0.4919225835225793,0.40336240537033086,0.36018932472444765,0.38904929599730137,0.30334841571372295,0.4620335019716939,0.45384468533073463,0.45471000162374875,0.4730069248912594,0.3896038702814194,0.4391364248910202,0.48218448016451493,0.47363139515472374,0.4583055930596485,0.4662265117046095
entangled_1_seed_8,0.8025376163153042,0.7795234389907971,0.44556220443843686,0.3983092826955727,0.4121662120719618,0.5925605435010636,0.7957897998346962,0.7916475677704332,0.6548919568730188,0.6212780250711547,0.458527013099004,0.2501486388054078,0.4274466604645482,0.5101001259853007,0.5167831208744631,0.5086630788126976,0.4721425351185871,0.33719350687966343,0.6199793377393814,0.47325912996008435,0.4740568707046398,0.3023767273519092,0.4763965507059127,0.21639245943671395,0.32132713489192305,0.5231708027646048,0.29057524704277987,0.28952293985755034,0.3117146286831759,0.434599125361139,0.2868561226541278,0.2421938209975031,0.1940552198949997,0.2735997088868987,0.2275819130420379,0.5644981744137858,0.17845154584048578,0.1543540956127839,0.4191648085965024,0.290861893137035,0.28767083828463924,0.13759670044798317,0.39054424762334305,0.2577871662120458,0.48969908979246274,0.2346898087923657,0.26098660645492533,0.233041964615316,0.38219457136732077,0.35525666338158834,0.5030654898649364,0.2655351302173159,0.6789133507761725,0.5020305434526663,0.5424191644771087,0.3470363568786142,1.0,0.4389608612208437,0.28555849817591017,0.45695743131902006,0.31702118489735587,0.46081962217286365,0.5145510419963424,0.2567755183057813,0.4626794601505879,0.31348123036624803,0.5659765715582739,0.3915729200674645,0.37792837997898177,0.26761408271180015,0.6838356222210209,0.1979813829610093,0.425417489010197,0.28714998510189726,0.30830134468507936,0.3093770812156322,0.33050872853115243,0.2932185485005298,0.3785027018887626,0.16696482214026998,0.19408161542499766,0.28396216050721684,0.2270982785218081,0.4463721654106208,0.2202624754371826,0.2898454785029781,0.29603563590538423,0.19182435590303115,0.2981863298686897,0.5136042704480847,0.5739174823148604,0.41536601467320927,0.568904180040673,0.6458268179688037,0.5183351667911791,0.7293850898812891,0.6719260126511959,0.5450104202681857,0.6270960903184487,0.6130995873946228,0.3725021584951169,0.5854273054331324,0.40013602399878667,0.5159261801835467,0.6800342144462356,0.39181014953562887,0.6134667476002804,0.6066156609750943,0.6606892404495331,0.6101133863617879,0.34474010653868165,0.399404906552162,0.4225918628032312,0.3046131697915105,0.3299497651000396,0.4255196745048741,0.41998988418270716,0.33576380023592545,0.42549826642334093,0.5719825137303953,0.36168912800387293,0.33800202031285226,0.4071838754256529,0.24129142754546984,0.35528633832455014,0.325209949493731,0.3623145682184542,0.37112880097760254,0.0727260123149378,0.04601916228849513,0.22401045605317826,0.11713228183524411,0.2516686376550923,0.28496987709230914,0.18433511585626092,0.40996701856884205,0.4814900716991183,0.2818765238780954,0.2862854828930881,0.1502291769049589,0.1312636223975166,0.19634342645031522,0.23726531830210948,0.16187988680047385,0.15538043406960064,0.18683988331341828,0.2217439705594178,0.19464010932435932
entangled_1_seed_9,0.5211321760859329,0.5410339002838862,0.2703942893668673,0.24616352269117453,0.38052475657200174,0.41862268906880135,0.4175355774289695,0.4358213908238179,0.48246208732300505,0.46958553443175227,0.16910742426755637,0.2605845556518772,0.29604790763681815,0.371663227860601,0.3614464493681674,0.3581813518970447,0.2831991028792688,0.349020069950027,0.4181572406669764,0.4205385910189215,0.45802692045148474,0.31331471946617884,0.32407147767727773,0.32045290984421887,0.22330520754033414,0.3410265305947582,0.2941177923540524,0.35352388959140524,0.3394797449328551,0.2931438194454664,0.311685815525394,0.3309259083198574,0.3175669797204092,0.25447897005721376,0.3040441373398361,0.44223944683958494,0.3656478298856068,0.36219782072358164,0.39353431292086083,0.3705292365881654,0.33587417716134305,0.2684375202301371,0.47367319187618984,0.33825524751476455,0.3992076472713693,0.3122464348299161,0.403946757013313,0.33969602762800866,0.4670662976648599,0.19058222521953044,0.5146302566015576,0.3337354880194321,0.36540769752086577,0.21420581761915125,0.3232133571558231,0.517782144560284,0.43896086122084377,1.0,0.22050244467204919,0.2114286948921471,0.522449485610023,0.4458556146779226,0.49117772357077244,0.3950207435817461,0.23939750589462377,0.2358042924179247,0.33738171831574426,0.25099851118522143,0.29485963623138306,0.13086336868265794,0.4868616884740135,0.27538618252754493,0.30167388881769136,0.3708340525060025,0.16280167911583893,0.2539438856984226,0.30812958844842975,0.1717023590731974,0.23545687031265783,0.2563146707110836,0.17163918215019325,0.2071445645994013,0.1987311989667543,0.370313517877409,0.16322946946534586,0.21303439461583729,0.3949251845897886,0.3848013584853897,0.34978277514141737,0.4177174507613601,0.4641912258151483,0.3917122391875221,0.45181966064345136,0.4430077858215122,0.3660707217160773,0.5340531735392647,0.302137064474933,0.3567512143181885,0.41033372196623735,0.35368865776763586,0.32031842828103846,0.3783785587916975,0.357740848980959,0.4572966483527693,0.34165063592707196,0.3203008989121845,0.4813510999411551,0.44831565365682396,0.329710714166409,0.39125899104065814,0.1857373539391172,0.40513522316736916,0.4602322778137909,0.1979774443167369,0.12590637454104753,0.38876260338422547,0.21200208030914108,0.15000927442913664,0.26387507985390807,0.45237406785920065,0.36707274727961564,0.24116595140900388,0.3419981170162904,0.2705966164023223,0.30631123958580364,0.18394675474379452,0.24115260815004463,0.1914974660716258,0.25827333619755255,0.2885394798263427,0.26744374211902916,0.3051540180391582,0.2900797489244035,0.34311985086020536,0.2827223310720326,0.29327139277266884,0.3437509933019603,0.21197633891651685,0.3607776537220396,0.3194139858558512,0.31163276211238694,0.313160767826626,0.29419208789191176,0.32635189108686663,0.3413615424247905,0.3270314628200936,0.3293901649301013,0.3346991857541078
entangled_2_seed_0,0.29472452952918626,0.27584675792516594,0.26538383945524385,0.38739658821622297,0.3545877014950299,0.2434454790647704,0.2350289076294191,0.2298144356835359,0.32662076321961114,0.22681547456191692,0.3793687977650736,0.32441075436729716,0.37740488591491866,0.3615545343516685,0.2703554807648448,0.39274068041751486,0.32918493342093835,0.5131944732372323,0.33355416670730176,0.1774923579692968,0.22135334561285874,0.2765712443245204,0.26886316315017966,0.36673528197315264,0.37563090484392486,0.3491963568675059,0.1954033353161754,0.2873959249998563,0.12692204224204212,0.1525844769495705,0.2747947597465154,0.20436436080260267,0.31602625614962676,0.2696300613313354,0.34094140797085565,0.4019482366187753,0.20102653804919432,0.16356213497435435,0.26765382457444264,0.28595092520418686,0.3768910784185589,0.1879138494161234,0.30420280252949383,0.21351110686287975,0.15716916558455335,0.20730991966925189,0.3176337779765557,0.23832129594703572,0.20690757119769626,0.3606499142023847,0.1716997541055798,0.15014798173604418,0.30797443298784405,0.27946739253102615,0.2359809227627304,0.1449992056110577,0.2855584981759102,0.22050244467204924,1.0000000000000004,0.333777519937334,0.24944153135138072,0.1658778184290674,0.22148225224938567,0.4352025307666379,0.4908810875294656,0.17711254053691497,0.36587611550785964,0.4376910319344178,0.3972515565118193,0.11639175215853649,0.28925360779733983,0.3108905260717362,0.219346124242523,0.21116141007057884,0.3083859303894427,0.19476260664323777,0.26255768060309814,0.2696718942544004,0.2744387145875967,0.1321775328304059,0.2501214259772451,0.3328825614645028,0.29742717286928644,0.33392613247578196,0.37452887258591333,0.18608360870718973,0.19430039185689632,0.2141913683912073,0.21357745597719216,0.4382395040478542,0.2812379080069674,0.24009523403167252,0.27902286913542723,0.18103171538931287,0.27405642084918735,0.40752473596462085,0.28709821928928253,0.35613345789232115,0.3129559277538302,0.42327765387832655,0.29749148430959377,0.48377287366764826,0.15847955597911592,0.2995781522392754,0.20137971604749885,0.38161145253758366,0.2808862232693578,0.42948567149628086,0.4005569324006242,0.2879393615637451,0.39185891727250477,0.4595691852162748,0.26999557861129114,0.29944312333547657,0.37160735428739755,0.3290950634320393,0.29760944660987654,0.47642155437827494,0.3862007278878817,0.3464991139387313,0.3703098729747597,0.33787428593529845,0.2818149399943188,0.37904624944564036,0.17851174594502814,0.22603601171947293,0.31332744275726493,0.3000130769749473,0.08157783872521683,0.09045428614044591,0.17767374582552384,0.10807055117432066,0.1500327145523164,0.13404765392205276,0.13553338711184,0.16160753008654982,0.1544444175717928,0.17097219865582133,0.14737200657729294,0.10909620338554456,0.13837174671120572,0.1147273477835702,0.17041762820131848,0.12984566636528977,0.11662430319781036,0.1255202517298077,0.1254162975039227,0.1269937350168883
entangled_2_seed_1,0.4083800356493532,0.3615676780605717,0.30474052486496467,0.3646264285424086,0.28180967248896327,0.3753143821071048,0.43047316874679553,0.285716530815248,0.42070878815917834,0.2752229727076235,0.3493215524180843,0.23343763248690585,0.30378567770620907,0.3287543806359613,0.3426430649985371,0.3210889226148429,0.3836489047165048,0.32166443920297294,0.34445456560398235,0.1980814697896059,0.2444751900771789,0.2182858248949863,0.39760185317361013,0.16654622261250085,0.29391129434817453,0.27167088743927204,0.28185219864346495,0.14303925131556963,0.17947657858028293,0.22091178980528248,0.19330960225901425,0.19556729678067752,0.2051918207591034,0.19464289539363586,0.20833999796111594,0.3132744303942441,0.11743744185063947,0.13024354690445586,0.2705841864548929,0.1528340980232844,0.20426563877441412,0.1382586970605627,0.28321553382743225,0.14364969199591052,0.18511865538769337,0.18837812327800246,0.15668505639548796,0.20652621098863164,0.4015842183456527,0.36836766591555453,0.24504899667372493,0.19714029622879825,0.3520637327823413,0.31035663879423275,0.23980842766972396,0.19169479104126136,0.45695743131902006,0.21142869489214708,0.333777519937334,0.9999999999999999,0.22936731798420093,0.20094825178065254,0.22160261478857549,0.31525270947303874,0.45653223352085487,0.20493113279161293,0.2832526800391765,0.36807191800426864,0.4116259395106232,0.201928359041249,0.3693513927739689,0.15895888560855814,0.25506925167047945,0.32010666466309046,0.29885996320755276,0.15124592401369613,0.24621636788626888,0.25608238176499293,0.3653615423863534,0.15402267825239455,0.1949244207737809,0.2875417124660518,0.21025273322497134,0.2893220455639618,0.23232435997201156,0.1882537116296585,0.26670886362328045,0.1580138615277738,0.1761424277651784,0.4311150114698408,0.289063846317084,0.27541459991933825,0.4282169880711604,0.25794169381984433,0.338344154461626,0.41380231518444516,0.3000473125317365,0.4067375582718911,0.30470290165330466,0.32991740707945344,0.1737529044252803,0.4804005951432027,0.34872677253615736,0.28914119176328434,0.24108087611251564,0.2964316361064537,0.22725608544704431,0.349437440426795,0.4377847143227058,0.23697678370205616,0.38270508853437196,0.19154661300353934,0.21239796347778556,0.28512820945415307,0.33226135261321166,0.3008517295798452,0.17467211416641998,0.30013374595844483,0.35219732508421686,0.29204267681268886,0.2506316011155426,0.35935509383593006,0.21066060327157748,0.32518273857483904,0.16580740502410618,0.20283334812969248,0.2845572304901622,0.2804067350032613,0.048936800536144104,0.021061669086179333,0.1779530391739362,0.022987826959685938,0.19486385584241592,0.10549100766380798,0.11592253835704378,0.20773248807511552,0.29421421926493996,0.20057155972926136,0.11333064766656165,0.10415338891659802,0.09967330167371795,0.11743791261370912,0.14929141218571115,0.07969902494811555,0.07545482931572545,0.08982598122632787,0.09519278662188531,0.0935596701912264
entangled_2_seed_2,0.30004777630237334,0.2990786803898892,0.1448055659389249,0.2151082228185594,0.18867060329793217,0.20866890079346825,0.24154038826204025,0.3122388358705769,0.30753225399332307,0.27779812108358487,0.1663576713814249,0.1146176700306813,0.13980961809128373,0.16059422700304776,0.19873643938398702,0.2635907889997174,0.12476996836443725,0.17375277261396851,0.1647523324383776,0.22172342980703622,0.21374148983637925,0.1297392664210534,0.21035323761621258,0.12410984508220914,0.12073259942701203,0.21246971915249238,0.12080405973647637,0.11774036548980862,0.16440191034960597,0.1430787456991397,0.17074202471043318,0.15567177461279727,0.14288915777108543,0.0850728321520123,0.15959236462180143,0.21622397577609775,0.10916428019843567,0.12360820496280574,0.17688921856850393,0.16536223117911525,0.13836799027605567,0.13469171526627474,0.17600666390502165,0.12555248635569108,0.23839718134780818,0.17032148284421594,0.154265166727399,0.12856326046239447,0.3487496990519741,0.22253898600799796,0.5962780146917727,0.1189247223079921,0.3053450095192571,0.1505622517761199,0.21588399470940656,0.4442770010359704,0.31702118489735587,0.522449485610023,0.24944153135138072,0.22936731798420093,0.9999999999999998,0.34837802538107576,0.29893823268873465,0.4980867133688935,0.1491977497905843,0.15605535195022674,0.26145070353816185,0.28023860553990965,0.17859820902619525,0.11132646027138281,0.3865313839199141,0.18245115016818625,0.3073287193977961,0.2521776289957758,0.14466993255754151,0.18333356647443236,0.2568654620746795,0.2727063310473622,0.24589057127943936,0.16618581025096932,0.2425957951208566,0.16966233153993054,0.3043315273572013,0.2646135281014745,0.12627706421138502,0.3431439369258008,0.33493781949116863,0.556665108127785,0.1367195022446444,0.2421382488918474,0.2946940938285093,0.2070991189041491,0.31634387811677167,0.30482446217438774,0.25799399221964414,0.33810877129625894,0.2769852857843736,0.16459683258355834,0.2516108103673005,0.251238817788401,0.2827621073463028,0.2434307049838532,0.11779861648852617,0.27689899063563655,0.3442796894325018,0.20307901499350953,0.22921287946569371,0.32848437599850827,0.24965813042565177,0.29807875172307874,0.1465633363403745,0.1737090186394635,0.20883174789274578,0.14703777219057707,0.11599674197991654,0.2424162126352734,0.16864653444839087,0.1538007363703422,0.15396119345647954,0.28702874662180006,0.19354067568043004,0.18535330121357366,0.27961340917489164,0.1672064290604686,0.18879996190596757,0.13360320467380804,0.1964775285823945,0.2832041288980906,0.08009143583457635,0.06968819805567165,0.16033802253575372,0.09412471995122232,0.14618467840787833,0.17802341843362407,0.14438331814889155,0.21189065330423337,0.2718831130594703,0.17254150764561932,0.16663918810246384,0.12729932181173584,0.11743839860155728,0.14084553401813,0.11612563767545099,0.12561194125258596,0.1263882714109199,0.11899359292045701,0.14820733821504867,0.15914956771968264
entangled_2_seed_3,0.5705632495069198,0.550392430163796,0.2923481579268072,0.23919285345083507,0.43903902105382114,0.24217638594671334,0.40193507329272593,0.5399478507809657,0.4674784334859622,0.4660341070605078,0.20239468625582616,0.3072304772559188,0.32806118687192637,0.3159610571165604,0.3850302569302137,0.41512178877821276,0.22808920003018557,0.18949945754977726,0.40441569129017535,0.4396717902813486,0.5198590846567268,0.36069518674625767,0.3116836846099065,0.3887929942781577,0.24509013135329524,0.3728792741815391,0.28998954655240955,0.31016869442461414,0.3574205617492446,0.26200483419324916,0.3592945267079651,0.36747425745201817,0.1715115961417516,0.33085218310859593,0.36803757765307465,0.4810874774560814,0.2989721449549339,0.2989554061618309,0.4206884479517033,0.4173849347684125,0.3534298148183211,0.30267624295223033,0.34996256543620596,0.3878195816210944,0.4840563028503278,0.28910514877644045,0.3934181677719657,0.3884236240169847,0.35142659104616436,0.19867763727038798,0.37026580803652503,0.24953013257795892,0.3448602338674059,0.2370964867170958,0.28717704970913027,0.5768796377194461,0.46081962217286365,0.4458556146779225,0.1658778184290674,0.20094825178065254,0.34837802538107576,0.9999999999999997,0.29087339077575297,0.3080507711858609,0.23395640662423584,0.2791850352844438,0.49232803368546796,0.17543595107821414,0.24534239076904024,0.28136986341716996,0.3778789754317293,0.17605056102362499,0.3528782119425938,0.2527902705760137,0.14092373940386688,0.23756488704647225,0.25193632428404605,0.17871095924583166,0.26902279359442033,0.1956753113887892,0.1334326726873041,0.21585023896050015,0.1473276577763247,0.418400316505191,0.1660536191583814,0.25275826011595537,0.3132258864602496,0.32262679211344303,0.4163258612326255,0.29294645961289173,0.5585034197117574,0.41981115409778835,0.30101263561965136,0.5084363441573212,0.37985763644557546,0.4796071876949871,0.4553127841347495,0.29030329089716767,0.5384045795507449,0.38837205267122143,0.5252872308993386,0.35789393506857825,0.24074936317266424,0.3332212140035578,0.5176996975874976,0.3726615970595624,0.4144044481624527,0.4323863985728535,0.30827962943258536,0.4087551878122879,0.24383287017170213,0.25889631483126335,0.4726781878445101,0.2657442022610177,0.16631290877843183,0.4684922418456703,0.3262888448856017,0.1922972021586501,0.2844649824457243,0.3530916890415342,0.4003498405663226,0.23834242570960176,0.2952226434459819,0.2377085638297145,0.26384516144677134,0.1960328709116423,0.2899965820207182,0.21873319518251252,0.3100879763191463,0.3837704620576142,0.3490291465375718,0.3438267851746413,0.4384881549585075,0.4662841781137916,0.34225953364648654,0.3676469100236924,0.4461414746341451,0.27668031967981016,0.46554211764976167,0.3993590483560688,0.39271982128509786,0.4147139834848715,0.4082403002716749,0.39877310269368565,0.43859192244524803,0.4242976736759363,0.40754362973224506,0.42405778924644194
entangled_2_seed_4,0.4800142129065104,0.5682035447133275,0.27016748772318977,0.15151758661983744,0.22959441967203745,0.5220124724480606,0.5132675754668244,0.4782472853566021,0.43501067318023123,0.42564949655950896,0.20739310670996472,0.15819388071294627,0.277100630571103,0.41397144478917625,0.32683488745315675,0.30095292221688447,0.3482409461008105,0.29179960940971644,0.5017860101297712,0.34819577698580817,0.2913632562774301,0.1993154146931386,0.2797348735451752,0.12013867178308875,0.16211896699217931,0.368416130894827,0.27142152400400155,0.291761787285633,0.30853589534924003,0.3118079895900871,0.2118880830312416,0.18165274680621313,0.2506822359030987,0.12004591171799718,0.10058685022179709,0.3640371169691651,0.18695015146306795,0.16957305208199566,0.3221991829529161,0.19423871032530596,0.2149154461102733,0.07469056174593434,0.42040065211127714,0.18347005215103263,0.3076593122140591,0.18240285411910817,0.1734704150135715,0.13024794179203175,0.29165871751896444,0.14265427772658634,0.46137379198439615,0.21015664218771213,0.4350211256589795,0.2925298779802067,0.3757282518528588,0.2773940259313388,0.5145510419963424,0.49117772357077244,0.22148225224938567,0.22160261478857546,0.29893823268873465,0.29087339077575297,0.9999999999999999,0.18762740803932643,0.23642809602367457,0.328263212360122,0.3114685589011705,0.25561372021629586,0.2952925804329136,0.15305538299918156,0.5536946718756603,0.14030947956757447,0.26197174669071815,0.16590517614174005,0.19978668027065405,0.3068760215389401,0.37986663972157914,0.1881945711699156,0.24410893107834492,0.11352072817283311,0.20433614447790016,0.215299666700854,0.20564093745459575,0.24690715198872779,0.13528835797301872,0.22372210518218993,0.29820968786642504,0.23284343307330047,0.13436150808333558,0.3976892855486487,0.3200429407806416,0.22386969916171195,0.4554687730335318,0.4300739478816075,0.2336432299301043,0.5047925375373793,0.34292916613177404,0.38565673366118775,0.3632565388424212,0.30304380103132705,0.1718310318027823,0.40087794476449656,0.41791026798071873,0.40630735800645174,0.35292391291486397,0.23530168276288962,0.49232990669677384,0.42949036605768975,0.45711837383104026,0.42930925292236155,0.2017010618461307,0.3993555660523307,0.3483430855570434,0.12052164181904579,0.18662817412151705,0.21684215654560607,0.18531131962936082,0.19187909535659559,0.22610492823916326,0.5200251062804994,0.19940096223323867,0.22410987055676074,0.3279889074800591,0.15729626806653277,0.33377611625754827,0.16747435378906575,0.21049920947746056,0.19121958907111722,0.03068803708948511,0.025877069761884787,0.047673841811549794,0.07046002100817655,0.09255989747205234,0.11306652422304132,0.038316053969665656,0.10626541608463233,0.19449928321419319,0.051262664655967724,0.136493557104186,0.05663068584707963,0.0379579708686299,0.06431135746165902,0.0861862932034501,0.07118062284979706,0.0641408024018777,0.06713287913422697,0.07384192439829688,0.0800131633321893
entangled_2_seed_5,0.31957430886940935,0.2289212230360467,0.29661787980607407,0.39821835987981463,0.35374959301897085,0.1903976060820273,0.22369136243427798,0.19096203552624785,0.25900620115979844,0.22984722347372302,0.3104423967792187,0.2766188167707572,0.30591435123921745,0.21368336463634086,0.28909639176165375,0.3285917528652896,0.26553621520454507,0.29692313193280906,0.23479732610623053,0.19434756822519034,0.28533298725347256,0.26716453079366337,0.2516001831925545,0.31619818591595705,0.31076588478943357,0.31275604742102325,0.20114433782018395,0.26070548658925474,0.17826133441120373,0.1642166230233657,0.32434466441998183,0.23955504958282225,0.18485222602022727,0.24439519984054345,0.3484090540933359,0.3565693121949434,0.21243381835373928,0.204973182991278,0.2985995914292119,0.2720500581283502,0.2971237956896741,0.2230207705969045,0.2397163230765464,0.24897561405517055,0.21116567740337144,0.17263397781388085,0.26471056282048355,0.28541614568074025,0.6070951090275646,0.49129607034037226,0.30495755913747136,0.23889436793845048,0.22317588526664417,0.26940398870884746,0.19547745068495184,0.4814405273186206,0.2567755183057813,0.3950207435817461,0.4352025307666379,0.3152527094730387,0.49808671336889365,0.3080507711858609,0.18762740803932643,1.0,0.3454685627857047,0.22444160175037145,0.31168458457132014,0.4925693316133412,0.3734649659136759,0.14051330812460935,0.2823192252008062,0.40213492129503575,0.2391160741596964,0.3159703670150633,0.22557015165290573,0.19770801754531434,0.32342133223089664,0.27593160755557783,0.25607217171627894,0.2641941262225994,0.28537054508926335,0.28988942399705253,0.29498293847057183,0.49616393261332575,0.23505323436698022,0.29867224061400643,0.32753685136094907,0.4320870112492108,0.3275414418567292,0.33958361943555737,0.3325404759813006,0.29729626005435084,0.1728701023546638,0.1317171461413884,0.31656006046946555,0.3166842056498851,0.24403574722260002,0.3094787257336701,0.3217593521382717,0.30329568006795177,0.4625899055093834,0.3215513414724054,0.16210164810114558,0.24926181561856411,0.2391169679053295,0.27708633109204545,0.23869250537538214,0.32869445368337113,0.3153579243874286,0.2805065586704691,0.32839699577342174,0.23819202835011397,0.27735688405681647,0.3041960139967556,0.26258658666741264,0.3218116768738425,0.23989353247776166,0.39459650881909836,0.3696191341957076,0.2796674789274209,0.33717954408184636,0.3595718424215219,0.1802933650763877,0.2990687199115364,0.12622003178502625,0.1717104564904195,0.29018025031915023,0.25388740665707754,0.2302851311209715,0.22330816863604971,0.30697564454378473,0.16692527114532155,0.32503271229641795,0.24327932964937996,0.25463817213828316,0.2780377353230178,0.2828222628731419,0.2690589987017963,0.24862309424540066,0.27125313298595577,0.29440155134993085,0.29579371914367364,0.29134101829264125,0.23336849050018893,0.2871758978781443,0.2866622078737672,0.25286369391313374,0.23850751429560485
entangled_2_seed_6,0.4910806765579566,0.458922828879878,0.4245571982239048,0.43168718841308434,0.5095600627932599,0.41061508402624186,0.4702466031042864,0.3651455984904158,0.4561769481157991,0.39820112106312855,0.5345151306488182,0.4059200099531685,0.5632694397653657,0.4968155289928723,0.45335374079423535,0.4135397234223858,0.555796391405007,0.43841532987153775,0.5411270530853516,0.36095296750661554,0.33343451365124843,0.33926370623694446,0.45406718602003204,0.35083479337871687,0.4918817369074665,0.3788772798144869,0.3260027538914373,0.34173494712013097,0.2246199755025865,0.33313168840011914,0.3422647326916046,0.2533979430310989,0.2110280569493442,0.3375144327729328,0.3295218343051499,0.5375591104864276,0.19782728895827542,0.1403245475992271,0.38379579316336315,0.36231601241306466,0.40262398347957495,0.16013591903308083,0.41399435724483175,0.2933053777276843,0.24655776064430285,0.17890002834110752,0.3308994166950351,0.30094953591750523,0.2082835970906002,0.4089661448218644,0.25923300953356615,0.3251987537862272,0.42159340797555395,0.4477647844560379,0.4118487691669904,0.1920099477028138,0.4626794601505878,0.23939750589462377,0.4908810875294656,0.45653223352085487,0.1491977497905843,0.2339564066242358,0.23642809602367457,0.3454685627857047,1.0000000000000002,0.23403003042849188,0.34976410869091656,0.5701810254051188,0.5090927077623904,0.2548093807982215,0.3738877351849253,0.23654269127423128,0.22867215875736696,0.2910822511396012,0.5047342483173327,0.309275538434097,0.24331886196889568,0.3328895898444036,0.31988529062731325,0.22679860134888233,0.22467812175116275,0.33134094327408586,0.25706732652306974,0.3401919388345071,0.4171392402644969,0.23835473130003845,0.24417207098295082,0.15363725190388616,0.2781938080466827,0.5440117593098193,0.40780636357244887,0.36884370453135285,0.3569443450723185,0.271829589811107,0.43046990440118277,0.47201394532593455,0.3788588268037785,0.5744718714376137,0.44870449651369476,0.5119285767892999,0.28184818383637084,0.5989224382158721,0.4316669836735646,0.4043247220419702,0.3237172575900101,0.4276995138604892,0.3657250318692894,0.44035597029778656,0.5196354673229595,0.3468934983496816,0.5094972310211475,0.32013681940969124,0.3828367484866769,0.4269284197190359,0.45218110376497095,0.35073093725495674,0.3382118110894159,0.5128153051929792,0.46869409203909174,0.3766746278210476,0.390264600119866,0.458384075073831,0.30416818044500754,0.3867704150830922,0.15885786347824787,0.3521781164173463,0.37536770502741934,0.2604235488670148,0.0975613528206939,0.09276952145149159,0.17694293535854513,0.04710185906906513,0.23923603392869405,0.14620046807734166,0.12329494829064068,0.2026769455749835,0.20554967797206541,0.19438625729399825,0.15071622751972685,0.16555887036258077,0.1547495640445082,0.18503213055511442,0.18275535227908765,0.10330498485039606,0.14418368369349546,0.1791553270567318,0.14548953978235982,0.10349294590813814
entangled_2_seed_7,0.323686712370722,0.26363020175693747,0.24026406985386398,0.21342298674764867,0.23348434677836738,0.3016561288959559,0.32233770187855315,0.17536321837491164,0.24751220496877524,0.20089152173009142,0.16774943574400425,0.1987738505724237,0.2698601784156114,0.28021281701951795,0.35057748030758595,0.15987465321145197,0.3172029739554627,0.2523619024854447,0.32877920392384485,0.2514342351110237,0.1790215646213256,0.20759264876971292,0.3137043422789463,0.1717807432865162,0.24885396183870526,0.18010244539204337,0.3518036442719904,0.2948381041956319,0.20184558806732655,0.2364076590938843,0.15420606214980248,0.2363189544717292,0.20428755138595234,0.16916892813043732,0.14564463785596865,0.272465169066208,0.19703735338709347,0.1745100198020389,0.29815000808907266,0.19105153548710677,0.20674867613492365,0.14375661266220258,0.2886258538516653,0.20314941894539013,0.13900582935300013,0.16252124230616788,0.18561461753286193,0.27446904762348145,0.2217870862769042,0.25017926159623094,0.17762499519549657,0.21834118151188214,0.23251031013380086,0.23543512859396326,0.26182305398412864,0.20341468860522255,0.31348123036624803,0.2358042924179247,0.17711254053691494,0.20493113279161287,0.15605535195022674,0.2791850352844438,0.328263212360122,0.22444160175037145,0.23403003042849185,0.9999999999999998,0.15765549430402076,0.2525312083227018,0.3076571044343975,0.24246297727854793,0.2533824809947506,0.14605325088125634,0.17989556967576184,0.21638939995296397,0.25647527914208007,0.25859037101872884,0.17735999982544215,0.1463132633102745,0.2185559654917656,0.13871262199857898,0.1607834723829469,0.2553281973998331,0.15376398268918753,0.17794774009685213,0.12183081626999122,0.26392149576844254,0.1697965945704257,0.1807344056025419,0.16468016751853426,0.2527150750348577,0.19087927133465013,0.22206652969397067,0.22689628402009127,0.129972830656455,0.24236863687295937,0.19758203439394023,0.1718341269759966,0.29548342298385605,0.21663920753552227,0.17752079576604496,0.15682594957157028,0.27562516717445806,0.31846924594446174,0.21539850560687046,0.2145507875345015,0.21720098180532832,0.24604893296595154,0.21580866798151066,0.29029393706911105,0.18379957259664115,0.21015941900363136,0.23404371013433334,0.2532101005524441,0.18350348355727517,0.16919411291352512,0.19299233465795124,0.14565963320320527,0.18912404078026585,0.20225683324696547,0.3452847046957356,0.2047269991644295,0.2996450756451735,0.19966778736431595,0.2117351120945781,0.19901501374772995,0.16538935994867343,0.19325716277325064,0.17455068835033022,0.06917040737452528,0.0785776924262493,0.14040881889609025,0.06927639858123105,0.10878666460064049,0.13796859435038644,0.11875311946400524,0.1696323104292805,0.19843790203248216,0.14569795946015104,0.13439204584873296,0.0986473569340996,0.0994380639889354,0.11364515073892491,0.12384080183751797,0.10566763906992126,0.1037924686187958,0.11438936487898713,0.1255177264526469,0.12393770696050285
entangled_2_seed_8,0.5737269610538578,0.6510447786348125,0.35392042137867274,0.4082988928134041,0.5188138853938631,0.24337477357871276,0.43375140986895905,0.6820912777474415,0.45452955022797387,0.5768340154024992,0.4600500971579207,0.41197690095785383,0.3900291315034872,0.45129250336803967,0.3988743590795814,0.5181890600292259,0.3367693547424551,0.36473606979021195,0.4972410985529211,0.4277274535914226,0.5510412235151363,0.4757033372989848,0.3724064551227146,0.4160388181012033,0.3325050946362566,0.5741647543405944,0.22677216529652733,0.3420761529977295,0.3723225409065795,0.3222469393900298,0.4360388754614415,0.3271328625518535,0.2805216660133672,0.3929612973129236,0.3685788607208053,0.578429200161521,0.2451697494192623,0.24767162023139253,0.49342313873358995,0.40977522343068246,0.41284320726425894,0.2538528769103344,0.40503408369615884,0.4173974244287739,0.5560504012455779,0.2741824430405329,0.388208192648082,0.29261626681415087,0.3222935126094192,0.3085167480823175,0.29784693631112735,0.2562984016449462,0.5259671428851124,0.4247138426910799,0.21096444460947772,0.3884098189077975,0.5659765715582739,0.33738171831574426,0.3658761155078597,0.28325268003917653,0.26145070353816185,0.4923280336854679,0.3114685589011704,0.31168458457132014,0.34976410869091656,0.15765549430402073,0.9999999999999998,0.3053204218552358,0.172694671636577,0.31765031269536687,0.43639498412348865,0.3224869009598544,0.3981600859592026,0.21656855173605674,0.20119185449149624,0.23220941553410923,0.35531633453252354,0.3311802336838143,0.2999082752728826,0.29879120990883773,0.23412115183167878,0.17727384450337505,0.15350464387444024,0.47025411134997386,0.2577617395078646,0.18818881216324101,0.2870532137662568,0.20104210703822448,0.39708967172886833,0.46541573255872465,0.5871860695843089,0.40434184459965267,0.28134964005272844,0.5685202155712337,0.4941367783382605,0.7045299000331889,0.6802858753295359,0.3096091931617815,0.49999178525736515,0.5680382723496159,0.5988456533975608,0.4941283271322699,0.1314050714378392,0.428045978726873,0.5417486147969535,0.48551813209854583,0.5853999014940664,0.559579561844241,0.4748278688555459,0.6408502871165815,0.3445142764211426,0.3719084804552898,0.481923807398572,0.4076156481028808,0.35306885959304113,0.48146596468589314,0.4883689381307866,0.41489016622119335,0.4432855137109829,0.3749931966376393,0.44406235523368837,0.3803604275590079,0.3462843067166309,0.392420763873316,0.2547959918501746,0.3117072817641334,0.36152791041788723,0.2876584346787424,0.2039038791893854,0.29439616124480056,0.41344022563355537,0.2197534061228187,0.45710716609768626,0.45888136348082137,0.35304457547867113,0.46213822720694236,0.49709158027723244,0.4294346568612366,0.3877143881428304,0.39230467775030836,0.3645643621894561,0.4208869616377653,0.330809084436859,0.3378348316674478,0.3873583717626731,0.3733427080315925,0.37504623726628566,0.39010986588738494
entangled_2_seed_9,0.44078255535230015,0.31196615616149803,0.4408305572774862,0.5265500646159385,0.4539250515850133,0.3731067402678509,0.35290494032541264,0.20658312241802446,0.3549453530852835,0.3149586067294886,0.4937821077929803,0.29930593791967797,0.45352401953417093,0.2652892691091165,0.4299887860219684,0.4093390889370681,0.48881437880818523,0.3691749519615477,0.30553501511864084,0.3330324898275255,0.33926316600208095,0.30402245605301936,0.3367754503342605,0.28515091541733895,0.4656716090130206,0.41236051606845553,0.2889050749910432,0.30172743186201434,0.2381530573935545,0.31755101835066424,0.4457251714112695,0.30029327150657426,0.20602546474767325,0.2684578760405695,0.4166691860746404,0.5014327070969368,0.2471231795110285,0.26227902132329056,0.3814133253307617,0.3516397036006719,0.2548181859586579,0.23138291932198599,0.3051697847124643,0.2768961556080988,0.23036945975741252,0.18274049963067812,0.2896480750226332,0.3482378140374426,0.3712825917728418,0.4685408637914821,0.19396030409960427,0.3301237984422024,0.33680644548056704,0.35697461477587045,0.3689094112332379,0.2600262414637427,0.3915729200674645,0.25099851118522143,0.4376910319344178,0.36807191800426875,0.28023860553990965,0.17543595107821416,0.25561372021629586,0.4925693316133411,0.5701810254051188,0.25253120832270176,0.3053204218552358,0.9999999999999997,0.5002790099419072,0.21285111561796838,0.2835008408937436,0.34873232230091167,0.20608001734208595,0.3313080024407646,0.5093247072719463,0.2717218178265611,0.22468300424213372,0.3757605962062505,0.27822710117703353,0.20085606850936782,0.29501524479040037,0.2792681538480055,0.38191751818458963,0.3877198540169016,0.32177937745195484,0.2651966801090642,0.30888524823850416,0.24048931793094946,0.4297444122350827,0.5792705147095145,0.39951528570139083,0.41607445889559314,0.2983300622340324,0.11586447082590821,0.5567322064503725,0.41430824110366354,0.271382894695907,0.5011492471018922,0.4354222508057239,0.3600174614912518,0.28803957907844363,0.4381531662479349,0.3023182883202004,0.3210556600852565,0.2484899386718529,0.4736256425546165,0.21318530948145129,0.36804055946245684,0.48207863671342094,0.24281805815951926,0.4244243257404525,0.18308269083629308,0.35645272534412326,0.3899108446568013,0.49074805413106415,0.3615144375964327,0.3105534922415661,0.5040444546873551,0.4969161332512495,0.2674758714410763,0.3720534071003439,0.409611488540205,0.2769263359137157,0.3295755456242232,0.1987216152627035,0.23735764057625122,0.3888083651576157,0.33440889620479763,0.24186013956081476,0.22212569914771804,0.3620820619862409,0.17543691111433582,0.3482131106861702,0.26974569348659605,0.2923512773338518,0.3314725963619414,0.24271837421398368,0.3613433077615086,0.26749299166589313,0.2933659577265566,0.316494849129333,0.3077699735346809,0.3157882849275848,0.26161427148561184,0.2827684121503833,0.31505879276777815,0.2951860136512057,0.2576596795807971
entangled_3_seed_0,0.505592861873052,0.32362228565635803,0.5151768845113361,0.4817692544000199,0.44993978202680623,0.47572176764132296,0.48887983037330773,0.20562046863924083,0.3858268696148587,0.3695183582080539,0.43255772943420856,0.3250147687597737,0.5457298377100158,0.3865477578088643,0.5067959326039455,0.4049585269516063,0.537990113638199,0.3621091799290837,0.3933396571861008,0.37440117743512635,0.32766125726637896,0.2812404633341337,0.41385509735794446,0.2992094521205021,0.4856559968843233,0.38063612796748236,0.40776783557808055,0.3260470681786496,0.3219065307651301,0.3485595304780677,0.3695001931137209,0.22694158503724238,0.24322626764766309,0.3290790357560721,0.3490226790203546,0.4844108808139797,0.24575914116660869,0.22241142689801993,0.3908130132042747,0.3559172069071779,0.3481504744012139,0.18612534714051315,0.4290794753647011,0.2729862756037963,0.22274363553947094,0.23835409612027686,0.28648737315945083,0.2967113355124815,0.27412838551289626,0.4965611227674818,0.16796422343053516,0.4176410947502874,0.28451954869260343,0.42101079068107977,0.3204607712576316,0.17475899732339584,0.3779283799789818,0.294859636231383,0.3972515565118193,0.4116259395106232,0.17859820902619525,0.24534239076904027,0.2952925804329136,0.3734649659136759,0.5090927077623904,0.3076571044343975,0.17269467163657704,0.5002790099419072,1.0000000000000004,0.23763070888452606,0.33939980849705936,0.2671144128589078,0.21519254138328633,0.4073679115938523,0.4546912599727527,0.35399614663542056,0.271778947093556,0.28728061573645897,0.3956592090178427,0.22503459049789987,0.20235350205789313,0.37117547222986735,0.29388286223408144,0.36195388406801066,0.343120810455684,0.30034270964896825,0.2407852581472008,0.18330788007617935,0.3390834551693062,0.45853412220503814,0.41079737944130484,0.4073316127897159,0.3285117459574137,0.14291765323693212,0.30952833832310195,0.3267538753165685,0.24348824538804673,0.504436713872062,0.4527836208571646,0.3692096958773956,0.21148774672089032,0.43428835725525555,0.4801982633888185,0.3114620862907305,0.2165644662836561,0.3610915548582647,0.2692067797448343,0.37469240488468847,0.49316078510680034,0.25528018596557267,0.4562330961677844,0.3423358272808979,0.3935006815040157,0.30905803601419374,0.29871271331173593,0.2605900664901776,0.22430422631230906,0.41477182504489984,0.495004671919623,0.3995498280631503,0.3450580396512147,0.47703450811436765,0.32165034946285,0.28938875884162135,0.22990166638882492,0.33357670409293066,0.3760618225920968,0.3454156287270262,0.1710138359703361,0.19808626690135214,0.26587667368165324,0.19884037790890702,0.256279645496528,0.2256814111228748,0.1979611551567206,0.23427922372734591,0.1950985770307132,0.22073411454668004,0.2423574533946987,0.22473345018964436,0.24809448746095453,0.2217311348158466,0.27828523852985027,0.22948454707495045,0.2132600178832885,0.24349841022218632,0.22547421324614086,0.21502658852552584
entangled_3_seed_1,0.3045232880865076,0.32048512907684673,0.5044704392121492,0.2497098055749878,0.36121631384889363,0.26691841499776636,0.3350864906777341,0.20368155610525362,0.21135874423743425,0.332459012594607,0.399409587960352,0.42429063982893905,0.46035964365830295,0.433184027415444,0.406121719082642,0.12606158098496226,0.4573985744268847,0.3314361939102715,0.36988355257115935,0.3955721225774238,0.34633720513607597,0.4101229350082956,0.41545209086735796,0.27606095086945887,0.3650040418628686,0.37269169989423545,0.4782865708114993,0.33424509114365725,0.423434232647277,0.4008522319161725,0.25978375138866944,0.2156693331253832,0.35547193979069874,0.366639695896725,0.190689488229274,0.3156475627526924,0.20225025649798145,0.2668155223274346,0.4306044303267766,0.32676265794349013,0.3408483511175976,0.1827448196038317,0.36652476905857445,0.36940289680667826,0.24874698120499422,0.35566757751345035,0.17860206583822139,0.20602982352466667,0.1434629661026463,0.2923276271362349,0.16048067597468382,0.43423448358149164,0.27788712208348876,0.5955131868491754,0.13325820332953356,0.19759963532556432,0.26761408271180015,0.13086336868265794,0.11639175215853649,0.201928359041249,0.11132646027138283,0.28136986341717,0.15305538299918156,0.14051330812460938,0.2548093807982215,0.24246297727854793,0.3176503126953669,0.21285111561796838,0.23763070888452606,1.0000000000000002,0.1473725365284789,0.09800814317301984,0.1815270191496933,0.12025138786032848,0.25144208766225495,0.29261008409724576,0.25502271598524484,0.37311606918185275,0.21451991535420714,0.17640871509804648,0.24612321661404943,0.19756804699204686,0.12320024012187812,0.23494323967558894,0.28290552333890756,0.30243276641606653,0.2031624664295718,0.11209558011297632,0.24806170516264187,0.29724253777966164,0.2873179949974115,0.3636255851048279,0.18000654478209085,0.2059656532745223,0.22875404685672612,0.21407148264335402,0.3499417059856259,0.37012078466200676,0.2299693878041849,0.2821140746208019,0.32231967720279125,0.28863114261490336,0.29354349111876443,0.25978994492383956,0.3774367637829301,0.2146925188125768,0.28933048634122105,0.22981515426626384,0.3271989787695228,0.2966686719992524,0.3249721799753155,0.11008325058177455,0.32224873489070494,0.35849060258775234,0.2724878184769486,0.2531071167265126,0.30143198120509024,0.3866747714280601,0.3477136002048379,0.1668973244700912,0.2040192235942302,0.3930691187152815,0.159023250335768,0.2612003584759824,0.2137848222949778,0.4599155162062624,0.21398681962707522,0.23644654535663434,0.09195960261650876,0.10598114910311557,0.13359881805160143,0.0658323799420713,0.20116431681124447,0.1554282782065457,0.1231775673063826,0.16181084844239416,0.15332598985753967,0.14548645730926696,0.12995151922125883,0.16095414773729555,0.14344227190302652,0.17100260966445255,0.13027272006542878,0.10806610745683143,0.14816894139856251,0.1459006958489828,0.142011301739464,0.1266753117059885
entangled_3_seed_2,0.6350554720107802,0.6624674177446527,0.2488785843130074,0.2562844503991179,0.3161587745859191,0.5174128209452703,0.5830467675624507,0.6500288110799203,0.5064680363101106,0.5000603532425393,0.2642693282860484,0.11996401373491182,0.28986893377089934,0.3778444811726689,0.3935104622536469,0.45396562024349785,0.36065332581405296,0.2298293235020381,0.4880041204406485,0.341815980109054,0.3632447152628203,0.16524627183280274,0.34315018243600975,0.15277695171216188,0.19234255710414322,0.3802659125494308,0.18811014123089817,0.22254590455363696,0.25428956284280674,0.27710085156076036,0.25650334423102994,0.21004264311178494,0.1794088459291607,0.08726172095153398,0.2094613649870499,0.4591003899817224,0.16283778887300684,0.1288591943321191,0.3477820259913081,0.17191282556643683,0.21965441964632273,0.11338628892965201,0.3843332787145937,0.1566971955555135,0.3717853337431908,0.15091622051662257,0.20084443144261188,0.17739492700528417,0.3620141472173435,0.20738119432206695,0.5037035285135613,0.18329998747906123,0.608417349275538,0.28988075030111565,0.5039669483999472,0.32683208423008686,0.6838356222210209,0.48686168847401357,0.2892536077973399,0.36935139277396883,0.38653138391991415,0.37787897543172927,0.5536946718756605,0.2823192252008062,0.3738877351849253,0.2533824809947506,0.43639498412348865,0.2835008408937436,0.3393998084970593,0.14737253652847887,1.0,0.1702764636501867,0.39817720801405543,0.2630753954409045,0.2826673578396948,0.3499956197064688,0.4031142281293216,0.2011012189844262,0.3370769130633003,0.23727847905770771,0.1863019639621182,0.2812442577539384,0.26725414149481547,0.30512584905135637,0.12178675603004774,0.2057509403441549,0.2844563461873062,0.26128004701668966,0.1560631850589534,0.4832608388762862,0.4485664224913355,0.2287316541330821,0.4822032199237948,0.5033795084104494,0.38413358530197633,0.5998263115986333,0.5206640236529568,0.3760062028502778,0.44803174876893403,0.4077202971090905,0.24148158447346743,0.448089350408195,0.3909400223558945,0.404830505089166,0.508359392335734,0.3694009213526218,0.46073829004802636,0.5151025303356394,0.5236507602256167,0.5135311000095635,0.2990241260996976,0.39626642413558544,0.4655582706901273,0.16714065776278303,0.2679120310224664,0.34030686245292274,0.21141694473145253,0.1880920708684837,0.22800014901663918,0.5751686591170243,0.37413064946382885,0.3517713819075574,0.4056547188778222,0.22019576788319548,0.3238284555751242,0.16015047938902316,0.2874404712338109,0.2598997385858552,0.030766323868766352,0.057114166644258335,0.1875351208747111,0.11048535983425326,0.20782543468792603,0.22071374809151456,0.15472585056838412,0.29373587384742544,0.3800152958703912,0.2134199270695359,0.19944511891237957,0.15355181623337225,0.11270145843996837,0.17429695936768305,0.16119446697849626,0.14096501529109426,0.13701333017532794,0.13508398236968258,0.18177739506112614,0.18059459492641436
entangled_3_seed_3,0.3940398486215261,0.31350001762646584,0.23863728742962279,0.3506939665806811,0.4242362293677561,0.15310305590074927,0.19557123798413437,0.24479375453161473,0.27956455036927874,0.2723205204524288,0.19811217027528266,0.32557697956744636,0.2641789790419416,0.23402709674182465,0.33049347757579917,0.3668322659505415,0.22274559866576948,0.28252134908028975,0.2731984374401719,0.3151157342643466,0.47189740148624326,0.40051649950553125,0.22472986332547837,0.45235317965554545,0.28881086590845284,0.36398293261936837,0.2698746268643668,0.39647623400449433,0.2974971482143045,0.23709360988958625,0.4360061334402102,0.43626293869534344,0.2687428642074677,0.360055020639992,0.46044632939095065,0.45115644515531295,0.4612905656842132,0.43266343465484874,0.41606109805371694,0.40890229249875193,0.31062527559641684,0.35528755438990584,0.35786305687368963,0.4233054026176222,0.35665749712243733,0.24232009720339867,0.4591482473282168,0.4555834301312009,0.48086585639392754,0.29719367893640436,0.14475565752541897,0.2938854750746515,0.16215536308313866,0.15168789873949687,0.1274778084440994,0.28909976153705447,0.1979813829610093,0.27538618252754493,0.3108905260717362,0.15895888560855814,0.18245115016818625,0.17605056102362504,0.14030947956757447,0.40213492129503564,0.23654269127423128,0.14605325088125634,0.3224869009598544,0.3487323223009117,0.2671144128589078,0.09800814317301983,0.1702764636501867,1.0,0.14093954887520949,0.4586705170484476,0.13124007145402114,0.1847077614608946,0.28480364971260386,0.1555927489482342,0.20024735398291232,0.3170403186057882,0.1601129374961614,0.205464980500665,0.20228616284847706,0.3794088957559053,0.23078394195683513,0.07317634035583723,0.39442859512094514,0.09843234255732525,0.5236022525439975,0.3274269915166905,0.4604678160362086,0.39820560697025853,0.18098243093002425,0.2121734614091141,0.40556364866389916,0.4064667379856765,0.1819041173467476,0.2582097631255554,0.3888045548772907,0.25470217511289067,0.34884576826801705,0.25322242153446817,0.1490354725869671,0.23546979943544682,0.1627603453878915,0.41297446992955394,0.2894095464850193,0.39747064508519536,0.23655480879755433,0.2703514702144433,0.27421742780934083,0.26940662741947585,0.3828092022977016,0.32111820617439363,0.11144189259602567,0.4094962776034754,0.294690583190369,0.262092393919805,0.3584336735469654,0.22425380594817335,0.46668932091399323,0.31968436923489313,0.16088386883520636,0.2501603601004349,0.2772105122105393,0.15352745652683078,0.3026149666834058,0.15785747045055862,0.4582072598035885,0.46384940285562265,0.461912350664815,0.41474082299516973,0.4635607035561976,0.4555316313555311,0.46389041003009135,0.3852850659664402,0.3425199611383275,0.3555245525091348,0.458287509099391,0.4977734189324747,0.5323588873882068,0.4926794866470284,0.4543056548843717,0.48919880557359835,0.5228033098516978,0.5018186305416787,0.4948510616666071,0.47644824320428514
entangled_3_seed_4,0.4014279209402479,0.4238483565055278,0.2116639108771483,0.21644502790686299,0.23520495918725604,0.29284208520291277,0.36357974880274385,0.4308558673175959,0.3143136713111318,0.34976488457345906,0.22517195185662756,0.186071498317098,0.21689097860508347,0.2829613416931884,0.2599454678628659,0.30208051650208173,0.19901293570407608,0.18497283901525263,0.3024402033372191,0.241059368157288,0.2852910543576783,0.1932450905556365,0.264198402183802,0.16582150688984024,0.17619898694134462,0.28110212474431917,0.1429315372270689,0.15328233703510608,0.15719864429924243,0.17790277070786462,0.17037212503515722,0.16743029093294223,0.14250035615098353,0.15587808484781027,0.15721838628378254,0.3048834566043153,0.09781566359438698,0.10006538467667976,0.24247120910114361,0.16366875276920753,0.20236499259031998,0.12263781513792668,0.2250560474183222,0.17629488101113877,0.29261086393571945,0.14719280991009948,0.18258490418388235,0.12635117154360162,0.216651907638948,0.2831219175918864,0.308694106065849,0.13527312296261518,0.38912535936873255,0.23110886464713842,0.2797900219925963,0.25976630350160246,0.425417489010197,0.3016738888176913,0.219346124242523,0.25506925167047945,0.3073287193977961,0.3528782119425938,0.26197174669071815,0.2391160741596965,0.22867215875736696,0.17989556967576184,0.3981600859592026,0.20608001734208597,0.2151925413832864,0.18152701914969327,0.39817720801405543,0.14093954887520946,1.0000000000000002,0.22104765521966088,0.17545454889490367,0.19722293458035217,0.28817093597683924,0.20696179165251233,0.2650989978707677,0.1457113258817714,0.1579044478234793,0.18259145557419498,0.1539706077223954,0.30023548121359467,0.1626541564100032,0.17894018368202297,0.20240312376446196,0.2726234963436543,0.14578156020269362,0.25113277526292405,0.3374826794821946,0.18823517475976584,0.23940920270865387,0.35550507569366935,0.2460212033695293,0.4125021308848418,0.43179264076270185,0.26457242248747975,0.29263296120886556,0.3580718823048691,0.2875273182854253,0.3435047148561664,0.2066780020253423,0.28537292762961974,0.3834796667724318,0.22148791206729415,0.3506896317145047,0.35394378011645256,0.3195891570264884,0.36684531765058803,0.198392889933341,0.28550071042032693,0.24338497939467924,0.23208935774788284,0.20429540354474238,0.27422652540885556,0.25409674306330216,0.17636581574497515,0.2310591588212614,0.3909605929485374,0.22642870054598932,0.23978054793381187,0.27487404668002924,0.24634432663641373,0.1978079521097109,0.17850197691232936,0.24541909989043167,0.20185018797765442,0.03384717958700168,0.073179614897017,0.16654229295211526,0.07356728865470587,0.1874635499396062,0.18784624780390177,0.11618022578513476,0.2203027280203049,0.2912803078658136,0.18187750072346526,0.17408598233648298,0.1339328273839814,0.10145899985302034,0.15702944659020293,0.13836890345594155,0.12030694103729629,0.12931093785893366,0.1303363665271166,0.1381489469402347,0.14883500275741265
entangled_3_seed_5,0.4548649308595834,0.3210305423223097,0.30182811080901073,0.3596448879877277,0.4179262386561148,0.25952296750391846,0.3062933050855936,0.23668738001506254,0.3861269485283904,0.3378150030450005,0.22412594836576596,0.28971607470075955,0.3179545485175785,0.2448103298717333,0.3727572518308616,0.3585065660274062,0.30904627513153005,0.26141265247775824,0.29897354335922155,0.3548968727033055,0.42562014053033936,0.3235208379855678,0.3333754441791744,0.3769586027645661,0.2989471377324142,0.2993781989113963,0.3452188529087841,0.30830075079608255,0.3006693718004674,0.24801508154004145,0.35659195322084586,0.37192993760694626,0.19016562651496835,0.31232657409727277,0.4060260672192114,0.42233231889919415,0.33494621195583096,0.3396921879422206,0.37380412707634586,0.37962793001316586,0.27215014849424835,0.2997778020527557,0.3630557927129917,0.3368840365523687,0.3103916100086378,0.23184462933042513,0.3349197087209627,0.430569339971763,0.38704874906366,0.42450471078390456,0.2178420998199427,0.3080566242815373,0.2290265748481657,0.19185626516901383,0.23193085405155975,0.2524081646851453,0.28714998510189726,0.37083405250600243,0.21116141007057884,0.32010666466309046,0.2521776289957758,0.2527902705760137,0.16590517614174005,0.3159703670150633,0.2910822511396012,0.216389399952964,0.2165685517360567,0.3313080024407646,0.4073679115938524,0.12025138786032848,0.2630753954409045,0.4586705170484477,0.22104765521966088,1.0,0.2366058592184963,0.25942103838346386,0.2166722086021104,0.16047808497964217,0.36359577532636916,0.2517600244255285,0.13189720457357437,0.20522293553012272,0.25044048281439946,0.31944925254817247,0.22958523281789234,0.1624819824684517,0.33611423855850325,0.15650995826060327,0.43629328673991885,0.36954967850067066,0.45839024633335534,0.4509208318344354,0.35679556093830006,0.25739903650322893,0.39098761565981155,0.3803471086604342,0.18294010500899807,0.33940949123198455,0.40129745706086856,0.24077093056001622,0.22844018172137162,0.3373600796186124,0.30792212989187173,0.2786593499284001,0.21563472768866776,0.42472251565589164,0.2492845830046669,0.4240646502745079,0.3066860597571792,0.21314888648058788,0.3112076167649116,0.19524223780190367,0.35242447605696225,0.320417180502915,0.16510472475493657,0.3854615954661805,0.24644443823777656,0.20426626349869415,0.3595101128301306,0.26121878747559013,0.4160620784296483,0.2845762064645311,0.2586816832852138,0.20745073802961492,0.30225367529121683,0.20638860244143126,0.33627342265473215,0.224860440444698,0.30188672307270875,0.45849024714475806,0.40734542502814886,0.4046463920523097,0.34978950006923787,0.4655059405527561,0.3890305757561214,0.4060437540627101,0.40728433543907544,0.33837452600719575,0.4679441582035848,0.40103854836839453,0.44054956854145927,0.3983091279869559,0.44291574925287014,0.44977598287304094,0.4417555535571641,0.44277070134583957,0.42868514194178675,0.4686078283349687
entangled_3_seed_6,0.33749431718741296,0.24516670509935312,0.39372671250545066,0.4183402643203662,0.4435151871482439,0.31657126889028825,0.34730526847002685,0.12751646177609638,0.26345395065028737,0.3144402729220165,0.47199841766773015,0.3483608805957271,0.4994231464942463,0.36700570390669957,0.43852627660940013,0.25661663149748054,0.5166831429928443,0.34300333585198567,0.38646426909780757,0.31783486389838383,0.23411800316547904,0.30514922596687666,0.40677025421150087,0.25982504572017173,0.44582686088690743,0.2936987918784537,0.34551761677812937,0.3035613803472632,0.247367085315625,0.3482633272031526,0.2811439904556187,0.18633536740970535,0.20864399601254632,0.3305142346535714,0.25548550771612194,0.42468021887551954,0.14458358320896028,0.1386327313761418,0.3390562762643362,0.30718028918372436,0.3365103453108106,0.13006783908313901,0.33926516481978,0.24962927590730352,0.134345576635688,0.18606350723367612,0.2637904500993007,0.24456173665753955,0.12456571007965479,0.3602178834451471,0.11949234685917641,0.33182857104761293,0.27406118549964326,0.37322328256522097,0.35254230869226666,0.12033835262835756,0.30830134468507936,0.1628016791158389,0.3083859303894427,0.29885996320755276,0.14466993255754151,0.1409237394038669,0.19978668027065405,0.22557015165290573,0.5047342483173326,0.25647527914208007,0.2011918544914963,0.5093247072719463,0.4546912599727527,0.25144208766225495,0.2826673578396948,0.13124007145402114,0.17545454889490367,0.2366058592184963,0.9999999999999997,0.35644516501227785,0.1871485955118587,0.27568803113151513,0.25737199920660203,0.1514752099501048,0.23700595736662844,0.24851587483216397,0.25497251096728984,0.23562440182282568,0.2914798490303003,0.23472891572158122,0.19547569065727607,0.17979180792028135,0.21113082990484058,0.3760434256986462,0.23625572226299016,0.33001975534482714,0.22634442203615754,0.07262806347171029,0.3157266386549552,0.23382403389291995,0.21999274772278427,0.42006824977261326,0.2868683387655004,0.32633128563071007,0.17617970090031246,0.3972996541727683,0.4214704339837525,0.25973073907342237,0.2213842069768208,0.2960606395711028,0.22425898241679976,0.24492211172473638,0.4031401289220826,0.2161105965302735,0.40368389234698315,0.3047365750805278,0.32948280140836567,0.3357576908647558,0.35316649209826423,0.2137992072457172,0.25301892466681414,0.38635100213301343,0.41962761960567113,0.2897600237078358,0.3204767622437157,0.39525687736495,0.2902783677978349,0.30459228083457346,0.13504173505383338,0.3572118950673135,0.27714377393005346,0.31364478565444587,0.06945040797804235,0.09444379934824244,0.16758505880265734,0.11807090398531685,0.12370452073858962,0.10785319583398047,0.1447840758344721,0.15986847791392658,0.09743589045605754,0.16870273876715164,0.11922525939103451,0.12009171286503956,0.13426406463410567,0.11421937114669146,0.15767999402175914,0.11588520113067229,0.11206834863201764,0.1220938014622751,0.13719732557930037,0.11847881978798318
entangled_3_seed_7,0.38410597932815166,0.36657003995709514,0.40639805482319286,0.21037024291432035,0.37848811753127226,0.37641179290708476,0.37733430244043065,0.2446683091059602,0.31023141482569383,0.37480659825515794,0.29157050836387693,0.33677525676140446,0.4224427509958675,0.38038325134573364,0.42915692350343176,0.226174084066385,0.44363523901129315,0.23796752805786348,0.4094437899395863,0.4305965189760038,0.3457085889388162,0.2938456118466103,0.34098709419058937,0.28882490756457135,0.3591844114388422,0.2867446733594955,0.4159528083541558,0.38164937451176256,0.36529745739027303,0.36021950221890686,0.2967112910455504,0.2412999950954059,0.22656581775619247,0.31827079253108437,0.21403361323005426,0.442396362547681,0.1702254403197483,0.18031904255044767,0.3588221289133187,0.36318582633296476,0.3565747578022753,0.14349259752627525,0.45543351708894003,0.3009695122759664,0.2846138221161075,0.23289211533948742,0.23555132568024384,0.24686746482208058,0.21193441521137485,0.2511560917746057,0.20696285707820522,0.38621747400200696,0.2540197642559212,0.36941745044089774,0.3412151049721151,0.20698811498640513,0.3093770812156321,0.2539438856984226,0.19476260664323777,0.15124592401369613,0.18333356647443233,0.23756488704647225,0.30687602153894006,0.19770801754531434,0.309275538434097,0.25859037101872884,0.23220941553410923,0.2717218178265611,0.3539961466354206,0.29261008409724576,0.3499956197064688,0.18470776146089463,0.19722293458035217,0.25942103838346386,0.35644516501227785,1.0,0.3495237372433096,0.24811983670718932,0.258924790308405,0.21054327031685022,0.2264210673590347,0.20859672182498706,0.20700852181004156,0.19309979446370903,0.2291538123882493,0.261665106314477,0.19933809660355298,0.17157469269543071,0.2456305400297871,0.3315908185779794,0.31095333159857114,0.35894663066906907,0.2867176248750667,0.24001499385906686,0.2711406491707092,0.2697877722350985,0.25976094018106477,0.380543885718156,0.31011612123766497,0.23628495858134915,0.2251128249631456,0.3153668890423096,0.44530730820803843,0.2706189533172951,0.35479037080548914,0.3194885892576331,0.3075053825095049,0.2500444573594478,0.3675342687379288,0.25978338789961386,0.3278118296344819,0.19186734550152948,0.3908956186703781,0.23226437466275146,0.19437638046824618,0.26396499187742356,0.24751869125743906,0.29137659387993203,0.29637531035454734,0.35451099134566727,0.27861659546650297,0.31875519434944244,0.28207871826626285,0.1926540014543755,0.23079139630261913,0.39057297579237826,0.2647878984720458,0.23744802039209376,0.13375551411872622,0.15414193654462752,0.16781289301009822,0.20366624438074069,0.13800335435408428,0.22421990328436367,0.17667111489825846,0.1726824451848758,0.17115666274330252,0.14215443771859074,0.19354456593886823,0.16827816708834437,0.17080510813998792,0.1643293764810298,0.13434522376157684,0.18320442944049667,0.17447452518690476,0.16662691754739192,0.19063786028072494,0.2008367445289898
entangled_3_seed_8,0.36182613036617267,0.4017870687160826,0.28692416275255134,0.2857855873360505,0.33067001402726814,0.3107787977613284,0.3382775991454846,0.3270143647739352,0.3050995277750689,0.3445172210207915,0.31048715890296336,0.2954650562366692,0.3574140901626918,0.3784426345062725,0.3761956658601083,0.24545098125789547,0.35374632383176524,0.32376901433264693,0.43243739568118433,0.34131025404258986,0.3235154956910169,0.3287170189334314,0.30447729284721087,0.24054343301782757,0.23881172385686383,0.4203463360417651,0.35797851496299765,0.37240420754532,0.3701925458043046,0.34959182703857694,0.30621111639321125,0.2243157340723598,0.33129740294297194,0.2744995693046251,0.2042498418481889,0.36529834349757195,0.2321591549260671,0.18911891568939437,0.38926926438422127,0.2789890822561168,0.27376480428115524,0.14967686394747254,0.3821423373219851,0.28097379807755535,0.25855099509961743,0.25527727683131096,0.2689854301460604,0.2039759470966018,0.3482575913710775,0.2413387223237018,0.25559375727137623,0.24122452041154968,0.3258140076074442,0.3166797798840643,0.24728727663175795,0.29956993250138975,0.33050872853115243,0.30812958844842975,0.26255768060309814,0.24621636788626883,0.2568654620746794,0.2519363242840461,0.37986663972157914,0.32342133223089664,0.24331886196889568,0.17735999982544218,0.3553163345325234,0.22468300424213372,0.271778947093556,0.2550227159852448,0.4031142281293216,0.2848036497126038,0.28817093597683924,0.2166722086021104,0.1871485955118587,0.3495237372433096,1.0000000000000002,0.2289084613279371,0.3058231587020798,0.2537478735569783,0.2222101427035417,0.19840466029969583,0.1522472048072969,0.27495732466754,0.20391979714238298,0.18653570924734145,0.2843722128407197,0.21897194548447418,0.2342648357318055,0.2646376914256172,0.30016280501602055,0.2553319077893538,0.24097002319440028,0.2975814163315325,0.2560772593317968,0.3630707301332456,0.31808551409878394,0.34460813772649806,0.2600903208317441,0.29177260614142564,0.2951833189071858,0.2833035267264596,0.30463341106283015,0.2809088765863196,0.33911584307745063,0.2353733260495292,0.3711977788266382,0.33472863133590847,0.3403721669268397,0.4082886566514753,0.3087318752710352,0.3353444557478094,0.34285816742970954,0.17303730310196802,0.15749457025157468,0.20340287645809008,0.28021040704651895,0.2349788924862126,0.24044916135073444,0.3765939883537248,0.2522162266006074,0.4075497207480336,0.23639155385457297,0.19792199065342436,0.20764419276430693,0.31405526881156337,0.24641731644333847,0.18009252012126886,0.12394140239995115,0.1267084598650629,0.17218183580255708,0.10718648332777529,0.24156986358251084,0.18538647571079292,0.15378795456219166,0.18751483985376421,0.2225092418291345,0.16573856760841843,0.15086492081726594,0.19882596441542993,0.16736380014178737,0.20660819538637357,0.1384565286278961,0.14114403378734505,0.17823533500475466,0.17221733962255634,0.17943389515428723,0.1666884578317144
entangled_3_seed_9,0.2862450795434612,0.31666101567754523,0.4302844050275823,0.2824821182903532,0.33792344828370124,0.23978127595622364,0.3315960006681406,0.21855781201965407,0.2209629221080618,0.34205861461081566,0.43444814085591305,0.37887947175169756,0.41814326673298274,0.3739451708166764,0.34482927945638736,0.22291945072046027,0.41447491576078055,0.3208418752705598,0.33457968711590624,0.3138636954870348,0.29578874073103184,0.3600204969143949,0.3688417267366559,0.23233349448810092,0.36663435198778177,0.36634759602749073,0.3378524083189251,0.2361568699850818,0.3284601311493228,0.29827877629668453,0.25689514854321277,0.17440239854473838,0.2753821228945525,0.3220017848622988,0.1860235688478858,0.3410621198424449,0.12222061080611868,0.1600249088886148,0.35081382387436433,0.2665568809504476,0.2821629277343705,0.15848700355679243,0.28247227481364023,0.26889048203532095,0.22831976149993952,0.24461537449063894,0.1758966397015507,0.15260072666455363,0.17266213801127273,0.34945983593266416,0.15624637522151294,0.3320746828312988,0.28538523063454346,0.48054722795864907,0.13860185731393118,0.23142366130194753,0.2932185485005298,0.17170235907319736,0.2696718942544004,0.25608238176499293,0.27270633104736225,0.17871095924583164,0.18819457116991556,0.27593160755557783,0.3328895898444036,0.14631326331027447,0.33118023368381433,0.3757605962062505,0.28728061573645897,0.3731160691818528,0.2011012189844262,0.1555927489482342,0.20696179165251236,0.16047808497964217,0.27568803113151513,0.24811983670718937,0.2289084613279371,0.9999999999999998,0.26429193418022934,0.1637142152768167,0.33058019279972795,0.20068546332471904,0.2507516146796607,0.26750310224250334,0.2960568640882154,0.3500464254843558,0.19293684224049507,0.29270810862136365,0.20542430988478744,0.3629944843334729,0.26428178079542836,0.3118102045638241,0.1678604368426485,0.179243952139652,0.24439912965646593,0.28237703147532406,0.3419692598233865,0.3754847480653714,0.23491107428163646,0.35411144563618685,0.3268617611170294,0.3545179267990525,0.23991790304395325,0.29287340095313424,0.3221159986956307,0.2514357319870492,0.2715032595716613,0.24712310593726255,0.37372730283385613,0.30633405651098383,0.3066439613777646,0.14430321874477595,0.258862871372501,0.4090095197686779,0.2836546673364938,0.27495184797840144,0.28532970213440134,0.3667611066589411,0.4009403373050371,0.2037761447342085,0.2054504065803241,0.33436271468671364,0.19948723701706497,0.26568775246968385,0.16545943172707317,0.3944073168958038,0.2597730930569471,0.26815744020217197,0.07890928306418307,0.042765072973925795,0.13745969086085333,0.04374604185968418,0.14917649719516607,0.12910981516616615,0.1057518546010652,0.16481191141130178,0.139184321426419,0.15485169032025906,0.1095610681893402,0.1097134195782804,0.10263872031451442,0.12252835357249023,0.10489786504492565,0.08807536939133459,0.09526238407899527,0.10177134327078208,0.11419595328755336,0.10053987622122927
entangled_4_seed_0,0.44935714720168746,0.3719262142228431,0.38327127185705584,0.38090183597750954,0.38041453642938117,0.3177839976068513,0.3934738279797648,0.3542561676071398,0.38528409933471913,0.4086923183148568,0.3606478856901854,0.3123019795121204,0.4034401702400939,0.35416243207252773,0.38949065657375664,0.3977549389676189,0.3728666885734647,0.2886812643066043,0.36604326850952257,0.3686004875848231,0.34158606403075636,0.30044153636205656,0.3813220106105051,0.2767987539506543,0.3335211037931814,0.384980025030034,0.3048853201204663,0.24570409719932318,0.329666605254197,0.28711440403694094,0.30293344156010715,0.22977477626498088,0.19338394336259207,0.28066023807921947,0.2692006200912574,0.3762846651208547,0.17831424337064786,0.17729287075944886,0.3577016184138301,0.3287004476194714,0.2702121048415056,0.18176423790301652,0.3487823029086505,0.25757385870302596,0.3063925705151421,0.21939812907899917,0.23311771387793256,0.24835839058199724,0.2145745259894117,0.3521960065650309,0.2299739563065211,0.25591481084389617,0.3323882283547553,0.3516139670509258,0.2342507270279428,0.1573176326827879,0.37850270188876256,0.23545687031265783,0.2744387145875967,0.3653615423863534,0.2458905712794393,0.2690227935944203,0.24410893107834494,0.25607217171627894,0.31988529062731325,0.2185559654917656,0.2999082752728826,0.27822710117703353,0.39565920901784263,0.21451991535420714,0.33707691306330034,0.20024735398291232,0.2650989978707677,0.36359577532636916,0.25737199920660203,0.258924790308405,0.3058231587020798,0.26429193418022934,0.9999999999999994,0.19765300453718515,0.16946839315061488,0.22989357407059027,0.20823337267631722,0.24022393411793927,0.291191958184018,0.25269067280913565,0.23007030977739826,0.169592283929737,0.26282456793180575,0.36906908724802434,0.4209784609435184,0.39195553148803824,0.33545963305203746,0.3319418906320771,0.29345128505131984,0.3939928422695008,0.39497717814024813,0.34027739454687433,0.3591617672674474,0.37558101140541383,0.26331381579892466,0.4340669526266412,0.25884858078464196,0.32730683859240406,0.3312683596961859,0.338706914114167,0.3060734711582479,0.39880524800759803,0.4327042220002515,0.3870108630307967,0.3518422281788095,0.25403604663040175,0.33305979109160466,0.29672661982876675,0.24685182091861843,0.3118396006422947,0.2482290482353636,0.2446778166677814,0.36311609059819966,0.3367066101620059,0.33127258608079635,0.3846414657529602,0.29588324570822166,0.19140505769158536,0.24863947616311774,0.31121084648749053,0.34849366048711167,0.2852714210410351,0.12539512738469213,0.14517719389183484,0.2400414550443107,0.20740712703563688,0.18925280914920928,0.22634062013137932,0.22028363908395554,0.2625760013877026,0.3531139794918626,0.22297359910802517,0.2792208359739215,0.19291363849504276,0.19040313414031873,0.18941327622990978,0.23408663467749402,0.23291040683056458,0.20247540643114786,0.18616112831774684,0.2122235817629621,0.24738441693703409
entangled_4_seed_1,0.32117280308070684,0.2725651341643427,0.217634855878917,0.3008197825370859,0.39534272538172327,0.11117182779465146,0.1623155945412076,0.21991214872743978,0.1877918236815137,0.25129327658174394,0.21742108855801973,0.29615886671689573,0.2589860186888301,0.21652980894166912,0.33844875148941755,0.2683583048558203,0.2608940242039859,0.18278407202032956,0.25356222802975303,0.29641982024946095,0.40382103588004226,0.3581656043144215,0.2487660100171547,0.35003535984510215,0.24246679246793296,0.3030117807779936,0.27682456137318046,0.3012311890100925,0.30290853353418845,0.23387987221849843,0.3773655099510678,0.3853759529176914,0.23484901177330328,0.30171215112415956,0.3572036625687112,0.38656298613499046,0.3516718808944551,0.32032439616263975,0.413187367928096,0.3096101644966324,0.275413609993355,0.26513775512601256,0.3690679171778677,0.34890033406880727,0.33418116149622956,0.24158932655505777,0.39870726063041007,0.3529156174787898,0.2164706200634685,0.19288587372139962,0.11331857493451483,0.2563496381921395,0.201459843055303,0.20435927292313663,0.10035273231072406,0.20853638721475617,0.16696482214027,0.25631467071108355,0.13217753283040592,0.15402267825239455,0.16618581025096935,0.1956753113887892,0.11352072817283312,0.26419412622259936,0.22679860134888233,0.138712621998579,0.2987912099088378,0.20085606850936777,0.22503459049789987,0.17640871509804648,0.23727847905770777,0.3170403186057882,0.1457113258817714,0.2517600244255285,0.15147520995010483,0.21054327031685022,0.2537478735569783,0.16371421527681673,0.19765300453718512,1.0000000000000004,0.18230240276008414,0.10505431048267952,0.09582881980122843,0.24249381230961742,0.09787414914481889,0.13986403825770347,0.2833742028123798,0.1371364840453948,0.402680092097931,0.28395166880288464,0.3461657643195949,0.3035219034822416,0.1087763145800578,0.17214492171959478,0.38174004505290177,0.27878865890464566,0.2780275977453094,0.20401451136412505,0.21283338268450178,0.16411179350621033,0.2980694708321015,0.19392312495396613,0.1811409982972598,0.12149572923952967,0.17863642711328642,0.4047010190318745,0.19666513763601468,0.26398360942663923,0.24689133404636832,0.25317205068773235,0.27609181603734373,0.1472463292362904,0.3820583403578066,0.2441971756343107,0.12902054300853846,0.3039491302996601,0.23278217550401686,0.13610608416404668,0.2228754964186778,0.2416348689513821,0.4014752540842586,0.4369461865958031,0.1305963529073073,0.24667583396554243,0.14858264288068865,0.19416346547215804,0.2657145177589406,0.14391649995028843,0.32552069337074724,0.3413736256106079,0.44370933643987576,0.256938363663984,0.42389385892273623,0.38654659968888627,0.4283491474015369,0.42001191236542024,0.2942484762620522,0.4094289658113371,0.2945876932864839,0.4743839201022584,0.4441716394770382,0.4706709667973079,0.31422068779337964,0.3692555781831647,0.4165616653664266,0.40994642522524294,0.43979099390259824,0.38652651834002805
entangled_4_seed_2,0.21879885732386306,0.2798094259660577,0.28946495477192125,0.2522399115725336,0.2946259806816851,0.2107896859626365,0.22178666964935426,0.13482092397690132,0.1656397213493022,0.23782946791120846,0.3475000024312097,0.331490307061643,0.33534624512189304,0.26204267966757416,0.3069340799223669,0.18714132171481293,0.33522782626759057,0.2645602215765106,0.24593273534239313,0.2560849996840919,0.2616441572533328,0.3437424155679465,0.3214258602922692,0.20265466517835903,0.25571997633360233,0.3340654594033357,0.2669094968559463,0.23305608861548827,0.25264802564784156,0.2451337676295071,0.28959858169599767,0.2398448666008622,0.2935211746326201,0.23706558822254803,0.2191513293041517,0.29408484556880415,0.15495202663410687,0.18638933853508635,0.32855942288404044,0.2039477651910763,0.19412156466107217,0.17512813263101737,0.2536329340950946,0.21123502431573318,0.1652738871309956,0.19894575627821545,0.1860522036684908,0.16164111787156682,0.19105692491754422,0.22687246466785013,0.14118306162857977,0.22355479760375865,0.25469022268662417,0.2910626805234064,0.1774992441608876,0.24967857882798603,0.19408161542499766,0.17163918215019325,0.2501214259772451,0.19492442077378092,0.2425957951208566,0.13343267268730408,0.20433614447790013,0.28537054508926335,0.22467812175116275,0.16078347238294693,0.23412115183167878,0.2950152447904004,0.2023535020578931,0.24612321661404943,0.1863019639621182,0.1601129374961614,0.1579044478234793,0.13189720457357437,0.2370059573666285,0.22642106735903472,0.2222101427035417,0.33058019279972795,0.16946839315061488,0.18230240276008414,1.0000000000000002,0.1878720784496992,0.2129802485012281,0.20131889706207995,0.21956431759265332,0.2639892122666526,0.19563335228239084,0.2156088108571961,0.19454942478212958,0.3474372275365431,0.1858352249359592,0.22649848344861204,0.15076226883626218,0.11002569923491402,0.21108776701380813,0.22471514364212503,0.28168003024031174,0.33822971731459817,0.16437173809212524,0.21008033323557979,0.23772475433095705,0.32987207231159815,0.21050888403326748,0.1972730959522681,0.18174634512838672,0.2569881417394144,0.23574635571242897,0.18196749065453588,0.31728486125446154,0.20393592082881162,0.2796454073421303,0.20239101702167336,0.23752714234050384,0.38770921054585156,0.3966066814927728,0.33395233950837594,0.2131540936094945,0.3362868469708383,0.2864585259836389,0.2150943317932616,0.2239500664837305,0.2894174871423467,0.1511760319350185,0.30778237896370947,0.10125082423161444,0.3337226910636281,0.3790252806846979,0.21258719181637653,0.09276247281148059,0.09722963493416045,0.16957897014199358,0.10338350477583147,0.1273781717289443,0.13288214586081415,0.14177939526050132,0.16106104974258198,0.15795208363631522,0.1579593450380323,0.1314238407479029,0.12601702372743184,0.1282551714783927,0.13847194932725146,0.12198798774029673,0.1337519085296376,0.12839427070812628,0.1354325267665872,0.13412884358616634,0.13463744525874366
entangled_4_seed_3,0.2848604315098204,0.2239468182307888,0.2500416939158815,0.2636716683616311,0.242239561490672,0.2313930706687046,0.26651687087105075,0.1879878111200029,0.2544359816935568,0.20642720275010015,0.2545255941712937,0.26047176789501003,0.29715660734480837,0.2330187770826854,0.2891086016762181,0.29051401154372863,0.23115866793216205,0.2739969745207364,0.22785095196973543,0.23372862255193919,0.17526081906013433,0.2553849089985822,0.2950630916351763,0.2081854552554918,0.2601642067763529,0.2336262735761522,0.19644142657552172,0.2370020126294654,0.15913702510843558,0.18339499351343796,0.2022996039854021,0.19008412919904766,0.19501583411818216,0.19736345200765387,0.24353699221571423,0.26767025563253866,0.12903192008313993,0.17626899375030516,0.2587166294815121,0.2355315382566752,0.2825223573641843,0.24111513884565766,0.2081461537280044,0.19058987055162685,0.16086783962377166,0.16527072720048183,0.2224626790807704,0.2626408298299502,0.1718783005741478,0.29209847501150565,0.1439504521826051,0.15695172373829838,0.2180377432807824,0.22756214278736792,0.25360927948381023,0.1320920655225269,0.28396216050721684,0.2071445645994013,0.3328825614645028,0.2875417124660518,0.16966233153993054,0.21585023896050012,0.215299666700854,0.28988942399705253,0.3313409432740859,0.2553281973998332,0.17727384450337505,0.2792681538480056,0.3711754722298673,0.19756804699204686,0.2812442577539384,0.205464980500665,0.18259145557419496,0.20522293553012272,0.24851587483216395,0.20859672182498706,0.1984046602996959,0.20068546332471904,0.22989357407059022,0.10505431048267953,0.1878720784496992,1.0,0.1999144530779775,0.264603646524971,0.26630965766771053,0.2743290641553649,0.20140569784827717,0.12261578883574117,0.1607227022057958,0.25806971530792144,0.2459362140465381,0.1988869744609174,0.20303347580252873,0.13294726461368794,0.18564346678134386,0.25887685635492624,0.221331760980361,0.2727536419933326,0.30367429762522774,0.3184989326951712,0.1783412185180511,0.32508907678462906,0.2068204199779062,0.30462575243081197,0.21245579566269,0.22422212764307345,0.24781555578707884,0.26968785080253427,0.30940801923414235,0.22793322639866423,0.2809469120069549,0.25414494062482557,0.23753175714143532,0.30099879430487153,0.28499903169745133,0.2824501757981814,0.18436127411554137,0.2869376800876284,0.3370675633207151,0.2250632309760786,0.2801200740009042,0.3273549261246227,0.20863316334038212,0.26165167330984374,0.1542134426797896,0.22861537265838802,0.25211039125935103,0.2439854015925227,0.07669677290876371,0.057275036977056534,0.11214820463563624,0.0736980768077884,0.12991148452907425,0.08928438533635988,0.08044696560437956,0.12615032011352062,0.13738690799591458,0.10167206720364647,0.12349538971107218,0.08463177151972892,0.0977656073343356,0.09357040555995981,0.13918180118423823,0.0927187255867523,0.089877548279429,0.10226087466379138,0.09420769257247336,0.08223121488820823
entangled_4_seed_4,0.2792453392598928,0.23838047195682172,0.21676969291229967,0.2616224599356481,0.2557727300518114,0.2275534229971499,0.21131052797537725,0.16786346119073728,0.23087315887375193,0.20412599240259213,0.23139826255778076,0.1575168664647528,0.24585806777625321,0.1596224671443461,0.25059494817214034,0.2420500575566187,0.269512270416831,0.20387848288804353,0.18861467443481575,0.20370933878068795,0.216362635800626,0.17702112993142358,0.21030222606347312,0.17209454645040015,0.23719407434903417,0.2472765038804505,0.18601330081829748,0.1698039458521865,0.167105385286835,0.16597900963010487,0.24830987664621304,0.1986622147322392,0.15513113210963927,0.12457274546074344,0.257818547802964,0.2905826291334198,0.12799470595935367,0.13007014955092985,0.23200108580217954,0.1804870905150501,0.14483628317232353,0.1573340228748077,0.2056796616869174,0.13648169550946102,0.14860885893609332,0.12854188852264878,0.1586990870157773,0.1879437339187849,0.24634346716459307,0.21555133581953673,0.22349809456130054,0.13826916362562167,0.26734551368059645,0.15739078839177423,0.1962731852083081,0.18851912709728438,0.22709827852180808,0.19873119896675437,0.29742717286928644,0.21025273322497132,0.30433152735720137,0.14732765777632467,0.20564093745459572,0.29498293847057183,0.25706732652306974,0.15376398268918753,0.15350464387444016,0.3819175181845897,0.2938828622340814,0.12320024012187812,0.26725414149481547,0.20228616284847706,0.1539706077223954,0.25044048281439946,0.25497251096728984,0.20700852181004156,0.1522472048072969,0.2507516146796607,0.20823337267631722,0.09582881980122844,0.21298024850122815,0.1999144530779775,1.0,0.23092328567685316,0.21636216693120092,0.19099959889788015,0.20083969684477876,0.25857045349144936,0.1988612380372627,0.36254026888993884,0.2644661121229666,0.22765084663422053,0.2782575779977784,0.12269404166393623,0.24869216451705248,0.26376681304278987,0.14149135722374737,0.26080694443443353,0.3103154398108458,0.22393667808678108,0.12918806986196663,0.292422101875393,0.15475361738454652,0.2112526230113732,0.18305560388529138,0.2544576791987314,0.1443802340202091,0.2993257731539235,0.25637201511548574,0.15164179764001448,0.23658924769652448,0.17069158337634455,0.18140364420457963,0.23945642423449529,0.2483353043726023,0.26778125862811336,0.16683953288155542,0.27230874886391127,0.26164775715634675,0.21563888370608572,0.22506845398348016,0.20779315702082476,0.28989646146163534,0.18005283606291503,0.20661537807464872,0.13785339182417494,0.2930795160845658,0.1892355977007133,0.14844097118089508,0.1308052145401688,0.12114029245769228,0.1691396770324649,0.1161102974803308,0.14025440745940307,0.11022083976188007,0.11552264763225996,0.14351415236428325,0.07049751333478944,0.2136685839931435,0.10253724991287495,0.14243878367361826,0.10197450856244447,0.20583475426974798,0.16303778877349884,0.14324798717634643,0.14942397522633194,0.14212912336229866,0.14639991347119288
entangled_4_seed_5,0.5020504290938717,0.45713088781661243,0.4137577163676102,0.43022748468762184,0.4848672652786533,0.3034063575365761,0.3890172816852288,0.39674086953646,0.39035516697636397,0.43730636152589164,0.3813442951449804,0.40607823261868836,0.3976145355983131,0.35744001471391057,0.41508480546388177,0.46939227259781857,0.3482746173437438,0.3751531100732806,0.4226339173077121,0.37935018440219365,0.5108015059224922,0.44636579100498297,0.33486802526647247,0.4330399023399683,0.36888504310219733,0.47273505364893886,0.28353451442339617,0.36161192903545913,0.3415247125778168,0.3220045232684664,0.4568537861133737,0.34560458645798803,0.23742954525555737,0.38209921645496137,0.4268677153665095,0.5248791369743909,0.29547606711860214,0.3021123045042841,0.4584626680886405,0.4132401783406781,0.3861751279390959,0.2912815016193084,0.39240965691129037,0.41176188191928687,0.395878073473967,0.24565907387744282,0.41714959944087115,0.3644665368439824,0.4914610509302535,0.4613243818436269,0.24868969293098891,0.277403181524934,0.3012650530677913,0.3790374066743078,0.24617907682518583,0.44251604023701524,0.44637216541062086,0.37031351787740907,0.33392613247578196,0.2893220455639618,0.2646135281014746,0.41840031650519094,0.24690715198872773,0.4961639326133257,0.3401919388345071,0.17794774009685213,0.47025411134997375,0.38771985401690157,0.36195388406801066,0.23494323967558894,0.3051258490513564,0.37940889575590525,0.30023548121359467,0.31944925254817247,0.23562440182282568,0.19309979446370903,0.27495732466754,0.26750310224250334,0.24022393411793927,0.24249381230961742,0.20131889706207992,0.264603646524971,0.23092328567685316,1.0000000000000002,0.3224114358838114,0.2012343182049549,0.3460930774561726,0.23269653767355042,0.48703801269440095,0.4396400736137729,0.5211032824150773,0.4384350626285425,0.3315473073854339,0.33238592770001263,0.45769276003618664,0.5165386483778871,0.3553377901493798,0.38100655804960654,0.5575870845278,0.4252283287819609,0.5268428111307554,0.414294633334863,0.18546009505123393,0.3481116476614782,0.2986817715194056,0.3703423078550354,0.44080752813204355,0.5218172914751971,0.4043067335020562,0.45666188114643813,0.380241616766937,0.353375599988501,0.4159787560813987,0.3839642406485689,0.2927198221868261,0.4535024740366314,0.3913096493213196,0.3847649931536397,0.49840930993390453,0.2937620899080081,0.4074347458510074,0.3593181238197411,0.25689645656294163,0.3407517327548978,0.2771328795597112,0.2623110360948398,0.35878543573348,0.30884867969578983,0.36402534200548586,0.35214409434683985,0.36826046360981257,0.3374107038688175,0.41259054294954445,0.3974837159127689,0.32691217489107544,0.34605737460347524,0.3197725880328089,0.2716741585657696,0.428367348573232,0.34960948058726066,0.41144465965317073,0.36344108696266936,0.44330866985040557,0.3903067801168028,0.40380647700513744,0.4064548342160941,0.3830629638054548,0.36820597323152904
entangled_4_seed_6,0.2786509076199654,0.31465800978234915,0.378060999885244,0.3568329434571499,0.4749480151047191,0.1623389674970023,0.23583532223582887,0.22030884277973184,0.25890379530194724,0.3628693904908581,0.4912852150362556,0.5006633199646909,0.5167899019437613,0.3941641317204703,0.4011746172532393,0.2979545097962392,0.3897975095422144,0.35920366469493903,0.36357073484460284,0.333539779305764,0.3802498393456301,0.45533450154438787,0.43156940514178804,0.39126006015202847,0.4335758636650824,0.3829079625024784,0.311977677807021,0.3452140246505462,0.29395850231417425,0.34192650308715333,0.3643764742917656,0.2264246614579806,0.24944877028940615,0.4262637167736235,0.31247442101937667,0.4395661899369691,0.17054564301137706,0.17742272694294337,0.4053248305557495,0.4019034917644026,0.4091814309876839,0.26817294404071457,0.346706369351599,0.36971767533110417,0.24489648073575296,0.2523337993064904,0.3526836926910339,0.274046116486806,0.16846515678190063,0.3089975870829219,0.10310131287038175,0.28087809601202934,0.23228209114068624,0.38706247500139696,0.13587525872332065,0.1350501115872301,0.2202624754371826,0.16322946946534586,0.37452887258591333,0.23232435997201156,0.126277064211385,0.1660536191583814,0.13528835797301875,0.23505323436698022,0.4171392402644969,0.12183081626999123,0.2577617395078645,0.3217793774519549,0.343120810455684,0.28290552333890756,0.12178675603004774,0.23078394195683513,0.1626541564100032,0.22958523281789234,0.2914798490303003,0.22915381238824925,0.20391979714238298,0.2960568640882154,0.29119195818401805,0.09787414914481889,0.21956431759265332,0.26630965766771053,0.21636216693120086,0.3224114358838114,0.9999999999999999,0.18933946702571589,0.24518029439539035,0.08767083541194813,0.2955850530248269,0.37844614068911137,0.3501613453149573,0.3682441611079211,0.188342471056878,0.20688655866447758,0.23655319007002995,0.3479423858690801,0.2517289494408552,0.3646804286972229,0.3883881905814289,0.46320446555451433,0.2847939697542049,0.5021280270650179,0.16992119068926667,0.3825790149483161,0.21102517971482204,0.2549262096312722,0.33239951848622445,0.37034264715876447,0.311257177506218,0.34456911934864926,0.43783344644460076,0.22838872901757817,0.29148031607606517,0.49398282495555745,0.3074395483360729,0.3584950043889868,0.30319503106151335,0.4268760652177228,0.5061395809557386,0.14005308446790246,0.31182192801033853,0.3585874976345558,0.2292771761135521,0.35765280693952284,0.19601569115832443,0.4633828241711167,0.32715541360179456,0.25974253285640214,0.22080427394402452,0.17825458651986711,0.1296290033714998,0.21368819430987007,0.1492050115150723,0.1888320423038778,0.12593510115561696,0.1176300430115193,0.12395274469505503,0.05977701150921586,0.24744651865213124,0.1443805699336327,0.18732791922843658,0.1406823267222765,0.21687193378973466,0.20115261565574544,0.18104336374713695,0.1960511520450076,0.17743081382619516,0.17053328283131705
entangled_4_seed_7,0.2737815011145194,0.24072038477286756,0.38509324501318654,0.2251751716747254,0.219191664897351,0.26955535013833865,0.32266786041222406,0.183087941163094,0.21947466978325744,0.27950232914315026,0.28491056393901565,0.2604759886701916,0.31829517536131424,0.27409520639412915,0.2970523159644581,0.17198363018404073,0.3145946124549723,0.23123932273996176,0.25157089930995674,0.298814851901505,0.20756467058489778,0.2704582700761023,0.33415828452620916,0.17641403317666818,0.26448339287852557,0.26394485878178514,0.28235540256258107,0.2139682827029826,0.254388625028641,0.25161768782173466,0.1600739280737494,0.15822735251522926,0.1847039909744414,0.22961518141800627,0.11413732145140175,0.23123666137196372,0.1095224503093521,0.1693479486761896,0.2890202684772601,0.2171978059756135,0.18006736611741933,0.09271614824534938,0.23126909740025384,0.20788523495036562,0.183633259496692,0.18671782609784573,0.11260182615367192,0.15495145978949137,0.17804248378288617,0.2904950287758868,0.2035048449545102,0.2981718037989154,0.21118257733049461,0.41024562714427876,0.20927868724016277,0.22048691812765192,0.2898454785029781,0.21303439461583729,0.18608360870718973,0.18825371162965854,0.3431439369258008,0.25275826011595537,0.2237221051821899,0.2986722406140064,0.23835473130003845,0.26392149576844254,0.18818881216324101,0.2651966801090642,0.30034270964896836,0.3024327664160666,0.2057509403441549,0.07317634035583721,0.17894018368202297,0.16248198246845172,0.23472891572158122,0.2616651063144769,0.18653570924734145,0.3500464254843558,0.2526906728091357,0.13986403825770347,0.2639892122666526,0.2743290641553649,0.19099959889788015,0.2012343182049549,0.18933946702571589,0.9999999999999996,0.18663075728952105,0.28538995702935727,0.1541509585831414,0.23926699232612478,0.2496998399975285,0.27583654580709405,0.18941668812191786,0.1736842250809587,0.15272857780978882,0.21268548232202905,0.27723046464189105,0.3006403013067855,0.2018231797630272,0.23380440098605101,0.26415764255270896,0.28614908416379875,0.23531690277599282,0.301213299265584,0.30425345499741496,0.17353875310648562,0.26684838473910866,0.24089390592419646,0.3534348204066889,0.25441057379184395,0.2799936913503809,0.09933815026021074,0.18058165956774444,0.28441544782117195,0.2361659835373295,0.24937355808408543,0.18561135785769797,0.26340355125865655,0.290734539263308,0.17744745096072398,0.1647124654330465,0.3235876901185851,0.1762466888297026,0.16880462731432375,0.1300878682097245,0.29475368519330314,0.1910240493513601,0.3126701663873338,0.009551593801532894,0.028734774555123868,0.10593316795243655,0.05400097959114798,0.08046250351573057,0.09637624474075367,0.08068298842226193,0.11335240431291141,0.11965061219479756,0.11706387592332419,0.08162985217192678,0.06839998610690369,0.06357115232256881,0.06969914418150802,0.0633297907336537,0.05653958656506592,0.053815331309489484,0.057978059679191486,0.061567312710406656,0.08226334374385898
entangled_4_seed_8,0.3308160291694552,0.37367323889485143,0.19132276296320022,0.2270360724098373,0.3339320006984678,0.1735159753773081,0.22485388020192668,0.29814369099497684,0.21923346876968342,0.29371519739942964,0.20143430215083485,0.2956837837042979,0.23249722837387712,0.245005391242716,0.3154954141958727,0.2447890888015696,0.22270925234103967,0.21751471406122272,0.29310033949885844,0.2636426531734816,0.37091589145636716,0.3368516888241174,0.28758914323891177,0.2790792375222526,0.22063240083542587,0.28063229652274485,0.23290944069207448,0.2710534815993814,0.27801789953330525,0.23964735195162862,0.3048738319808805,0.3398793156508593,0.26106517043888267,0.22739283985115344,0.29075801303877347,0.3430168929749587,0.2870450648305681,0.27381308747970956,0.3583351553255286,0.28222705595547426,0.2977232744183959,0.2610698173787373,0.2677184665491914,0.29808498894962787,0.2922462042437235,0.2343375930282696,0.31422184348673526,0.28813999894034725,0.37669812733080527,0.16936019631899765,0.2718338407746608,0.20150469618091024,0.27767715888901967,0.18450046834688855,0.2034726016172973,0.2935403625062298,0.29603563590538423,0.39492518458978854,0.19430039185689635,0.26670886362328045,0.33493781949116863,0.3132258864602496,0.298209687866425,0.3275368513609491,0.24417207098295082,0.1697965945704257,0.2870532137662568,0.3088852482385041,0.24078525814720084,0.2031624664295718,0.2844563461873062,0.3944285951209451,0.20240312376446193,0.33611423855850325,0.19547569065727607,0.199338096603553,0.2843722128407197,0.192936842240495,0.23007030977739823,0.28337420281237974,0.19563335228239084,0.20140569784827717,0.2008396968447788,0.3460930774561726,0.24518029439539038,0.18663075728952105,0.9999999999999997,0.23785271678739772,0.3121895326419545,0.2903673212089154,0.3406866298772355,0.24975830801036863,0.20869322195002324,0.24405450693691036,0.3135018636817042,0.3493912665351666,0.23500320592126203,0.2295392087539361,0.3483695008615032,0.2895310873378799,0.25166142089522453,0.29028082222241824,0.15367902304248865,0.24305338847506552,0.24289466041552854,0.2676661800949844,0.28793457544011475,0.3543128472553718,0.21369803404635035,0.2770934004004886,0.20369850133905745,0.23287394790589497,0.332376343910714,0.27576390796771283,0.11468651857148332,0.3178712369383097,0.2230980502728553,0.26773169026062854,0.26135272106408547,0.29508261983738415,0.34480698811642335,0.291274406685262,0.20822165511719187,0.2868454287337319,0.23900211112412562,0.17767946108800992,0.22028691231485012,0.20306032421960798,0.22378741698583976,0.2771872744136263,0.20879425443250332,0.21438657016517051,0.3277630394348002,0.25849118200570026,0.21616420905815426,0.25227613345443295,0.2194656089775237,0.1808984147583087,0.2563910337931992,0.2935668589055584,0.2978579254811346,0.29685464319433785,0.29584808977439675,0.23858712719974048,0.3085750049957723,0.3065212865831548,0.2793188372982738,0.23495966926602405
entangled_4_seed_9,0.22164520022693132,0.2128874967115689,0.1781478747302156,0.15300809674263044,0.18381486391933752,0.19610135902190245,0.21209727488114613,0.1653025249596802,0.17322384026006923,0.2126784785864886,0.15909403120079357,0.1434946460548303,0.17653274044369377,0.16589391700305314,0.18525057492879826,0.1636921192136802,0.1983687536690057,0.13693624206673352,0.18306366647272537,0.17402467106711347,0.17023418326685022,0.13193090985278105,0.19754062436168626,0.12606671577939801,0.16525087849831177,0.155332390989414,0.16886531500815538,0.12097840848412984,0.15065811454810923,0.14252372671761554,0.14430593772797853,0.13396940006632554,0.12313592378318791,0.11730665985831296,0.13011415052172112,0.19326821574638234,0.10707491810435657,0.11459404038050268,0.16228614584682807,0.13795301896667908,0.1239019355073757,0.08055636092082516,0.1697795985489844,0.11597003761787447,0.1540829132004177,0.11029067382926977,0.11390704219338836,0.10813461509561328,0.29019493318799267,0.1978926461294268,0.3181408404433546,0.1825757001321716,0.2112034478738928,0.15888332617395054,0.15924094120675905,0.47377815024297254,0.19182435590303115,0.3848013584853897,0.21419136839120737,0.1580138615277738,0.556665108127785,0.32262679211344303,0.23284343307330052,0.4320870112492109,0.15363725190388614,0.1807344056025419,0.20104210703822448,0.24048931793094946,0.18330788007617932,0.11209558011297632,0.26128004701668966,0.09843234255732523,0.2726234963436543,0.15650995826060324,0.17979180792028135,0.17157469269543071,0.21897194548447418,0.29270810862136365,0.169592283929737,0.1371364840453948,0.21560881085719613,0.12261578883574117,0.25857045349144936,0.23269653767355042,0.08767083541194813,0.2853899570293573,0.2378527167873977,1.0000000000000002,0.11301460635905977,0.19158279565612468,0.17542864232623956,0.1406394972785949,0.19115179595945905,0.14675971141640531,0.14200729624752095,0.19440255614175064,0.1810130811915487,0.19459621389514956,0.15463978620805727,0.1430935363946032,0.26645942789019395,0.18209002388582401,0.17879585070929307,0.1578255849408281,0.2362383443834493,0.1456797427796799,0.15374278439196443,0.20667602012021072,0.19051920294557217,0.18801554484538446,0.16173027423842054,0.13796343768131517,0.15574219947329954,0.09477678330190126,0.08680491604794059,0.15272060880031127,0.10212965079176951,0.15902754222130658,0.15355262669447506,0.2647013259856213,0.12456791647511782,0.16580281838155475,0.2148789466650317,0.11625199951445288,0.10188858241875078,0.11915408687917182,0.13918691341225176,0.2136986323706974,0.05092423552298974,0.0783096704599,0.09095491657724804,0.05806784422132362,0.1300470771281985,0.10003684550093328,0.07261930779582347,0.08304071691749243,0.1201402965096478,0.07803848676228639,0.09202932741443451,0.09198790208924094,0.08275044215539694,0.1025842876703576,0.08820735342566832,0.0722382730412598,0.09803481646694512,0.09345356376495793,0.08435932195488278,0.09262600478951295
entangled_trainable_rzz_1_seed_0,0.6493964611954777,0.4733355808533489,0.5143321569537026,0.5852693329082812,0.75929867114231,0.262718062709151,0.3179079118912003,0.30719055792991795,0.434229976855554,0.44917506725703943,0.37793489024014837,0.5464941679321511,0.5043283462575954,0.32191272678494626,0.6169189318932218,0.4807723358697963,0.48381991809506186,0.3314723658973653,0.44055246580240986,0.5943720825046592,0.8353448234189673,0.6727621100895419,0.397420286740222,0.7184040668267911,0.49447275280260716,0.538993382275712,0.5403592473347257,0.6338913729521471,0.5276366132713325,0.47303801040152543,0.7241270630290025,0.6738935110864646,0.3382976983800372,0.6114027902803022,0.7503223545604966,0.7666024584954392,0.6474682771171176,0.684430719941317,0.7391666322323726,0.68637104052149,0.466611816815583,0.5718798089137698,0.574842981896792,0.6897956032010896,0.565852306478422,0.4146998161323603,0.6995480865083415,0.7960691278707909,0.42487659553105867,0.32878313286295796,0.13276612717451342,0.47925874872793256,0.22800654698492004,0.3092805189135201,0.12372213793022431,0.46571810522800977,0.2981863298686897,0.3497827751414173,0.21357745597719216,0.17614242776517844,0.13671950224464438,0.4163258612326255,0.13436150808333558,0.32754144185672923,0.27819380804668264,0.16468016751853426,0.39708967172886833,0.4297444122350827,0.3390834551693062,0.24806170516264187,0.1560631850589534,0.5236022525439975,0.14578156020269362,0.43629328673991885,0.21113082990484058,0.2456305400297871,0.2342648357318055,0.20542430988478744,0.2628245679318057,0.40268009209793104,0.1945494247821296,0.1607227022057958,0.1988612380372627,0.4870380126944009,0.2955850530248269,0.15415095858314135,0.3121895326419545,0.11301460635905976,1.0000000000000002,0.5119235055861534,0.7435055388733165,0.7667224955745554,0.35847925761820154,0.2906951616383723,0.7328241790186975,0.501860556935622,0.29004905138390763,0.469369306594038,0.6291652714544101,0.3664870996113421,0.533894858868497,0.382922993770716,0.2707588289193884,0.267419919290783,0.2910312543332537,0.696795067009829,0.36651871252379725,0.5245147487620985,0.38462842689466387,0.3007214779129481,0.4677407406984457,0.19604494704741612,0.654763213228012,0.5206259366332772,0.19460244081397668,0.6564931081655726,0.4861885507285788,0.29557490637390993,0.5223980404378415,0.20903093942346215,0.6189045206228468,0.40984914265592504,0.15850927435615333,0.2962853177742219,0.3534344130715515,0.26949212036515074,0.48671942528435813,0.20470030174511014,0.7800654540396235,0.8208843534836882,0.7831422154699816,0.7276704878784973,0.7719058043137657,0.7840627920667129,0.801388814984621,0.6580136208384562,0.5196571040715615,0.6007058950774706,0.8286103646813314,0.8432047557950539,0.8921651012003169,0.829809336651039,0.8147024861726269,0.859001871427524,0.8895401154492554,0.8932519146380596,0.8696496362800916,0.8253171838852817
entangled_trainable_rzz_1_seed_1,0.6862982133289183,0.6490333662341786,0.5573599975506296,0.5463739434884197,0.607916353405839,0.6200742649399976,0.5534470457217369,0.44227104135323964,0.5860205025624264,0.516994101849689,0.5428382407111967,0.4312491231680509,0.5782489601650326,0.534097827119979,0.5998115078388304,0.620148556449353,0.7078271776527605,0.519014594958897,0.5227121897141743,0.45920293239883914,0.5910645422829873,0.4599112527567964,0.5139012834029095,0.3893539612962265,0.49979048357023736,0.6181311449674795,0.45763600695289414,0.3925402794744904,0.47987853515428497,0.3982048643125153,0.6182618541843237,0.47215373876632116,0.46138241887509335,0.33607462626481577,0.5350723280841441,0.6958636956212184,0.3898399570728577,0.4180183155901478,0.6478546582175232,0.4187360341375025,0.3481168883368285,0.33935442875641203,0.6319786179221476,0.4068428971918281,0.38623477096388203,0.3330022673881615,0.3850232763016992,0.43716125189818955,0.40360026409336275,0.4078318629709611,0.3335090138731115,0.4033815180689983,0.5821480456845947,0.45038472968815435,0.3617476013520176,0.3353457996696859,0.5136042704480847,0.4177174507613601,0.4382395040478542,0.4311150114698408,0.24213824889184737,0.29294645961289173,0.39768928554864874,0.33958361943555737,0.5440117593098193,0.2527150750348577,0.46541573255872465,0.5792705147095145,0.45853412220503825,0.29724253777966164,0.4832608388762862,0.32742699151669047,0.2511327752629241,0.36954967850067066,0.37604342569864624,0.3315908185779794,0.2646376914256172,0.36299448433347287,0.36906908724802434,0.28395166880288464,0.3474372275365431,0.25806971530792144,0.36254026888993884,0.4396400736137729,0.37844614068911137,0.23926699232612478,0.29036732120891534,0.19158279565612468,0.5119235055861534,1.0000000000000002,0.5875332414801127,0.5678870309763124,0.5900974687286173,0.36232743935608197,0.6363692151176115,0.6643768010678676,0.4377021469224211,0.6180899835911131,0.5359288038848785,0.4575992434904513,0.3362590471896554,0.7001140070112551,0.4287456288122791,0.45736172504213185,0.33165817239957596,0.662425167342935,0.4047891551050634,0.5458391355886686,0.7260564265872004,0.38262645669959067,0.5941734287004311,0.3278972807220026,0.5386426177904051,0.5228765786104578,0.5962425310799303,0.6172845070845033,0.24927732887914655,0.4636042521921291,0.5717505806357734,0.42961054971032875,0.5166623980923973,0.5645868711342498,0.31641618104051666,0.4283787790538638,0.3664123627489709,0.2953108902144547,0.51961288139524,0.2801151614380697,0.3216606210168685,0.3140281706712778,0.4499467728616063,0.3171487637709666,0.36693526003867055,0.4023180891096556,0.41755217521646093,0.44069144547293204,0.41186373685166205,0.404473269775015,0.4124211817778039,0.3782262082644833,0.40877939889996356,0.3872261307546392,0.4017710168375127,0.40716917026558724,0.38902418854552123,0.39205394829537626,0.40753264694950037,0.40270626889649214
entangled_trainable_rzz_1_seed_2,0.8383234985337658,0.759295799591811,0.5686252434492978,0.5419957422948037,0.6988309477214633,0.4453323878017707,0.5520866399163257,0.7336025603471862,0.7108551511451446,0.716143537011,0.4392767543475943,0.5082869985562237,0.5228877053193368,0.4583736252215974,0.6106276050576903,0.7157255996970011,0.4480320901594059,0.36566060094630476,0.5416931215636104,0.6970293675641345,0.8225481170837124,0.5905331640999184,0.4904378136365617,0.6162549403137374,0.43848948332159804,0.6913774974996131,0.4490303451667205,0.48244743392764916,0.589455662737246,0.44293484012948475,0.6614487380551174,0.5807656827918226,0.315924639858929,0.5051703733247217,0.63760144393097,0.7549514890637902,0.4780446760811558,0.5140090714270305,0.7048830656825164,0.6631432385572308,0.45681226358271765,0.46297374313017303,0.5860783183054618,0.6057350648995804,0.733207413164779,0.4141025860623117,0.5629924281265268,0.605473294976768,0.403176213023379,0.37594504222216163,0.367702892440444,0.42465814969669013,0.5001298367900922,0.39415047933120534,0.29058103859126116,0.49924498151386315,0.5739174823148604,0.4641912258151484,0.28123790800696746,0.289063846317084,0.2946940938285093,0.5585034197117575,0.32004294078064166,0.33254047598130065,0.40780636357244887,0.1908792713346501,0.5871860695843087,0.3995152857013908,0.41079737944130484,0.2873179949974116,0.4485664224913355,0.4604678160362086,0.33748267948219457,0.4583902463333553,0.23625572226299016,0.31095333159857114,0.30016280501602055,0.2642817807954283,0.4209784609435185,0.3461657643195949,0.18583522493595916,0.2459362140465381,0.26446611212296667,0.5211032824150773,0.3501613453149573,0.24969983999752848,0.3406866298772355,0.1754286423262396,0.7435055388733165,0.5875332414801127,1.0,0.7560527905638332,0.4973792130656748,0.7170384374708291,0.6391086095091972,0.7854230540224448,0.6524252622775668,0.4405493321827566,0.8134904617848848,0.607718846398223,0.5765748284963851,0.5763433043132328,0.28600322917843596,0.5774338717643313,0.6205030429164684,0.6353572842501277,0.5991896166117813,0.7396394411283231,0.5788269806627727,0.6190516606346731,0.4413409903804583,0.30720308545294694,0.6531530783462445,0.5277485729455168,0.27427969253802503,0.7645400592519822,0.4900321509291518,0.34287143895009475,0.5686970869687593,0.3988310107092686,0.6396143069144423,0.4731144844792548,0.4080587076165127,0.32778596628782497,0.4169647134928997,0.3032878000750649,0.5294652621888457,0.3107878837357377,0.5774252688947732,0.5824012366686613,0.6107429310313089,0.6031958400779738,0.6127045253897347,0.715504347060308,0.6122736905692633,0.5763773526338595,0.5884136582778757,0.4747077670630404,0.7591560087579379,0.6325776301041826,0.6600205736823241,0.6346241577499022,0.6259218080138099,0.6843850904034234,0.6782480895264354,0.6757327539876861,0.6733517750557125,0.6888567040792917
entangled_trainable_rzz_1_seed_3,0.6874742903320071,0.5713151372324903,0.7201716611904263,0.5747712635187451,0.7300926711853221,0.4184289664293677,0.5022345465179961,0.4310655601340288,0.7057193386261303,0.6850852058999559,0.520721515986293,0.6375782755831425,0.6739537823809068,0.5655104179997621,0.668970542582359,0.5844804120521465,0.6194246685693245,0.5638607426896001,0.5831582311936656,0.8536572748463818,0.7496460524276429,0.6690533874560548,0.5425334100652565,0.6720384086154465,0.611691347851333,0.6237447985129181,0.6699328692176301,0.5597375218917972,0.7277156065974604,0.5708099597614129,0.6442506741299493,0.5590811341491488,0.4395821923183913,0.6634364827987096,0.597707527956685,0.7447598021008175,0.5403018942450035,0.6127356629726056,0.701749377354181,0.816496874494974,0.5300406544660045,0.43002977497456296,0.7275756736411089,0.6642939945398189,0.6204658529831928,0.5343376097834123,0.5740778325401216,0.6378247520181818,0.36848352681987195,0.4222731537017164,0.26764872520734373,0.6313233478927451,0.28345773702052857,0.5410357068746415,0.2657457569477117,0.4092706679897743,0.41536601467320927,0.39171223918752196,0.2400952340316724,0.2754145999193383,0.20709911890414906,0.41981115409778824,0.22386969916171195,0.29729626005435084,0.3688437045313528,0.22206652969397067,0.40434184459965267,0.4160744588955931,0.4073316127897159,0.3636255851048279,0.22873165413308214,0.3982056069702585,0.18823517475976584,0.4509208318344354,0.33001975534482714,0.35894663066906907,0.2553319077893538,0.311810204563824,0.39195553148803836,0.3035219034822416,0.22649848344861204,0.1988869744609174,0.22765084663422053,0.4384350626285425,0.368244161107921,0.2758365458070941,0.2497583080103686,0.1406394972785949,0.7667224955745554,0.5678870309763124,0.7560527905638332,1.0000000000000002,0.5481343781473944,0.5478000245412052,0.6564900240721508,0.5821451423949937,0.41823914899678066,0.5221136877148528,0.6754994930200914,0.45714102086703784,0.5569579799648288,0.5355175767010891,0.43597297886151354,0.5240282093466317,0.4660588402410374,0.5590670977945588,0.4926893917349206,0.5757114180474783,0.5776079363323549,0.4906223917868701,0.518206055345053,0.24659769753930882,0.6200450322759079,0.5487918530402706,0.2677223632891679,0.6240528439060441,0.5006370393868349,0.42487981996995083,0.6122481727718392,0.2729284878704203,0.5463876377420229,0.43195579566351294,0.31530022602779123,0.3094195152507281,0.43143404069372054,0.491662123611353,0.49064758342702286,0.279881947143454,0.5683194166367289,0.5653931695057979,0.5772078141281287,0.6210794915233624,0.4541801069747193,0.6202525669710032,0.6129858930728861,0.4982331930618963,0.5071627069329386,0.4298927589046067,0.7193362957400301,0.5521746186476476,0.6142719997021303,0.5330629126037895,0.5793266230340443,0.6660676528983132,0.624379475202598,0.608396703510225,0.6243701856175206,0.6671590809446627
entangled_trainable_rzz_1_seed_4,0.6206014050635021,0.5797917674892203,0.4197072530857222,0.26488124127243573,0.3461024590916866,0.638518381047817,0.5864055592350486,0.4417787860036572,0.707432660249309,0.4763729681785877,0.23503627006181224,0.22911583849050654,0.37718227050439784,0.477306202102889,0.4025116735698802,0.43192289644400245,0.45368786474178524,0.37293871466195316,0.5186057509807374,0.5267311121604513,0.4200805159622555,0.24059472963849285,0.33964521507118006,0.25809538115994685,0.28825451684849734,0.3280269651741648,0.4118365220999924,0.29410450008852856,0.38231723794904526,0.33165454746852746,0.2860059282992149,0.29751624454792697,0.25103434476491193,0.24647564476129785,0.2572489421215201,0.4482633468229933,0.3152554472985681,0.32154693853774347,0.3543508655668335,0.3785110534680586,0.23516840134410252,0.16909681985808264,0.536107780388821,0.2872804646685027,0.3565848308596225,0.27048869890799143,0.27961437628783486,0.3301108940357769,0.33757919318966567,0.22936385419350502,0.5799986336333554,0.34611725027307405,0.4218335846924762,0.3467490146263589,0.41524889633080064,0.2969473901651948,0.568904180040673,0.4518196606434514,0.27902286913542723,0.42821698807116026,0.31634387811677167,0.30101263561965136,0.4554687730335319,0.17287010235466374,0.3569443450723184,0.22689628402009127,0.28134964005272844,0.2983300622340324,0.3285117459574138,0.18000654478209083,0.4822032199237947,0.18098243093002425,0.23940920270865385,0.3567955609383001,0.2263444220361576,0.2867176248750667,0.2409700231944002,0.1678604368426485,0.33545963305203746,0.1087763145800578,0.15076226883626218,0.20303347580252876,0.27825757799777845,0.3315473073854339,0.188342471056878,0.18941668812191786,0.20869322195002324,0.19115179595945905,0.3584792576182016,0.5900974687286173,0.4973792130656748,0.5481343781473944,1.0,0.5341106655628215,0.5146072535276869,0.5889393501148504,0.2711269773878263,0.553811479100155,0.5259252225002337,0.3268939723393378,0.16558182862178353,0.47219856940736693,0.51293707129668,0.42987781655534407,0.3872260619832145,0.42503057844892295,0.3937061647745858,0.5440137335657983,0.5316959402773374,0.2985928398264787,0.31093704572182307,0.3230431525304837,0.39005762268197275,0.22960957704205212,0.2525048187602619,0.38811027041145923,0.29351632073465916,0.2338649664592059,0.32301290323162807,0.46186049326722084,0.2851629467061731,0.19514220548519695,0.29905542554323994,0.17205366774938513,0.45176708924294984,0.20929486906094208,0.3154641421518102,0.18359383827990483,0.23157312325048174,0.16444261469298727,0.23281563947653755,0.2545975600807232,0.15947274863028052,0.32318843142559167,0.2552200265609144,0.30637996607769585,0.4060568591140016,0.2077567856092207,0.3710005185800277,0.18051647209410998,0.22209419272923223,0.17582184746955043,0.2600194143914634,0.27999740522516464,0.21827416660899596,0.21445400990026214,0.2671388228441786,0.2845859740469994
entangled_trainable_rzz_1_seed_5,0.6701457636429471,0.8106669132398916,0.3668220749799562,0.2324612462030851,0.3750026689030877,0.43384064385918364,0.5519668168251045,0.8886647305291431,0.8208815590859122,0.7406452841836663,0.3010959748801599,0.3147116015279301,0.3372639080860169,0.48824111152162364,0.3680233200630197,0.6231074499246192,0.22770775595754578,0.32852041593218534,0.5344962358407552,0.6593623946630625,0.5446046549053964,0.36071715897137047,0.35857293501258625,0.34397580645388476,0.19675611240859123,0.5382810927022932,0.2563891311054539,0.2423440241141316,0.4768305533411699,0.31516387828452835,0.327512668187149,0.27839199904805406,0.22696924680955796,0.28867784098895516,0.2585794032363599,0.4793529666846955,0.22281461433618258,0.23380215088298228,0.4063962970230487,0.45595818467956284,0.31787305886165035,0.19398575508307506,0.44894560382193965,0.3329252124072405,0.7038860784060962,0.32608970124813796,0.29728969827387597,0.25249464624861623,0.23094771273774084,0.171244692226752,0.555025372249738,0.2472161490245725,0.5505353565860039,0.32111021871181805,0.3499301953497924,0.40242818695328797,0.6458268179688036,0.44300778582151223,0.18103171538931287,0.2579416938198444,0.30482446217438774,0.5084363441573212,0.43007394788160763,0.1317171461413884,0.271829589811107,0.12997283065645504,0.5685202155712337,0.11586447082590823,0.14291765323693212,0.20596565327452226,0.5033795084104494,0.2121734614091141,0.35550507569366935,0.25739903650322893,0.0726280634717103,0.24001499385906686,0.29758141633153257,0.179243952139652,0.3319418906320771,0.17214492171959475,0.110025699234914,0.13294726461368797,0.1226940416639362,0.33238592770001263,0.20688655866447758,0.17368422508095874,0.24405450693691036,0.14675971141640534,0.2906951616383723,0.36232743935608197,0.7170384374708291,0.5478000245412052,0.5341106655628214,1.0000000000000002,0.408029958173427,0.8050668182363557,0.7266360037490895,0.32829389390247427,0.6394588725845665,0.574765126672772,0.4497906115873089,0.5122668729265307,0.23306954106129465,0.6554435604015828,0.7583063509769665,0.354524489645774,0.6413382075437669,0.656832893694355,0.5058932822723693,0.7173989149630168,0.19530413100314054,0.31640072981359196,0.42851987622701215,0.2880653924138039,0.17228509797121422,0.5396158634697965,0.3938338807873286,0.2204256715577531,0.2981011344999774,0.43475131343542606,0.397418627420898,0.19549021155559188,0.4123532242620375,0.19444934444772335,0.38198717336314447,0.296241475009529,0.3502282887595855,0.240068619173665,0.21349804260950322,0.17282115698744824,0.22783358889898506,0.3141957279048768,0.2108228600578876,0.41980543870503667,0.2580908556415097,0.313403799461474,0.4442288491110077,0.1957623335327913,0.43626193914492506,0.21057423191908392,0.2143016604811012,0.2210794976766655,0.20388248399577705,0.29065256210189633,0.24580549854366945,0.23894029967056848,0.2782083327730223,0.3438012342699185
entangled_trainable_rzz_1_seed_6,0.6831783747448233,0.5618241230395514,0.37714369034485556,0.5976557389844763,0.6438909376640725,0.37557957770064326,0.3983971700724129,0.4767514725604368,0.5690821654454749,0.46844531245863313,0.4503922780007605,0.3724828358986846,0.4274877812826621,0.35582581552796416,0.5622755118237257,0.5409378220559781,0.5141508751228934,0.38208526738402404,0.46699574564334106,0.5671285388330237,0.6433552522422024,0.4749260280243326,0.38184116279681996,0.47635113730520223,0.4303099867182011,0.4882884457045714,0.3929379988112718,0.4574267677813432,0.39863642393552084,0.41370206650948027,0.5779434530652423,0.5415316170967717,0.3038418523397207,0.38011968564524456,0.5970473393250844,0.7073416845936751,0.47172576947081424,0.49711651199426216,0.5851544449674552,0.5263003862987,0.3558435550767504,0.42763603135459727,0.5145092102514129,0.4582410334812658,0.5073840431033649,0.343601261171203,0.5562473535075618,0.6330491493731081,0.3969900120280059,0.31570863069941707,0.2900601972062767,0.3544900452323036,0.5112286720650482,0.2651938563985777,0.3070123995704009,0.4212928929921194,0.518335166791179,0.3660707217160773,0.2740564208491874,0.338344154461626,0.25799399221964414,0.37985763644557546,0.2336432299301043,0.3165600604694656,0.4304699044011827,0.24236863687295937,0.4941367783382605,0.5567322064503725,0.3095283383231019,0.22875404685672612,0.3841335853019762,0.4055636486638992,0.2460212033695293,0.3909876156598116,0.3157266386549552,0.27114064917070924,0.2560772593317968,0.24439912965646593,0.29345128505131984,0.38174004505290177,0.21108776701380813,0.18564346678134386,0.24869216451705248,0.45769276003618653,0.23655319007002995,0.15272857780978882,0.3135018636817042,0.14200729624752095,0.7328241790186973,0.6363692151176115,0.6391086095091971,0.6564900240721508,0.514607253527687,0.40802995817342697,1.0000000000000002,0.6202917201069691,0.4494798064267606,0.48786942273866096,0.5677905212714011,0.4906374341867328,0.44043510081216597,0.4718579615226432,0.29323646861305,0.34628738197340525,0.4465884816371802,0.7113285029356475,0.3765063620886775,0.5415830631810097,0.506451485241264,0.3902563604128901,0.47346020207939254,0.27136606387593704,0.5714582035904894,0.48641306412605967,0.40101617992443434,0.5944429437889143,0.5527148029222407,0.3622772391765586,0.42367207124132233,0.34201532796891865,0.5849606380182542,0.4485455835461007,0.24301252190207082,0.35346074214367024,0.41558444272167183,0.21074135668369362,0.49939009678359086,0.22701956118299757,0.5262065739520134,0.48175797285192745,0.6376350891798257,0.4566133607229137,0.5488583893711068,0.6172533678865872,0.6193049626757849,0.6222055357438987,0.539724436978084,0.5765574552480047,0.6060817630981267,0.5790127992696832,0.6027243152806347,0.5876309516846815,0.5479786858937516,0.5870150530493908,0.5886094311050948,0.6022200982209227,0.6523931677839203,0.6084818994663849
entangled_trainable_rzz_1_seed_7,0.8058731214846155,0.8708037436804278,0.4462299024565563,0.4789904591639949,0.5973567205324888,0.5104673360367789,0.6311189529473379,0.8500191521512966,0.7956607018700449,0.7452844627867957,0.49260117631442774,0.4390362530318901,0.4962285899652312,0.5320757719608205,0.523577385806681,0.7103799920675732,0.43599705682622514,0.44852728594440644,0.624619448757153,0.5940467733244162,0.6881551377039827,0.5090839937352645,0.5166703031098256,0.4700205907287555,0.3731564512982865,0.6647992979518338,0.32771132795025026,0.3844390301156666,0.45113865043245893,0.3965250029370057,0.5214875570343097,0.4203301568594457,0.30289348288137835,0.3968020459529062,0.4630504244807894,0.6991998570370784,0.33112681162656116,0.33692537125752015,0.5918039563609669,0.4970467270001644,0.40317889939293067,0.3213043521953338,0.5511953015727995,0.44727996843521606,0.6616912677808332,0.3201606966411536,0.4657706547078794,0.4244237361120513,0.39693592146383894,0.34461880120983446,0.5154555369287821,0.3082817279990647,0.6501733018756793,0.40167579827169975,0.40411299479451734,0.4533065508954985,0.729385089881289,0.5340531735392647,0.4075247359646209,0.41380231518444516,0.33810877129625894,0.4796071876949871,0.5047925375373793,0.3166842056498851,0.4720139453259345,0.19758203439394023,0.7045299000331889,0.41430824110366354,0.3267538753165686,0.21407148264335402,0.5998263115986333,0.4064667379856766,0.4125021308848418,0.38034710866043425,0.23382403389291995,0.2697877722350985,0.36307073013324564,0.2823770314753241,0.3939928422695008,0.27878865890464566,0.22471514364212503,0.25887685635492624,0.2637668130427899,0.5165386483778871,0.3479423858690801,0.21268548232202902,0.3493912665351666,0.19440255614175062,0.501860556935622,0.6643768010678675,0.7854230540224448,0.5821451423949937,0.5889393501148504,0.805066818236356,0.6202917201069691,0.9999999999999996,0.6963447848634189,0.5572742663636395,0.7138101332273471,0.6759949659723604,0.5082709308849304,0.6971884726605247,0.3018930398604067,0.6877310483248528,0.6420720158902965,0.5976010211236787,0.6989644709896174,0.7796640239115749,0.6693651723518697,0.7429837617045675,0.43827420988750365,0.4152890579543699,0.5662340336919768,0.4548003099844454,0.3860026854023487,0.6766027723522694,0.4504010334908337,0.3619857133005228,0.5461995596254466,0.5034709135612337,0.5562140028522918,0.41462709257428726,0.4397401416080582,0.39424417091037,0.40110849904966595,0.33148521398868497,0.47242657053474835,0.3298639276596602,0.3350397257318414,0.3235912473613856,0.4397383258325049,0.36843722974201903,0.4419412014275087,0.5213753228381459,0.41045729995982977,0.46633682259727754,0.5333605204669758,0.39204156862756123,0.5177782257973644,0.41099630278674815,0.4126015597803928,0.42781207583162506,0.39191203192266943,0.4391781804514027,0.4259664564491308,0.42520819128965653,0.4394421739469727,0.4643962327403467
entangled_trainable_rzz_1_seed_8,0.6409828545857061,0.7327680472998919,0.5023877835412727,0.4178076606377107,0.4624033439718964,0.40233436135635975,0.5516416101278714,0.811511056750663,0.5327286368411915,0.6659364053881204,0.5343305461501743,0.40064937782973503,0.405858458431721,0.5189566963349159,0.42296800654201117,0.5990385321718933,0.39532824013313217,0.3535889617821828,0.5163536364800664,0.49970425913677324,0.5290525045376069,0.4385171579821006,0.42749055907127953,0.3703572993273029,0.3317897998107141,0.6607570010656568,0.23027745835510313,0.28335499696814315,0.41403132461570663,0.33164923952233155,0.36297005529558035,0.23662834944001968,0.29140860475818414,0.32876599073687174,0.2884735448729612,0.5364727104542801,0.14151468017811553,0.169094387405574,0.49259994319035705,0.3586195960324501,0.3494948394271499,0.20586254636706378,0.3790296537917741,0.3201485563869007,0.6090455413629376,0.2614172787857609,0.2491678891963718,0.20277634038871462,0.19376327986177663,0.3425401967842985,0.353085978522005,0.26110012791135084,0.6979003506431413,0.4845913768863578,0.2849134460693177,0.3008247717982388,0.6719260126511958,0.302137064474933,0.28709821928928253,0.3000473125317365,0.27698528578437365,0.45531278413474946,0.3429291661317741,0.24403574722260002,0.3788588268037785,0.17183412697599665,0.6802858753295358,0.271382894695907,0.2434882453880467,0.34994170598562585,0.5206640236529568,0.1819041173467476,0.43179264076270185,0.1829401050089981,0.2199927477227843,0.25976094018106477,0.31808551409878394,0.3419692598233865,0.39497717814024813,0.2780275977453094,0.28168003024031174,0.22133176098036095,0.14149135722374737,0.3553377901493798,0.2517289494408552,0.27723046464189105,0.23500320592126203,0.18101308119154874,0.2900490513839076,0.43770214692242104,0.6524252622775668,0.4182391489967807,0.2711269773878264,0.7266360037490894,0.4494798064267606,0.696344784863419,1.0000000000000002,0.3471011506610262,0.49355423258824793,0.7182030403974736,0.5947409950057009,0.55163810838129,0.1707348796318765,0.5427752855142339,0.7246350104604221,0.41332350344714597,0.6693010520900835,0.5783208715016429,0.5907310338029189,0.7253669621958355,0.32483993019576773,0.36455640869451006,0.4312768483622536,0.42576464166735917,0.39185909293775895,0.507184946404281,0.5232967997161311,0.4102633070912512,0.426765325996452,0.4524056485688094,0.43512653382111827,0.39243430164926946,0.4175799800493763,0.32320061865778543,0.2748174751110621,0.37614174785732024,0.45827537359546344,0.36407348960923047,0.08760337184071001,0.09064745942017707,0.2785267796609754,0.170952020646621,0.26720005686635734,0.33670993013550043,0.24343136179765248,0.3921941693988414,0.44164372143900743,0.31960099742871395,0.302252698363892,0.21478694109920335,0.1723368593596395,0.2468085400186263,0.1945990632642856,0.21161202157363915,0.2028796910544316,0.20572027254877964,0.2524512334135294,0.26920080044503936
entangled_trainable_rzz_1_seed_9,0.6621300635923165,0.59639864237173,0.674426722695294,0.41706764305133653,0.5651589550357516,0.6970807583737119,0.7026331999035381,0.33916684627149596,0.573801406168112,0.48337242378511996,0.5392458983672848,0.4644767450229469,0.7191092484182475,0.6273461119638823,0.5806719884922341,0.30612494131680795,0.7503532154513302,0.4151498098470051,0.7070031784534749,0.4937122857454734,0.5241260898263352,0.4546709416658988,0.568563475289918,0.4111885982383463,0.5548848598347431,0.4233514972813482,0.6171446136087191,0.48367658950756315,0.3618918223080561,0.48882108873759467,0.36282996383625316,0.3013293413889664,0.2677052221677037,0.5015804638689034,0.3226677098714921,0.6050838396926898,0.3337607126117946,0.3189394074953906,0.5353371995894677,0.38918893531873594,0.39925678906889367,0.21294111309633165,0.5663113277805729,0.4135917533885459,0.304070121845361,0.25249251250551097,0.3423171528966512,0.40734055505222494,0.27956485757711685,0.4645633450347712,0.324125996896666,0.5212490555595247,0.4620877776687482,0.6540139377164252,0.37975537077223714,0.3472103525723138,0.5450104202681857,0.3567512143181885,0.3561334578923211,0.4067375582718911,0.16459683258355834,0.29030329089716767,0.3856567336611878,0.3094787257336701,0.5744718714376137,0.2954834229838561,0.3096091931617815,0.5011492471018922,0.504436713872062,0.37012078466200676,0.3760062028502778,0.2582097631255554,0.2645724224874797,0.33940949123198455,0.42006824977261326,0.380543885718156,0.34460813772649806,0.3754847480653714,0.34027739454687433,0.20401451136412505,0.3382297173145983,0.2727536419933325,0.26080694443443353,0.38100655804960654,0.3646804286972229,0.30064030130678543,0.22953920875393605,0.19459621389514953,0.4693693065940381,0.6180899835911131,0.4405493321827566,0.5221136877148528,0.553811479100155,0.32829389390247415,0.4878694227386611,0.5572742663636394,0.3471011506610262,1.0000000000000004,0.4559096742586586,0.4443297109472766,0.3323238637749461,0.6246776326179277,0.6975316976160663,0.39506068308468206,0.41192672026784266,0.5146616566814712,0.47241181011534333,0.42407616121022945,0.5945384841854054,0.32755586689195826,0.5663286182076243,0.29881262498602484,0.4299225436747477,0.38486007443008674,0.4250176058825492,0.40886544981105044,0.3172519726719146,0.4682649042074292,0.5451067150885051,0.4587407233060263,0.3324646112962639,0.42378524814824964,0.22528129107934386,0.3035809264126714,0.3130738434440297,0.4800506359642643,0.39293286364513624,0.25636288292106335,0.21161829943098953,0.20336429482359614,0.24572248324270174,0.18344527952536926,0.28012468843995464,0.26276869923009943,0.20706762994376074,0.2440020578927698,0.27820177563604587,0.22171473774679212,0.2642662222381704,0.23532488972387394,0.246795575474254,0.2528588383461667,0.24723143521269267,0.2268944796349607,0.2483092440476675,0.2709101481369326,0.22904036524141433,0.22071700180091797
entangled_trainable_rzz_2_seed_0,0.7624849502064747,0.692475218723071,0.4626293037182137,0.5205621936993645,0.6560213540393658,0.376032165179956,0.5353729139204723,0.6829188320212537,0.6765957116027959,0.6894463815668431,0.46943406833950546,0.4726233249428346,0.4942164335796248,0.3976414291446976,0.6263365649748125,0.7085311717835774,0.3979621977606985,0.37045708895372437,0.5074591763788895,0.6471770249478658,0.6910494648591953,0.5237261811634293,0.5054581773156308,0.5228580004629728,0.43386539607939945,0.5939274358232525,0.37614512663482047,0.431024770616838,0.517848706862638,0.4954331605047157,0.6289433512209955,0.5307682484907716,0.2744292305968317,0.44759051286177726,0.5867644529903584,0.7033414118269894,0.39364772054434444,0.40944759099805916,0.5787363841854497,0.6364797561492329,0.45544613197681455,0.3968938012337947,0.4682983133336518,0.4941240807055271,0.6565395328791094,0.39848208789538253,0.5324275741411891,0.5431581564463012,0.3785668050166606,0.3280097652653418,0.3684649327688912,0.35203295981995747,0.4448845554516154,0.32662089148434,0.40592188188495704,0.4432803215528362,0.6270960903184486,0.41033372196623735,0.31295592775383013,0.3047029016533046,0.25161081036730054,0.5384045795507449,0.36325653884242115,0.3217593521382718,0.44870449651369476,0.21663920753552227,0.4999917852573653,0.43542225080572394,0.4527836208571646,0.2299693878041849,0.4480317487689338,0.3888045548772907,0.29263296120886556,0.40129745706086856,0.2868683387655004,0.31011612123766497,0.26009032083174416,0.23491107428163643,0.3591617672674474,0.21283338268450178,0.16437173809212524,0.3036742976252277,0.3103154398108459,0.5575870845278,0.3883881905814289,0.20182317976302716,0.34836950086150326,0.15463978620805727,0.6291652714544103,0.5359288038848785,0.813490461784885,0.6754994930200915,0.5259252225002337,0.6394588725845664,0.5677905212714011,0.7138101332273472,0.493554232588248,0.4559096742586586,1.0000000000000004,0.5859073476563834,0.45277752838567986,0.5420347164881848,0.27073916206539267,0.5700313747715829,0.55080140626,0.5296042623681451,0.5020773440282427,0.6836083707600878,0.4857446033639026,0.5717350886013615,0.4193707424370267,0.3698970275270174,0.5978607751421038,0.49297043672843366,0.27825533559304133,0.6680387994104152,0.4558311047917251,0.3907351247965931,0.5522719385557742,0.35772403169377587,0.5928838898823579,0.3637133966032075,0.4136703239322374,0.34536555565036353,0.400274592055888,0.3599841377757296,0.46961828775267056,0.342051003042368,0.5265346022108277,0.46438077188455723,0.4087395180677038,0.5457673996626675,0.46912593301934596,0.561946218973046,0.41746074321952376,0.40584162449489203,0.4711876555268229,0.25663955061185734,0.6758690864646509,0.44256599168100197,0.5018757997515606,0.44256748935199003,0.5555664220543091,0.5519059011511218,0.5252147837926999,0.5400889260912317,0.518773502523235,0.5214668797442483
entangled_trainable_rzz_2_seed_1,0.5954690642806252,0.6636330690722962,0.4340414548646814,0.5062531769545007,0.6134183294009373,0.32941550648547363,0.49877045684295057,0.6901007313350215,0.5192125829031521,0.6022931205766029,0.638191236023052,0.5147529128509023,0.5170666214816962,0.5578759034153243,0.4656024419985099,0.5491235076032326,0.4767597493727636,0.47851248330011686,0.6020593346465637,0.45126693746164165,0.5114795918849683,0.5125927735311246,0.5160301567482901,0.43499231097776503,0.4554792888695794,0.6019492365791201,0.287107229247638,0.3793869686179038,0.3715266257206024,0.37897954734066236,0.3834947227803729,0.2762902339190486,0.3705394837380611,0.4323043540943606,0.3781148874874428,0.6015637780871068,0.2226782089552794,0.21494767047941896,0.5088196180750066,0.43655134953605423,0.5336290502605149,0.29447974887351164,0.4067992640042503,0.40220283975718546,0.5214591866981882,0.33904804963619595,0.44695711158319545,0.3298009910637558,0.21528916914911983,0.3761658540106895,0.33179096757047616,0.2656386426639361,0.6127848126681343,0.41872610923804066,0.28745808092825814,0.2585148536862921,0.6130995873946229,0.3536886577676359,0.42327765387832655,0.32991740707945344,0.25123881778840096,0.38837205267122143,0.30304380103132705,0.3032956800679517,0.5119285767892999,0.17752079576604493,0.5680382723496159,0.36001746149125174,0.3692096958773956,0.28211407462080185,0.4077202971090905,0.2547021751128906,0.35807188230486914,0.24077093056001628,0.3263312856307101,0.23628495858134915,0.29177260614142564,0.35411144563618685,0.37558101140541394,0.16411179350621033,0.21008033323557979,0.31849893269517116,0.22393667808678105,0.42522832878196076,0.46320446555451433,0.23380440098605104,0.2895310873378799,0.1430935363946032,0.36648709961134207,0.45759924349045134,0.607718846398223,0.45714102086703784,0.3268939723393378,0.5747651266727719,0.49063743418673283,0.6759949659723605,0.7182030403974734,0.4443297109472767,0.5859073476563834,0.9999999999999998,0.538622137428203,0.6600055265769721,0.18924736670174172,0.5856004681518245,0.5883817076080801,0.40748157653097833,0.6712702175828454,0.5908269395420964,0.528975132377281,0.645787895661641,0.41795582434445677,0.5268076799467993,0.46201243821301824,0.5378606297361531,0.3703383546358753,0.5337055893031705,0.6216435266871704,0.4653464096820818,0.5386765082819799,0.43626850314095167,0.4788551520245864,0.3989800903009921,0.4177175232572205,0.4605413480296339,0.2922720621058735,0.3979020354167065,0.4155924359274065,0.3341913161573904,0.18485777630009328,0.14148494456762625,0.2059160101034475,0.23018152796215097,0.232004257042684,0.3128704719510085,0.1782725345115036,0.2888084350193975,0.35131325739330016,0.19013919078774977,0.3556086164586535,0.17314420950267648,0.1842877682831316,0.1949659479637734,0.260341327092647,0.23413138561094407,0.21189706190538085,0.23384457596764732,0.242424947031201,0.23941973141056455
entangled_trainable_rzz_2_seed_2,0.5018823972650274,0.49956114978731725,0.510994331243065,0.3832408642461096,0.5837756108440939,0.15447082121079034,0.371649137605336,0.49279400537453466,0.38160332115947254,0.5033117981733876,0.44796355682155875,0.5867399232000278,0.45960989031641686,0.4780847176579336,0.4022571404224896,0.4725197353462163,0.3697110508332752,0.39389540928256767,0.5373549663488049,0.47981504114937823,0.6165601174919831,0.5691906170002132,0.3264231347291167,0.6263020641226226,0.4381569663265518,0.5111085134694934,0.38041784291757275,0.4798807195978797,0.42451691213288184,0.3379296900504922,0.4929688473390958,0.369211738262592,0.24400159302588725,0.5692889952827762,0.4478375510313404,0.6053728945819599,0.33586195900121246,0.3913263447913098,0.5348243312282304,0.5466175068228444,0.5379532392468027,0.36941530935866107,0.47411946432296925,0.5788205602185365,0.5777803154001602,0.3325201003145415,0.48968237660464736,0.4269621799084186,0.4070974412401991,0.42834868079766797,0.1614645345751208,0.42651566869455704,0.2766408937672177,0.49840089128420906,0.11520095430191728,0.5550474622301718,0.3725021584951169,0.32031842828103846,0.2974914843095938,0.17375290442528027,0.28276210734630286,0.5252872308993386,0.1718310318027823,0.4625899055093834,0.2818481838363708,0.1568259495715703,0.5988456533975608,0.28803957907844363,0.21148774672089032,0.32231967720279125,0.2414815844734674,0.348845768268017,0.2875273182854253,0.22844018172137157,0.17617970090031243,0.22511282496314564,0.2951833189071858,0.32686176111702936,0.2633138157989247,0.2980694708321015,0.23772475433095705,0.1783412185180511,0.12918806986196663,0.5268428111307554,0.2847939697542049,0.26415764255270896,0.2516614208952246,0.2664594278901939,0.5338948588684971,0.3362590471896554,0.5765748284963851,0.5569579799648288,0.1655818286217835,0.4497906115873088,0.44043510081216597,0.5082709308849305,0.594740995005701,0.3323238637749461,0.4527775283856797,0.538622137428203,0.9999999999999998,0.4071385972890056,0.15413857170318032,0.33580825096275757,0.45101635129162815,0.3878727564987506,0.6300144273462127,0.5051409995520618,0.4026524992932994,0.579429360761849,0.40777654863576085,0.2835269677884317,0.5287271278068192,0.4450443224255665,0.18986333636545738,0.48253156485907334,0.5509023526525845,0.43629514195626107,0.4792307968066551,0.30051515164640347,0.4627417341991699,0.34183800005179077,0.2608707830050023,0.34575186713817396,0.2259834041691724,0.34918563576467,0.32936657829884297,0.2847788411192623,0.39227162100558005,0.4144677381858168,0.4625489251214891,0.3434060996852933,0.5021309976669268,0.48610394660175704,0.4457046558821202,0.4361502587504788,0.3955600679326435,0.38408079162692654,0.4536655682248756,0.4773943402616575,0.47373846368185185,0.5029193014869539,0.4313761782710018,0.4449047827815265,0.5003627139743162,0.48467216862413953,0.48525888644682724,0.476399421990185
entangled_trainable_rzz_2_seed_3,0.6483916048997436,0.7077968247976821,0.5190532086973382,0.5125487561425873,0.6310785960561781,0.5156329959055518,0.5809424410860959,0.5657087632500106,0.603557186307558,0.6136382699261477,0.6191861484134139,0.557415857062351,0.6712692091037068,0.5767442183639868,0.5655911972800441,0.5273697304994829,0.6198118810972193,0.4751222807037344,0.6433179896031784,0.47483928690208943,0.5688019609134368,0.5560476293269798,0.6427430052113939,0.4403964416086682,0.5171757676968788,0.5610351998094599,0.4446520084875645,0.3882229018085158,0.3640262023540205,0.3903849456211165,0.4597128032322955,0.36364074049014106,0.3153859117361292,0.44255272867086154,0.4183892714718136,0.6625386417105396,0.22098460919723698,0.24028623832660623,0.5833061045154927,0.4197289957974416,0.4858712687763361,0.2860272612498747,0.5235317327027251,0.4068439900471524,0.4299828473602567,0.25944711192378705,0.39809157164902675,0.3743564875559096,0.2905564004352311,0.42376668687363583,0.30845547456504413,0.32504294467001804,0.5803229770997033,0.5067325436643455,0.3283908944048068,0.2774327063821834,0.5854273054331324,0.3783785587916976,0.48377287366764826,0.4804005951432026,0.2434307049838532,0.3578939350685783,0.4008779447644965,0.3215513414724054,0.5989224382158721,0.27562516717445806,0.49412832713226984,0.43815316624793493,0.43428835725525555,0.28863114261490336,0.4480893504081949,0.2532224215344681,0.3435047148561664,0.3373600796186124,0.39729965417276836,0.3153668890423097,0.2833035267264596,0.3545179267990525,0.4340669526266412,0.19392312495396613,0.3298720723115981,0.32508907678462906,0.292422101875393,0.41429463333486305,0.5021280270650178,0.28614908416379875,0.29028082222241824,0.18209002388582404,0.3829229937707159,0.7001140070112551,0.5763433043132328,0.5355175767010891,0.47219856940736693,0.5122668729265307,0.47185796152264337,0.6971884726605247,0.55163810838129,0.6246776326179279,0.5420347164881848,0.6600055265769721,0.4071385972890056,1.0000000000000002,0.41266698743908564,0.5443829218788608,0.49853327972054456,0.5608553230455798,0.5819806315561273,0.618147933262245,0.6767803930377045,0.5367558736429441,0.5695603342425989,0.38230740007171476,0.45983582631375,0.5793053020612127,0.5537608525972975,0.6273991000103434,0.3805048720305253,0.5126540252392731,0.6126488013315354,0.4273700752177212,0.5039831539416795,0.4867336316350918,0.3429560043216932,0.4759883110812874,0.3299253725899206,0.44911747113108175,0.5004250447704726,0.3255663271876882,0.1809074684296707,0.1873378171862472,0.2709775425560465,0.22528958039983493,0.23191287166280294,0.27407040592806037,0.2552217782979869,0.30798601161669087,0.4012831128214961,0.2521217143613562,0.34844094357948874,0.21905946672775298,0.23682502696732005,0.23195716207340863,0.2939400130938894,0.26383561045080506,0.25260983056032055,0.25483438758659405,0.24331431880087948,0.2695857976959575
entangled_trainable_rzz_2_seed_4,0.5533241519447729,0.4590025376676126,0.5306363615674292,0.21668516902283158,0.3875929671339494,0.6588112277442741,0.6721476805632601,0.19327496612661976,0.4877913634196643,0.4160035789054634,0.31126618320707117,0.3112577465062197,0.5405535260254317,0.6294673733556782,0.48463419058695667,0.16024247319970472,0.6808375923203374,0.3185130465465963,0.6664222416582329,0.4871045103904484,0.38686938241947416,0.30682252114588965,0.4680737975594555,0.269195224342731,0.4082629565235142,0.21181170221748158,0.6257962651222562,0.4166144888652795,0.3791137148513951,0.5080992823250071,0.1975111700625041,0.2195861630412757,0.23815832144089616,0.40963610578222176,0.15323286856875515,0.45190603134452895,0.3160425413526119,0.31151555091855915,0.355831337266262,0.3190589387726995,0.3487903437304217,0.1102737917840219,0.6287290366350857,0.32794991165347986,0.20363818442070813,0.2561445594449953,0.2225551749995238,0.32020952569040123,0.2211577425096484,0.31160846567108597,0.334396949795009,0.5829934571440524,0.29689941855145946,0.5134266635140425,0.38220932130517027,0.24611432762219454,0.40013602399878667,0.357740848980959,0.15847955597911595,0.3487267725361575,0.11779861648852619,0.24074936317266424,0.4179102679807188,0.16210164810114555,0.43166698367356454,0.3184692459444617,0.1314050714378392,0.30231828832020036,0.4801982633888185,0.29354349111876443,0.3909400223558946,0.1490354725869671,0.2066780020253423,0.30792212989187173,0.4214704339837524,0.44530730820803854,0.3046334110628301,0.23991790304395327,0.25884858078464196,0.1811409982972598,0.21050888403326753,0.2068204199779062,0.15475361738454652,0.18546009505123393,0.16992119068926667,0.23531690277599288,0.15367902304248865,0.17879585070929307,0.2707588289193884,0.42874562881227923,0.28600322917843596,0.43597297886151354,0.51293707129668,0.23306954106129457,0.29323646861304997,0.3018930398604067,0.1707348796318765,0.6975316976160663,0.2707391620653926,0.18924736670174175,0.1541385717031803,0.4126669874390856,1.0000000000000002,0.27297686954470746,0.2523703244325702,0.3244927280910818,0.3472614131875718,0.26811526309779077,0.4740327053363254,0.17541435288991777,0.4313683519936906,0.2429242060603139,0.4142832975399299,0.19807926058752176,0.19604526585340093,0.16422692843805412,0.16666701440631615,0.263431802847608,0.3330787101149742,0.4706958564891169,0.22540920166026607,0.29932290342887147,0.21776507448323718,0.13385267857794436,0.26384026189348003,0.40021390955973873,0.21228753715279527,0.12212047144853187,0.1006808512776231,0.1267088795963555,0.15305290013401981,0.10022108513812733,0.17946825242554088,0.15129820129537797,0.1418231279345594,0.1589835764619647,0.20790280997230914,0.14906764846895215,0.14161900417720413,0.17954639401205008,0.15106790618012236,0.1784820715303381,0.13759909012098742,0.14177618495246092,0.15994357526280742,0.16018152751129752,0.1628625918526443,0.1447297580547574
entangled_trainable_rzz_2_seed_5,0.5215147785899521,0.6226445593392339,0.47019250196702306,0.35731745855145,0.42326645212648684,0.4323922440477706,0.4934449406772932,0.587764094884874,0.6581247508030492,0.699548402950414,0.44451715659285074,0.43109249771616126,0.4465628402737022,0.5164659474295821,0.4409594656845693,0.5766869127502788,0.38968482875467075,0.5144741780210493,0.5003644005613356,0.5986882935547224,0.4261950589167685,0.4606673648577152,0.5125876760548919,0.34640628585486366,0.37301037283639477,0.5566304309223433,0.3360958291758889,0.3152694657657028,0.5123786761774299,0.3577629665277881,0.3125773839319987,0.2778294881674941,0.35119520950566574,0.334025485303939,0.24278810162233894,0.45641402714044743,0.24569290136714225,0.2749622282777442,0.4777390109525018,0.4883525955575157,0.3673948370693101,0.2169256153263259,0.44040359542605445,0.33893480791161285,0.47224847148297916,0.30016750959925736,0.26774638998984107,0.2889571217498154,0.2532416259051071,0.31406237047666713,0.43279209395061696,0.3895269757895073,0.4619403609139472,0.39544542692614376,0.359251939905651,0.25283068202378195,0.5159261801835467,0.4572966483527693,0.29957815223927536,0.28914119176328434,0.27689899063563655,0.3332212140035578,0.40630735800645174,0.24926181561856411,0.4043247220419702,0.21539850560687046,0.428045978726873,0.3210556600852566,0.3114620862907305,0.25978994492383956,0.404830505089166,0.23546979943544685,0.28537292762961974,0.2786593499284001,0.2597307390734223,0.2706189533172951,0.2809088765863196,0.2928734009531343,0.327306838592404,0.12149572923952966,0.1972730959522681,0.304625752430812,0.21125262301137324,0.3481116476614782,0.38257901494831603,0.30121329926558404,0.24305338847506547,0.15782558494082813,0.26741991929078296,0.45736172504213185,0.5774338717643313,0.5240282093466317,0.42987781655534407,0.655443560401583,0.34628738197340525,0.6877310483248528,0.5427752855142339,0.39506068308468206,0.570031374771583,0.5856004681518245,0.33580825096275757,0.5443829218788608,0.2729768695447075,1.0000000000000007,0.4911334249065797,0.2764010450232898,0.6411040386130659,0.5474866815757605,0.5421849618096175,0.6237351017396823,0.3151911252450781,0.32108951628823906,0.3733367349780398,0.44551733706301255,0.3264127108244282,0.4868031119640796,0.35733102830428876,0.351699962171828,0.5236248842473858,0.35659163892750745,0.3623959599877714,0.34966314271531584,0.50456883523661,0.322890895019435,0.32928613596102474,0.35248649641136653,0.33650702431092905,0.3121760609218389,0.17263815045593947,0.09520725671209737,0.12597575582632262,0.224325505931235,0.1123291671164375,0.24411405972858052,0.13028692350300386,0.16625896742085855,0.23991546731437635,0.08606217367419283,0.30643170190814983,0.09940041994157224,0.13060681605423732,0.10671440392273975,0.14801797571123218,0.18435400787995676,0.13815705815883303,0.15348190815324844,0.1559250265913826,0.19201897749684163
entangled_trainable_rzz_2_seed_6,0.6619676248963234,0.7225476643243166,0.43400139714346914,0.3173527054193221,0.3956883355159152,0.4415947180342683,0.5673111425711712,0.7654320825835623,0.654175625717932,0.6027860894814562,0.3883073457812164,0.30743006609283946,0.46780834036908336,0.42112348948476275,0.4498138487121639,0.48575499097688696,0.32670892513168187,0.24560542184484171,0.4866911716642389,0.5643157803506937,0.4789361820768779,0.36085597003280195,0.42910152984973365,0.2974540759915571,0.27393951872933,0.4974900434626935,0.33054494571850707,0.28297173660924685,0.4226932658868538,0.382694626121649,0.30967328290729634,0.25559779241647307,0.2270889356987369,0.29459639877481547,0.266451340453768,0.4736100028505901,0.18022289929596433,0.17824676600678818,0.43806508024227603,0.36622691937919305,0.32568978962211736,0.20911632979711073,0.31911587375858264,0.28952007616770037,0.5655843862467554,0.3401211612699466,0.2802343710903625,0.26470603425020367,0.24551898962860164,0.24036121286044607,0.44285337905838035,0.2647486725874157,0.6155643983855683,0.3921004236071954,0.3503879175462903,0.41592820883249665,0.6800342144462356,0.34165063592707207,0.20137971604749888,0.24108087611251564,0.3442796894325018,0.5176996975874976,0.352923912914864,0.2391169679053295,0.3237172575900101,0.2145507875345015,0.5417486147969535,0.24848993867185287,0.21656446628365605,0.3774367637829301,0.508359392335734,0.1627603453878915,0.3834796667724317,0.21563472768866776,0.2213842069768208,0.35479037080548914,0.33911584307745063,0.3221159986956307,0.3312683596961859,0.17863642711328642,0.18174634512838672,0.21245579566269,0.18305560388529138,0.2986817715194056,0.21102517971482204,0.30425345499741496,0.2428946604155286,0.2362383443834493,0.29103125433325366,0.3316581723995759,0.6205030429164684,0.4660588402410373,0.3872260619832145,0.7583063509769665,0.4465884816371802,0.6420720158902964,0.7246350104604223,0.41192672026784277,0.5508014062599998,0.5883817076080801,0.45101635129162815,0.49853327972054456,0.2523703244325702,0.4911334249065798,0.9999999999999999,0.3950347739085351,0.5036373674790012,0.5053689690675542,0.4879343080201727,0.6284507697569788,0.31417637298826034,0.2722778523882491,0.4199316852991268,0.3085858166355165,0.27262603812781955,0.5231868621840203,0.38770129059982267,0.2499013214040123,0.28883544363260455,0.39318273932582287,0.3861159408598734,0.33063749323932545,0.3222050036079667,0.20314258283299902,0.33549025969479757,0.3970157127554614,0.36767767629136155,0.30889940997046184,0.13918202896051576,0.09918033543338993,0.20840107375897857,0.2104309423106232,0.20515469191480482,0.37569041002329856,0.2111395478210757,0.31255854416332884,0.44212312422264227,0.22372973458038942,0.3529616101347198,0.16750598622739882,0.15428835935108712,0.19472985560984887,0.1594515087986451,0.20125849059460868,0.18701997575473922,0.1915905170725268,0.22949640776349606,0.2707852715606977
entangled_trainable_rzz_2_seed_7,0.6583570442851812,0.5716704332312428,0.4207855159017992,0.5278495303414598,0.6921594268321746,0.3574990478848642,0.36703070327659854,0.4166768781210065,0.5161787187421532,0.4593752238210524,0.40463119611971443,0.4777795957764301,0.5266568042372856,0.3269898049195019,0.5675651499368222,0.564902421988155,0.48151654510149644,0.31326649709111676,0.43097303096406653,0.4526382285337973,0.686385863725615,0.5374365720377452,0.4561302066503399,0.5985647924245826,0.4499364562078772,0.5026500400679633,0.4386243676797167,0.4650217509148429,0.400622046825331,0.31078038501823724,0.6375602291244589,0.5898083336110985,0.3129422770310117,0.431367176030434,0.6818343555184117,0.7203645066820361,0.45794216199448623,0.45814942192406427,0.6504176734138047,0.5139759847517115,0.4277678598816199,0.47957374657280455,0.4761000273847879,0.4903278572500562,0.4949700807311913,0.33962222671564046,0.5632485266022706,0.6522742065272124,0.2691887952258892,0.3020235715812585,0.25835456723730277,0.3499898300601245,0.4535352200680012,0.2517512787785712,0.2637410093762615,0.31366568335455286,0.39181014953562887,0.3203008989121845,0.3816114525375836,0.2964316361064537,0.20307901499350947,0.3726615970595625,0.23530168276288962,0.27708633109204545,0.4276995138604891,0.2172009818053283,0.48551813209854594,0.4736256425546165,0.3610915548582647,0.21469251881257684,0.3694009213526218,0.412974469929554,0.22148791206729415,0.42472251565589164,0.29606063957110273,0.3194885892576332,0.2353733260495292,0.2514357319870492,0.3387069141141669,0.4047010190318746,0.2569881417394144,0.22422212764307348,0.2544576791987314,0.3703423078550354,0.25492620963127216,0.17353875310648564,0.2676661800949844,0.1456797427796799,0.6967950670098289,0.662425167342935,0.6353572842501277,0.5590670977945588,0.42503057844892295,0.35452448964577393,0.7113285029356474,0.5976010211236787,0.4133235034471459,0.5146616566814713,0.5296042623681452,0.40748157653097833,0.38787275649875064,0.5608553230455798,0.3244927280910818,0.27640104502328977,0.3950347739085352,1.0,0.33696294803051363,0.5294443317861982,0.5062631757972229,0.3266240567328426,0.5107812522914755,0.23333010018073122,0.6542256651577806,0.5075932831725678,0.5016799807779236,0.6957921022078613,0.3540714421962491,0.32027978682382946,0.45458043351443195,0.34511304033023965,0.6770755995120646,0.4693014202073342,0.22092259762465924,0.41278142296628606,0.3467513981248531,0.2625046532857498,0.5214065742654853,0.22331704433252025,0.5146070854951751,0.5660648643566032,0.6889689122477514,0.5297484291744661,0.5836652750508595,0.652343450511396,0.6831241037227835,0.6164017855819109,0.5127889016752061,0.6023261405759037,0.6119648714136208,0.6563591609877201,0.6717761880258282,0.6471261515855723,0.5803124930377422,0.6656499669389058,0.6477793675400239,0.6362582889323747,0.6794163337434991,0.6767106827724046
entangled_trainable_rzz_2_seed_8,0.6188287181519747,0.7410229155659306,0.49490014165175356,0.29246934241573785,0.5176502339918048,0.4163709979462586,0.6016271867278803,0.6910278672980537,0.5269139118662767,0.6724483417371656,0.45323254758699427,0.563111291918624,0.47161924776138336,0.6513782496848369,0.4491466544105917,0.4286252287604638,0.45575332923950235,0.44112974107890496,0.7533777579231512,0.5317095618102521,0.5851172047333753,0.5745655202199337,0.4577885954988982,0.503432110985724,0.3821910076530901,0.5615957034475446,0.4127835610633286,0.46455124980601603,0.430118416022372,0.413765340995375,0.349541049182025,0.31727141979639595,0.2860100979103022,0.5076692895643317,0.2576479275510774,0.6051231692376192,0.2794595438474953,0.2830845034413782,0.5516163509559519,0.4522920736983549,0.5146620472542349,0.2432613949364559,0.5475444440687522,0.5040183415561788,0.5428826203730726,0.25791658109594706,0.3752869341278619,0.3240074295590179,0.2965848891705496,0.31695893500584077,0.37939069630134103,0.4067663096960716,0.48869082142805503,0.5414112391679059,0.3076676289409519,0.32541090442228177,0.6134667476002804,0.4813510999411551,0.28088622326935786,0.22725608544704434,0.22921287946569371,0.4144044481624527,0.49232990669677373,0.23869250537538214,0.36572503186928934,0.24604893296595148,0.5853999014940663,0.21318530948145129,0.26920677974483437,0.28933048634122105,0.46073829004802647,0.28940954648501926,0.3506896317145047,0.2492845830046669,0.2242589824167997,0.3075053825095049,0.3711977788266382,0.2715032595716613,0.3060734711582479,0.19666513763601465,0.23574635571242897,0.24781555578707884,0.14438023402020914,0.44080752813204355,0.33239951848622445,0.26684838473910866,0.2879345754401147,0.15374278439196445,0.3665187125237973,0.4047891551050634,0.5991896166117814,0.49268939173492066,0.39370616477458587,0.641338207543767,0.3765063620886775,0.6989644709896174,0.6693010520900835,0.4724118101153432,0.5020773440282427,0.6712702175828457,0.6300144273462128,0.5819806315561272,0.34726141318757187,0.6411040386130659,0.5036373674790011,0.33696294803051363,1.0000000000000002,0.6222941858427744,0.5244402718911818,0.6916582685592765,0.32363014622128944,0.4568416715263631,0.4777351739667739,0.463985937540012,0.23736201137857793,0.4766306865538515,0.6024100849715853,0.41904841182213637,0.49657907193024586,0.47279052651575276,0.4078373761233521,0.30914163429058783,0.4147969585230786,0.31570668767138704,0.32326687427509654,0.3714188694315489,0.30570997048111775,0.29525605096246027,0.19998871739123178,0.21439860307268183,0.23241045367048818,0.268429699816687,0.25995306633158377,0.34701417196075107,0.23521622518348775,0.29584663312071124,0.3343992593667971,0.1992327331534333,0.349047428869598,0.25312128756618046,0.24014971962184764,0.26504562542645005,0.2542582246422899,0.2835421791235234,0.2789316462037246,0.2755648774053101,0.29133704562476836,0.3002789521419282
entangled_trainable_rzz_2_seed_9,0.6971134824476941,0.7003024926909962,0.42271337235624906,0.4737145033967746,0.5677439260381734,0.4086687740450764,0.5296915077888753,0.6833068350471708,0.6418047709056162,0.6456151208588926,0.41876083962132926,0.4810329779827913,0.4562807353952555,0.4812743540467798,0.528863334782241,0.6300199771525371,0.40286124961297115,0.4973643540303363,0.5846102929662871,0.5475179915834312,0.6539762299021845,0.5093170495397126,0.4596729843048189,0.5427722180587186,0.39482955125853525,0.5964735328188043,0.3593517528891914,0.45648318015508643,0.4300203330459465,0.4155244402267452,0.506840647949683,0.4298520664923313,0.319833239898132,0.42633276881895554,0.5158840336439297,0.6550709764647801,0.3469117058187752,0.3561878326240632,0.5548730286799888,0.5347483391664632,0.45031951695909317,0.3329935082706241,0.5517050213682675,0.4638974072963555,0.5834711958478013,0.3537085338234418,0.4732792031372912,0.4683486436325385,0.35877796864820904,0.36061808548962737,0.4123204651097852,0.3270754185701273,0.4929471676983285,0.4136507579964073,0.3291207787053045,0.36484783879078486,0.6066156609750943,0.44831565365682396,0.4294856714962808,0.349437440426795,0.32848437599850827,0.4323863985728535,0.42949036605768964,0.3286944536833712,0.44035597029778656,0.2158086679815107,0.559579561844241,0.3680405594624568,0.3746924048846884,0.22981515426626378,0.5151025303356391,0.39747064508519536,0.3539437801164526,0.42406465027450785,0.24492211172473638,0.25004445735944775,0.3347286313359086,0.24712310593726255,0.39880524800759803,0.26398360942663923,0.18196749065453582,0.26968785080253427,0.2993257731539235,0.5218172914751971,0.37034264715876447,0.2408939059241965,0.3543128472553717,0.20667602012021072,0.5245147487620986,0.5458391355886687,0.7396394411283231,0.5757114180474783,0.5440137335657983,0.656832893694355,0.5415830631810097,0.7796640239115749,0.5783208715016428,0.4240761612102294,0.683608370760088,0.5908269395420963,0.5051409995520618,0.6181479332622449,0.26811526309779077,0.5474866815757605,0.5053689690675542,0.5294443317861982,0.6222941858427742,1.0000000000000004,0.5735643852751467,0.6466586012766665,0.41288811846468826,0.43569173893262664,0.5496462491042731,0.4371652494210869,0.2581677357149751,0.5696005367679721,0.4920034386495325,0.364362062552223,0.5031274783042516,0.467637983360162,0.5503378418216373,0.3903469013701975,0.432743349701031,0.34773538561555617,0.39798656687316913,0.32426322337607677,0.44862984674224393,0.35523718262944876,0.3598468553321685,0.36847612200053914,0.4322312530691936,0.3910047957882544,0.4188593744440195,0.49720841918694103,0.43365188462475046,0.4478143726146309,0.4708479879992425,0.3667045888191715,0.5188399204891111,0.4240316045940515,0.4415996673062734,0.4257614033779289,0.43460852770905023,0.4628527698524344,0.4482008023084866,0.44161072304850385,0.4664153255631996,0.4764458216793356
entangled_trainable_rzz_3_seed_0,0.7068217660993974,0.6538237927749353,0.6346686841400397,0.5270842328101657,0.5151358120367092,0.6408135484218488,0.7049703635075405,0.5550111313057912,0.660030507664357,0.6034484593838825,0.5931428269933068,0.40721807536321764,0.5954063745341569,0.592523412701748,0.5859148853873729,0.6006655109244922,0.6811055599136879,0.5157943800333755,0.5965838552731044,0.5365789100365504,0.5041240148255122,0.42763366013412873,0.5375593353512098,0.3387440307618174,0.5031779284322823,0.6634216113396367,0.4611604009594365,0.37766052156351465,0.47763459818140525,0.4639220992535337,0.44964637985712924,0.30274076771797853,0.36883766438009724,0.39093833602121475,0.35853305838328714,0.6384113851262657,0.26429963859585903,0.2689297275486739,0.558743925297728,0.42515530817805663,0.34799013706885257,0.19712847887225482,0.6053079332069554,0.38538464041889037,0.42207141554415806,0.292873921046377,0.28713168698055636,0.3046812923331096,0.2814365530604109,0.4867825527376843,0.3863069637199351,0.41945754604092417,0.5620632897003834,0.5970637620433281,0.38528051908459754,0.2686443729819512,0.6606892404495331,0.32971071416640896,0.4005569324006242,0.4377847143227059,0.24965813042565177,0.30827962943258536,0.45711837383104026,0.3153579243874285,0.5196354673229595,0.29029393706911105,0.47482786885554595,0.4820786367134208,0.49316078510680034,0.3271989787695228,0.5236507602256167,0.2365548087975543,0.3195891570264884,0.30668605975717916,0.40314012892208273,0.3675342687379289,0.3403721669268396,0.3737273028338562,0.43270422200025144,0.24689133404636832,0.31728486125446154,0.30940801923414235,0.2563720151154858,0.40430673350205626,0.311257177506218,0.3534348204066889,0.2136980340463503,0.1905192029455722,0.38462842689466387,0.7260564265872004,0.5788269806627727,0.5776079363323549,0.5316959402773374,0.5058932822723693,0.506451485241264,0.6693651723518697,0.5907310338029189,0.5945384841854056,0.4857446033639026,0.528975132377281,0.4026524992932994,0.6767803930377048,0.4740327053363253,0.5421849618096176,0.4879343080201727,0.5062631757972229,0.5244402718911819,0.5735643852751467,0.9999999999999999,0.5435198272869259,0.5693291270188761,0.32674332832301695,0.46707392389306013,0.43831567860588055,0.5267477069454803,0.5021578466580441,0.33292782940723586,0.4639404149153656,0.6123989701990042,0.5252140569809335,0.4290567970045005,0.5439729322821537,0.3849286158103868,0.3367658624667593,0.3258024065963077,0.40305766298123036,0.4663237884141654,0.3870328597709084,0.15010958810153313,0.12704574732986107,0.3731742575062707,0.18864993580681128,0.25448312618261215,0.29961449420837016,0.32731710750927084,0.4042491802600908,0.3748160208345405,0.39163697144814963,0.28802904061240786,0.23979802826116853,0.24536588698877654,0.2608303680232582,0.2489943571008683,0.2582631346094192,0.22102285463379018,0.23306609737746461,0.27228464515086853,0.2854897579472825
entangled_trainable_rzz_3_seed_1,0.5983240534282415,0.6919429573444057,0.43910764382945494,0.43548690979397964,0.5283972577178783,0.3164647819562379,0.5421867950059811,0.7693551475102967,0.5681832543939497,0.775615047913625,0.5668511356661161,0.49733056472423803,0.4775774670112157,0.4981098081281949,0.5040767990193208,0.6180598382059734,0.37309425492305376,0.4173471678009875,0.5760828701414813,0.5943185282642114,0.5600134053734594,0.5170995883895021,0.5348637726583251,0.42124986427930744,0.35432810985666663,0.6409897495239015,0.2740915620117622,0.36058370499363807,0.48722773817535164,0.5032122891507315,0.445606305200936,0.265369055929035,0.2609938596409351,0.4359665885694412,0.3006129462430786,0.5654141226514324,0.20113002733473723,0.21391105540768782,0.5029769034651743,0.47129808060248485,0.40247597001395885,0.20408360376549048,0.454074169340316,0.4073441293810349,0.6185690321495524,0.32952574592373923,0.3861620733843226,0.23637458938028016,0.291264706575135,0.33153395018034726,0.3883192143677702,0.30653705134494347,0.501271929785701,0.48703731994825394,0.3083292448083612,0.34935725596372685,0.6101133863617879,0.39125899104065814,0.28793936156374506,0.23697678370205616,0.2980787517230788,0.40875518781228787,0.42930925292236166,0.2805065586704691,0.34689349834968153,0.18379957259664115,0.6408502871165815,0.24281805815951926,0.25528018596557267,0.2966686719992524,0.5135311000095636,0.27035147021444333,0.36684531765058803,0.21314888648058783,0.21611059653027356,0.2597833878996139,0.40828865665147535,0.30633405651098383,0.3870108630307967,0.2531720506877323,0.20393592082881162,0.2279332263986642,0.15164179764001448,0.456661881146438,0.3445691193486492,0.2544105737918439,0.27709340040048863,0.18801554484538446,0.3007214779129481,0.38262645669959067,0.619051660634673,0.49062239178687017,0.29859283982647866,0.7173989149630168,0.3902563604128901,0.7429837617045676,0.7253669621958355,0.32755586689195837,0.5717350886013614,0.6457878956616409,0.579429360761849,0.5367558736429441,0.1754143528899178,0.6237351017396822,0.6284507697569787,0.3266240567328426,0.6916582685592765,0.6466586012766664,0.5435198272869259,0.9999999999999992,0.3973027928630764,0.4081539578660886,0.5034663173589305,0.36878776031980126,0.27702526415302003,0.45137422577865793,0.4384172588310673,0.3445199748837104,0.4681501813108036,0.41973862199186235,0.4283168443999416,0.4343779637732635,0.42283055963068605,0.33061553987766545,0.309758610569527,0.4964405301030751,0.34724737971300307,0.39350956839689466,0.17297883031311384,0.15892307802935257,0.28095827193615724,0.255795736259021,0.25268066642164494,0.349447538039312,0.2659078073115587,0.31180374125439525,0.37019390207368097,0.2551234671434028,0.341742874845572,0.24609240101601726,0.22661573430223003,0.2540199652891102,0.20059348565856594,0.272437369903882,0.24991133275508776,0.23076178174639442,0.27575396293881277,0.3182600153572142
entangled_trainable_rzz_3_seed_2,0.5149688828698001,0.4049847554447175,0.5247817468275876,0.5601758645995564,0.6530764590420636,0.3409177161383307,0.4547165955076851,0.2446300763441129,0.40999935806529436,0.41942551229924074,0.6411795395226646,0.525603173983674,0.6823944472315504,0.5063617191166592,0.5744312637026081,0.4291825976401352,0.6815498412110108,0.3999207969749207,0.5446581964842404,0.41631176177687457,0.51948188941078,0.5328939497043134,0.5952393670923212,0.45995244622698694,0.5503362964109513,0.47974528483771167,0.4993843210104149,0.4382897433205092,0.41322744043379706,0.5346019438629473,0.5224041682685591,0.3551474113424851,0.30300802365738616,0.5589820246724702,0.43648682871485855,0.6119038918957079,0.36725248557079887,0.34802337073238265,0.5439975518546845,0.45710245476292044,0.4754275668649129,0.3168316854853181,0.5213244962881016,0.4454185256378526,0.2730694066415996,0.326877023060856,0.42753705394900865,0.43203882447764996,0.24578595491738034,0.45160586400027686,0.11798358038426585,0.4480926089934048,0.34399122814811584,0.4958507486954855,0.21353982378459427,0.2774749608574019,0.34474010653868165,0.18573735393911722,0.3918589172725048,0.382705088534372,0.1465633363403745,0.24383287017170213,0.2017010618461307,0.32839699577342174,0.5094972310211475,0.21015941900363136,0.34451427642114246,0.42442432574045247,0.4562330961677844,0.3249721799753155,0.2990241260996976,0.27421742780934083,0.19839288993334098,0.3112076167649116,0.40368389234698315,0.3278118296344818,0.3087318752710352,0.3066439613777646,0.3518422281788095,0.2760918160373436,0.2796454073421303,0.28094691200695493,0.23658924769652445,0.380241616766937,0.4378334464446008,0.2799936913503808,0.20369850133905745,0.16173027423842054,0.4677407406984457,0.5941734287004311,0.44134099038045826,0.5182060553450532,0.31093704572182307,0.19530413100314054,0.4734602020793925,0.43827420988750365,0.32483993019576773,0.5663286182076244,0.41937074243702666,0.4179558243444567,0.40777654863576096,0.5695603342425988,0.43136835199369056,0.3151911252450781,0.3141763729882604,0.5107812522914755,0.3236301462212895,0.41288811846468826,0.5693291270188761,0.3973027928630764,0.9999999999999998,0.21239118796837242,0.4596462235686711,0.46506684370779783,0.45660599944557945,0.4544066719346628,0.2935101004855563,0.44083264818208523,0.5915189982733231,0.2683871503400633,0.4793532322518365,0.5674674263137807,0.21913089594881596,0.38676954431321886,0.213334822051126,0.5517841921224033,0.4765308570570216,0.37758934563810387,0.2870876942755496,0.29097721730051723,0.3873579720840947,0.2907299066692352,0.32577840316418644,0.33414214861034314,0.34809418587046753,0.3089599663277522,0.23260892122710342,0.3135422941677919,0.31795887382050786,0.3364204408571827,0.35540110086060805,0.33505860642923974,0.3187816718148531,0.35118674649719456,0.33318082194467885,0.3394465810877168,0.3519129013190762,0.34884862719479753
entangled_trainable_rzz_3_seed_3,0.3891690121578656,0.4128903885311156,0.19965738143895392,0.3906989694931282,0.3944065069278512,0.30962412333595996,0.346214218959506,0.382628460561119,0.32444232314089133,0.35230532231178924,0.34944221189923974,0.2808466578004732,0.3219999678653184,0.4256324439444555,0.31079758737619445,0.37823860631399503,0.33017464712422895,0.46727247401315136,0.4655170078593137,0.3122721910117732,0.25595607627993455,0.32659321463021296,0.28822421704056544,0.2861466755343671,0.3004277764711893,0.3762192345099304,0.20732596302544679,0.4258370998960148,0.2690737461828041,0.32845240958454713,0.23953041439933112,0.22134930295172187,0.4017458314496822,0.2698447917947371,0.26402832588133524,0.3741306742380119,0.30938641426788593,0.21880086110835364,0.306853634423777,0.27810438930848297,0.43137211067182246,0.2398400124041575,0.3823589216622396,0.3006165595912947,0.30831670069675177,0.25727065429978013,0.45823374817025536,0.22841818256839222,0.2431121164337256,0.24677885324050716,0.2940134264789913,0.1486344085960502,0.3472655425266627,0.22369024835071571,0.29090985250056933,0.16552105096852104,0.399404906552162,0.40513522316736916,0.4595691852162748,0.19154661300353934,0.17370901863946353,0.25889631483126335,0.3993555660523307,0.23819202835011394,0.32013681940969124,0.23404371013433334,0.3719084804552899,0.18308269083629308,0.3423358272808979,0.11008325058177455,0.39626642413558544,0.26940662741947585,0.28550071042032693,0.19524223780190367,0.3047365750805278,0.19186734550152948,0.33534445574780947,0.14430321874477595,0.25403604663040175,0.1472463292362904,0.20239101702167336,0.2541449406248255,0.17069158337634455,0.35337559998850104,0.22838872901757817,0.09933815026021074,0.23287394790589497,0.13796343768131517,0.19604494704741607,0.3278972807220026,0.307203085452947,0.24659769753930882,0.3230431525304837,0.3164007298135919,0.27136606387593704,0.41528905795437,0.36455640869451006,0.29881262498602484,0.36989702752701736,0.5268076799467994,0.2835269677884318,0.3823074000717148,0.24292420606031384,0.32108951628823906,0.2722778523882491,0.23333010018073122,0.4568416715263631,0.43569173893262664,0.32674332832301695,0.4081539578660886,0.21239118796837242,1.0,0.4298446521709752,0.22551633984850078,0.1974419914605459,0.27830432698183055,0.36388556455541415,0.2645008281008279,0.28694208696232604,0.48937266503645765,0.3571319263099126,0.28868723646926436,0.3412848611365037,0.40150568379384177,0.30159769813845094,0.2568240776399501,0.27626447792398173,0.23072632677741128,0.08552499692955118,0.1007505747485725,0.13135553334966635,0.17626282002463795,0.10330433104295125,0.17243858302815848,0.11987850392905215,0.15727576329772464,0.2094958515346398,0.10118681807891289,0.22017590074277266,0.0974436085273538,0.10569172238768586,0.09921322711938863,0.175027936631342,0.16511822605014867,0.13000103409177596,0.13175002354160315,0.15240301723798622,0.16322432262455708
entangled_trainable_rzz_3_seed_4,0.6660275446272271,0.6322644073314503,0.46211238022035084,0.4957017192110951,0.7499589682537445,0.3383315255170336,0.4419436141581145,0.49232880017232833,0.49943113391138755,0.5921231262895659,0.45082697097619195,0.5589883805539957,0.5855621064247708,0.478684991070254,0.661914589894112,0.5673092013714511,0.5022815615378652,0.3840321399527981,0.596012989307367,0.6136671531493803,0.7288897962732455,0.6176872515536227,0.5133474162859463,0.6092676266282808,0.4874420984819089,0.543488600440969,0.5160727921247081,0.6270179393849675,0.6149679931742946,0.5429656607795857,0.6779679233211702,0.5959495141892932,0.40486317747503964,0.5309551321852483,0.6226277433966562,0.7287270583162917,0.525350531059297,0.5174750542122921,0.6982645055991703,0.6419897852577509,0.5945168428540042,0.5484353937493336,0.5979389421942731,0.6185452200963542,0.5965477419850721,0.4582736116533772,0.6844632483119132,0.6259576988724482,0.3601112060325895,0.29604129260488465,0.32260694797099215,0.4800931179146712,0.36042989033908657,0.38697793002674463,0.31190448312005964,0.4195246398659791,0.4225918628032312,0.4602322778137909,0.26999557861129114,0.21239796347778556,0.20883174789274578,0.47267818784451016,0.34834308555704335,0.27735688405681647,0.38283674848667687,0.25321010055244414,0.481923807398572,0.35645272534412326,0.39350068150401574,0.32224873489070494,0.46555827069012734,0.3828092022977016,0.24338497939467924,0.35242447605696237,0.32948280140836567,0.39089561867037803,0.34285816742970954,0.258862871372501,0.3330597910916046,0.3820583403578066,0.23752714234050382,0.23753175714143532,0.18140364420457963,0.4159787560813988,0.29148031607606517,0.18058165956774447,0.332376343910714,0.15574219947329954,0.6547632132280119,0.5386426177904051,0.6531530783462446,0.6200450322759079,0.39005762268197275,0.42851987622701215,0.5714582035904894,0.5662340336919769,0.4312768483622536,0.42992254367474775,0.5978607751421039,0.46201243821301813,0.5287271278068192,0.45983582631375,0.4142832975399299,0.3733367349780398,0.4199316852991268,0.6542256651577806,0.4777351739667739,0.5496462491042731,0.46707392389306024,0.5034663173589305,0.4596462235686711,0.4298446521709752,0.9999999999999997,0.4746171464459902,0.2902079687622035,0.5859443042405146,0.36885301350239874,0.3076681266591435,0.4527947856110988,0.448023010293414,0.6956941924478706,0.4840686016217197,0.2954521077040832,0.45108468061757245,0.363744570347134,0.39900885024425764,0.4005499564525549,0.24922355567645435,0.5013126397810653,0.5604233563057104,0.6089649795449738,0.5112883364945724,0.5845288680432968,0.6081704346001834,0.6278550462060989,0.5649521351863445,0.48036528335385065,0.5125779036080207,0.5961767017119032,0.6552292951336469,0.6384991758784854,0.6433942356172596,0.5598821156311501,0.6363710642952148,0.6497332280604889,0.6302688547659387,0.6668484834561788,0.6443715078548342
entangled_trainable_rzz_3_seed_5,0.447564431359407,0.48647704015787596,0.45239284769797167,0.4786631672350163,0.6162326436219077,0.1803732657414555,0.30219852214194237,0.3418209553721908,0.325983149575101,0.4835287517372425,0.5210734252291108,0.6364063282150183,0.5034141068428007,0.4012795083037925,0.5188113753221401,0.4219077316522029,0.46768673403767125,0.36545346964042497,0.42810907343372373,0.4414960267805611,0.5918376422752155,0.6920623992021919,0.5411897036891242,0.5150947418472536,0.46803602308011766,0.4983798104089917,0.4216177795925247,0.40704838115259145,0.4499470032946631,0.3707662540731948,0.5155102659230182,0.4913356730330725,0.387685894544443,0.4913962452907279,0.4826693637311324,0.5918963188409763,0.3119454279068127,0.3871812729384687,0.6302669211522517,0.5009856009876237,0.4935377035575885,0.4536476474220341,0.3972537782579363,0.5093211949963328,0.41169029241736466,0.3595067496587999,0.4529554247685781,0.5066797126495226,0.23398046876943804,0.3409586207351692,0.12315120495906283,0.39434786077460376,0.3348567447952117,0.40013001691383854,0.1608285398024812,0.25689877999093336,0.3046131697915105,0.1979774443167369,0.2994431233354766,0.28512820945415307,0.14703777219057707,0.2657442022610177,0.12052164181904579,0.3041960139967556,0.4269284197190359,0.18350348355727517,0.4076156481028809,0.3899108446568012,0.3090580360141937,0.35849060258775234,0.16714065776278306,0.3211182061743937,0.23208935774788278,0.320417180502915,0.3357576908647558,0.23226437466275146,0.17303730310196802,0.4090095197686779,0.2967266198287667,0.24419717563431068,0.38770921054585156,0.30099879430487153,0.2394564242344953,0.3839642406485689,0.49398282495555745,0.28441544782117195,0.27576390796771283,0.09477678330190124,0.5206259366332772,0.522876578610458,0.5277485729455168,0.5487918530402704,0.22960957704205212,0.28806539241380397,0.4864130641260598,0.4548003099844454,0.4257646416673592,0.3848600744300868,0.49297043672843366,0.5378606297361531,0.4450443224255665,0.5793053020612126,0.19807926058752176,0.44551733706301255,0.30858581663551643,0.5075932831725678,0.4639859375400121,0.4371652494210868,0.43831567860588044,0.3687877603198012,0.46506684370779794,0.22551633984850078,0.4746171464459902,0.9999999999999999,0.4499990801773251,0.6746853224217001,0.46618933864823703,0.5039124215755252,0.5732112142615932,0.16958407860311073,0.5634783044932231,0.4615444146124331,0.22925868857827664,0.5361503878373344,0.2508942437954666,0.4049262224992879,0.44224056866712913,0.2648459844566053,0.3955863001242435,0.3784885992208542,0.38175785433577347,0.4187203792675766,0.33214832129483435,0.41682188926190716,0.39097253237499807,0.3437377512404021,0.2982962117135478,0.27704055457305987,0.46834393338111696,0.3764725036357564,0.4186240048220407,0.3671374148953999,0.4126539850553209,0.44788963821490085,0.41822701149135094,0.4195433318061909,0.4321626056120103,0.4316144223247963
entangled_trainable_rzz_3_seed_6,0.33781627312440077,0.36917051097405046,0.360021129780792,0.40389170385528494,0.3866863025953307,0.33156661411154137,0.29060714260359083,0.24210084127301676,0.3164901764756349,0.30505445875732085,0.4999041909882418,0.320480315345536,0.46780499421880556,0.2919229433673171,0.3814039226957134,0.3799753827716092,0.4292309457580302,0.32253789600236293,0.2486692734482719,0.22620271775101713,0.27420905114017813,0.3224673311342689,0.4214052427942532,0.2138719884700045,0.3884410680522923,0.4323360733021613,0.220140863309431,0.21038755179182242,0.2082258417842921,0.2286938733660872,0.3719984199661528,0.24218719213105366,0.24926000391000808,0.22173791827354467,0.3281681969607384,0.3881473550022708,0.11409955518283176,0.1457633536356826,0.3789041490437731,0.21128853645433593,0.24487554843515816,0.23949358633557508,0.22813327534057246,0.2157072377000966,0.16864477084643925,0.1954962770869093,0.19482334217495767,0.215471322309644,0.17354737505379078,0.3219844019834308,0.1535636336827444,0.18180944469772758,0.40749530686787394,0.3276878586173775,0.24887528185019372,0.13763526667283776,0.32994976510003965,0.12590637454104753,0.37160735428739755,0.33226135261321166,0.11599674197991654,0.16631290877843186,0.18662817412151703,0.26258658666741264,0.45218110376497095,0.16919411291352515,0.35306885959304113,0.49074805413106404,0.29871271331173593,0.2724878184769486,0.26791203102246636,0.11144189259602567,0.2042954035447424,0.16510472475493654,0.3531664920982642,0.19437638046824623,0.15749457025157468,0.2836546673364938,0.24685182091861843,0.12902054300853846,0.3966066814927728,0.28499903169745133,0.2483353043726023,0.29271982218682613,0.30743954833607284,0.2361659835373295,0.1146865185714833,0.08680491604794059,0.1946024408139767,0.5962425310799303,0.274279692538025,0.2677223632891678,0.2525048187602619,0.17228509797121425,0.40101617992443434,0.3860026854023488,0.39185909293775895,0.42501760588254933,0.27825533559304133,0.3703383546358753,0.18986333636545738,0.5537608525972975,0.19604526585340096,0.3264127108244282,0.2726260381278195,0.5016799807779236,0.23736201137857788,0.25816773571497503,0.5267477069454803,0.27702526415302003,0.45660599944557956,0.1974419914605459,0.2902079687622035,0.449999080177325,0.9999999999999997,0.4684661657832378,0.1875257647444175,0.4579172545362443,0.45393921710547136,0.2184568914830968,0.3768303951301815,0.4284590503836882,0.19691341759577657,0.4360327674056699,0.19543181534953966,0.3227936864974859,0.45674983223391974,0.29545676050347175,0.05987685821131627,0.06162767331864638,0.23067813477903482,0.10606678778430162,0.10844334857370864,0.15862178017103015,0.177349899222732,0.22628305532474188,0.2307181093597716,0.24082868530455517,0.15580225243633086,0.1008794990360079,0.1251538449592464,0.1096964205489207,0.1513838336972294,0.1476178543298604,0.101598820899339,0.1012289785090534,0.1260092534294316,0.16074697862996065
entangled_trainable_rzz_3_seed_7,0.6563247357125338,0.6637896973973757,0.39871682456061797,0.47338794346918023,0.6530989086919191,0.2974172425402629,0.3648990020571419,0.5685052869620529,0.564665192792812,0.547242784748759,0.4090406963668856,0.549885005026281,0.468364593323347,0.3288359176078468,0.5623128276843573,0.6339306774399618,0.3586517604253855,0.33911269063772526,0.401210206632534,0.5241748243476305,0.733260626087356,0.655298496338346,0.5269718035808514,0.5984725310391296,0.3877235197785857,0.5883019223913547,0.38186036924045025,0.4357281253177519,0.46970827714354146,0.3428548366723519,0.6478943215548756,0.6763890536696757,0.3933673303987717,0.4410777691477265,0.6747019764677301,0.6839979111353015,0.456609162035236,0.5161315640785223,0.6965796988584846,0.5606171483683264,0.4377204722860796,0.5247313911412014,0.4328031556277979,0.5516506608444951,0.5957683443560814,0.4047939545160222,0.5907572620330369,0.6338330737380035,0.36156788609442797,0.2750984616039832,0.2620235558229263,0.29871656785108625,0.4465146647472542,0.22870741254741328,0.2344682868706983,0.4735237189176309,0.4255196745048741,0.3887626033842256,0.3290950634320393,0.3008517295798452,0.2424162126352734,0.4684922418456703,0.21684215654560607,0.32181167687384254,0.35073093725495674,0.19299233465795124,0.48146596468589326,0.3615144375964327,0.26059006649017763,0.2531071167265126,0.34030686245292274,0.4094962776034754,0.2742265254088556,0.3854615954661804,0.2137992072457172,0.26396499187742356,0.2034028764580901,0.2749518479784015,0.3118396006422947,0.3039491302996601,0.33395233950837594,0.28245017579818144,0.2677812586281134,0.4535024740366313,0.35849500438898685,0.24937355808408543,0.3178712369383097,0.15272060880031127,0.6564931081655726,0.6172845070845033,0.7645400592519823,0.6240528439060441,0.38811027041145923,0.5396158634697965,0.5944429437889143,0.6766027723522694,0.5071849464042811,0.4088654498110505,0.6680387994104151,0.5337055893031705,0.4825315648590732,0.6273991000103434,0.16422692843805412,0.4868031119640796,0.5231868621840203,0.6957921022078613,0.47663068655385155,0.5696005367679723,0.5021578466580441,0.45137422577865793,0.4544066719346628,0.27830432698183055,0.5859443042405147,0.6746853224217001,0.46846616578323774,1.0000000000000004,0.36647432747318365,0.3249931030487957,0.5216591255046888,0.26943089609227555,0.6899720382334255,0.45402036505345494,0.2542384192230572,0.4573302237881684,0.3608600371545105,0.3146248837814251,0.5300725963857273,0.2658044209436364,0.5553936611474694,0.5507788612180768,0.5837361260624528,0.6434202188625484,0.484983130826449,0.6680373569961565,0.6006736533560014,0.5160554077267031,0.5337037938517442,0.42532471442666514,0.7184912276732293,0.5538540317909486,0.611081168802436,0.538360176262604,0.5828395916399933,0.6782425387816712,0.6184064574383351,0.5990239633011301,0.6269021291902128,0.6761610281261803
entangled_trainable_rzz_3_seed_8,0.4404941310909233,0.4283760784881275,0.3644659256434577,0.41116043636701993,0.5277927668791846,0.13451845676288715,0.30692326745118353,0.44753297365300293,0.33747880273024317,0.42599668224580267,0.46856690937199985,0.48839643597270255,0.369409449186588,0.43852661799595183,0.37972077897726786,0.3385558119492698,0.37506263109568483,0.4009359692155157,0.5095005278467373,0.48502659455347463,0.4847207273848949,0.4821557018778627,0.2877450010044136,0.5043704497441184,0.4244292167974412,0.45910043072173706,0.3464162118994518,0.44653549135695725,0.34752998375036454,0.3457566483934662,0.3520319067727506,0.3178635438331973,0.2683455243177115,0.5059977519449251,0.3587393330485638,0.5555895614755495,0.31426871450636046,0.30605065624377153,0.44229900346956336,0.502581513643552,0.44472955069742354,0.2651339303171607,0.41509606891191375,0.4891730172832209,0.4537812898403368,0.2697459653222038,0.40086982974534974,0.3835470295366925,0.21538227499136772,0.2911848608015688,0.20755133099098214,0.32009632830808404,0.3837941024351691,0.3808657684917088,0.19144904319165448,0.24366658642848493,0.41998988418270716,0.21200208030914108,0.29760944660987654,0.17467211416641998,0.16864653444839084,0.3262888448856017,0.18531131962936087,0.2398935324777617,0.33821181108941584,0.1456596332032053,0.4883689381307866,0.31055349224156603,0.22430422631230906,0.30143198120509024,0.21141694473145253,0.294690583190369,0.25409674306330216,0.24644443823777654,0.25301892466681414,0.24751869125743906,0.280210407046519,0.2853297021344014,0.2482290482353636,0.2327821755040169,0.2131540936094945,0.1843612741155414,0.16683953288155542,0.39130964932131956,0.30319503106151335,0.18561135785769797,0.2230980502728553,0.10212965079176951,0.4861885507285788,0.24927732887914655,0.4900321509291517,0.500637039386835,0.29351632073465916,0.3938338807873286,0.5527148029222407,0.4504010334908337,0.523296799716131,0.3172519726719146,0.4558311047917251,0.6216435266871704,0.5509023526525845,0.3805048720305253,0.16666701440631615,0.35733102830428876,0.38770129059982267,0.35407144219624914,0.6024100849715851,0.4920034386495325,0.3329278294072358,0.4384172588310673,0.2935101004855563,0.36388556455541415,0.36885301350239874,0.4661893386482369,0.18752576474441754,0.36647432747318376,0.9999999999999997,0.4446612213381477,0.40645104838672724,0.2609518417404806,0.4190501367000677,0.25370088785432615,0.3409663787559689,0.26784183233495823,0.34706162598767465,0.3357154733666778,0.39654395173251056,0.24431474051409535,0.2917613554286275,0.28915130601289224,0.30736457267888717,0.2754248964444411,0.35363357106418014,0.3709981846471596,0.3156792280028512,0.3613889489681708,0.3082440298716413,0.28663940165261875,0.37799713099827836,0.32770300995237067,0.3364788208049044,0.3414259625938778,0.3514020884358632,0.3229099413566861,0.3521899324333354,0.36761372123647473,0.38072396624010574,0.33194997240327917
entangled_trainable_rzz_3_seed_9,0.34204920029654406,0.3589126310478341,0.5510082653228598,0.4410594581477056,0.4737526152341128,0.30993526952892575,0.35925413636097997,0.2543885530901424,0.3058960786405041,0.3982899220127792,0.5975550137070189,0.4958336547746882,0.5364614962567997,0.45942972530451204,0.41305674997915043,0.3433550526476033,0.5421595774984151,0.4656714832202581,0.4504852321216267,0.3817965699911622,0.3285804125475846,0.4429509839141198,0.3852107433487473,0.3808512223059381,0.5571839489646513,0.46506751236109306,0.38702981231770706,0.3625014531861035,0.3324143003852309,0.32027173036372497,0.3722550070576669,0.230677730244564,0.2960522937128099,0.4238771996254213,0.2836710212836225,0.5033225224395659,0.1520464123510034,0.16388830243249963,0.4044766146112554,0.41271617490479334,0.40530809950023566,0.16431498519163132,0.3793245240433405,0.37355130236898404,0.2780154417602091,0.1887570841964595,0.22991567476593666,0.20736604276936332,0.19718745654897596,0.46402584282722653,0.1269411574087451,0.37434115183853195,0.3099567309306637,0.5894275453708117,0.22876935582668334,0.15598095606207768,0.33576380023592545,0.15000927442913667,0.47642155437827505,0.30013374595844483,0.1538007363703422,0.1922972021586501,0.19187909535659559,0.39459650881909836,0.5128153051929792,0.18912404078026585,0.4148901662211933,0.5040444546873551,0.4147718250448999,0.3866747714280601,0.18809207086848367,0.262092393919805,0.17636581574497515,0.20426626349869415,0.38635100213301343,0.291376593879932,0.2349788924862126,0.3667611066589411,0.2446778166677814,0.13610608416404668,0.3362868469708384,0.2869376800876283,0.27230874886391127,0.3847649931536397,0.4268760652177228,0.26340355125865644,0.2677316902606285,0.15902754222130658,0.29557490637390993,0.46360425219212903,0.3428714389500947,0.42487981996995083,0.23386496645920596,0.2204256715577531,0.36227723917655863,0.3619857133005228,0.41026330709125125,0.4682649042074292,0.3907351247965931,0.4653464096820818,0.4362951419562611,0.5126540252392731,0.263431802847608,0.351699962171828,0.2499013214040123,0.32027978682382957,0.4190484118221364,0.36436206255222303,0.46394041491536553,0.3445199748837104,0.44083264818208523,0.2645008281008279,0.3076681266591435,0.5039124215755252,0.4579172545362445,0.32499310304879575,0.4446612213381476,1.0000000000000007,0.5535005611203926,0.26103172304263783,0.3326372864770485,0.3773138404297674,0.2937703342517406,0.4200239443351179,0.21672813809810365,0.4049200783946009,0.3615035673476842,0.31409786690954594,0.10948982887281872,0.0918170120854758,0.14600935601110623,0.0912710496753518,0.16146863703170264,0.11209042361232499,0.11246172438571511,0.15865992089986256,0.1273116594873572,0.14290464256991725,0.14332811953687033,0.10479775210431533,0.13723740850930916,0.11906888958705567,0.17133130748034187,0.10571493556932021,0.12297013023179232,0.1401304047064228,0.11247364376234757,0.09631564218931297
entangled_trainable_rzz_4_seed_0,0.5519473433608044,0.4738751952218568,0.6497763716040886,0.6042150054537327,0.6805819169432152,0.356664995400932,0.4984750541887116,0.3419274042817481,0.4118290624980168,0.6014089842112961,0.677044219329436,0.6484584105613536,0.6676070872751683,0.5054278269117012,0.6030344407072125,0.5006860081956397,0.631075127161432,0.48225962217216095,0.5086680124016519,0.5090049756735897,0.5918835256285832,0.6318881479444537,0.6475228396274826,0.5703192006920494,0.6637692825001371,0.624015655262078,0.5132974406651191,0.4680296472299669,0.4768507450398148,0.49565762113357664,0.5589373891634213,0.4078387907693009,0.3604038821921162,0.6460626283836625,0.5055006270008783,0.6663425105570919,0.3290352603721043,0.3924285334874835,0.6071861623560609,0.5736179870985746,0.5036572849341914,0.3358174741684335,0.5104913318164548,0.5510633857343861,0.42161001405413806,0.31801756310232365,0.4199411859073485,0.45219263462241704,0.2963472853732764,0.5354848846377203,0.140298851087952,0.49489045230897444,0.3122301189005543,0.5857899300068529,0.20321703135616562,0.2775090258502077,0.4254982664233408,0.26387507985390807,0.3862007278878817,0.35219732508421686,0.15396119345647957,0.2844649824457243,0.22610492823916326,0.3696191341957076,0.46869409203909174,0.20225683324696545,0.4432855137109829,0.4969161332512495,0.495004671919623,0.3477136002048378,0.22800014901663918,0.3584336735469654,0.2310591588212614,0.3595101128301306,0.419627619605671,0.29637531035454734,0.2404491613507344,0.40094033730503714,0.36311609059819966,0.2228754964186778,0.28645852598363886,0.3370675633207151,0.2616477571563467,0.49840930993390437,0.5061395809557386,0.290734539263308,0.26135272106408547,0.15355262669447506,0.5223980404378417,0.5717505806357734,0.5686970869687595,0.6122481727718391,0.32301290323162807,0.2981011344999774,0.4236720712413222,0.5461995596254466,0.42676532599645195,0.5451067150885051,0.5522719385557742,0.5386765082819799,0.4792307968066551,0.6126488013315355,0.3330787101149742,0.5236248842473858,0.28883544363260455,0.45458043351443195,0.4965790719302458,0.5031274783042516,0.6123989701990042,0.4681501813108037,0.5915189982733231,0.28694208696232604,0.45279478561109876,0.573211214261593,0.45393921710547136,0.5216591255046888,0.40645104838672724,0.5535005611203926,1.0000000000000002,0.2944725724399859,0.47369989629596676,0.5105005279310885,0.3539544908317015,0.4214949488470335,0.29958857964571806,0.5301727183051783,0.4637905920150262,0.361016475592488,0.34127118211168933,0.33272410507877115,0.3774956615506054,0.36156575002534186,0.3393392801819516,0.36037744406741623,0.3504220274353855,0.3160898320602131,0.2838519299197226,0.27775415828887234,0.42463661006175013,0.33696742267925,0.38621199600031686,0.336825193279629,0.4027173945580744,0.4063734894216714,0.3793993704929766,0.3818558368274607,0.36798097581825084,0.38181009773244223
entangled_trainable_rzz_4_seed_1,0.5857960892536418,0.5840668520600455,0.31821392713484703,0.2748365061812676,0.3476055885399738,0.52887815494926,0.5825302711333441,0.5189579871114215,0.48991498811463635,0.44538683599153195,0.2775041170910496,0.24624317855215586,0.379385121900349,0.5409935058806895,0.4444143715581561,0.38122850751922577,0.4432808534905979,0.36496175181986845,0.600728979407804,0.3727534173320088,0.32854671382832973,0.25517456541788147,0.3590600562387119,0.25490555976332724,0.3193957566373681,0.3737787552699174,0.34213689988147605,0.35954944208064876,0.32302585574958026,0.3062721158436484,0.22826159726003015,0.24539930437531016,0.3035354501144103,0.23783452811139794,0.21049251994815724,0.44854263471087213,0.31582736796681965,0.1960696395382994,0.38573226863588345,0.25505058512841255,0.33587070299615346,0.12702523355459944,0.47821208149085587,0.26732628016702314,0.3734982804384693,0.2266037513131192,0.273216980720256,0.23485194876142396,0.26430189993050884,0.2840274103462273,0.4130355920185741,0.26358348258855413,0.4917407999512154,0.35541385604731107,0.38550702729306124,0.3155305237837178,0.5719825137303953,0.45237406785920065,0.3464991139387313,0.2920426768126888,0.28702874662180006,0.3530916890415342,0.5200251062804994,0.2796674789274209,0.3766746278210476,0.3452847046957355,0.3749931966376393,0.2674758714410763,0.3995498280631503,0.1668973244700912,0.5751686591170243,0.22425380594817335,0.39096059294853747,0.2612187874755902,0.2897600237078358,0.3545109913456672,0.3765939883537248,0.2037761447342085,0.3367066101620059,0.24163486895138211,0.2150943317932616,0.22506323097607864,0.2156388837060857,0.2937620899080082,0.14005308446790243,0.17744745096072398,0.29508261983738415,0.2647013259856213,0.20903093942346215,0.42961054971032886,0.39883101070926863,0.2729284878704203,0.46186049326722084,0.43475131343542606,0.34201532796891865,0.5034709135612337,0.4524056485688093,0.4587407233060264,0.35772403169377587,0.4362685031409516,0.30051515164640347,0.4273700752177213,0.4706958564891169,0.35659163892750745,0.39318273932582287,0.34511304033023965,0.4727905265157529,0.46763798336016194,0.5252140569809334,0.4197386219918624,0.2683871503400633,0.4893726650364576,0.448023010293414,0.16958407860311075,0.2184568914830968,0.2694308960922756,0.2609518417404806,0.26103172304263783,0.2944725724399859,0.9999999999999992,0.32139097497081576,0.3405785737314175,0.3960761483567585,0.25665034615220245,0.3345620064323816,0.1977777749337423,0.30142933554700424,0.22494845498875926,0.06795070185608529,0.06406425507511156,0.18866899383175406,0.08079434445051903,0.2036098045261798,0.2091915926288425,0.16035492428584247,0.28199696383216866,0.3083093094504066,0.22804423403268628,0.1800874720108725,0.1598093111719429,0.1248204614642543,0.18726528056892905,0.1547784054149061,0.134824708887135,0.14895956267663937,0.15175995402840217,0.18217388999978737,0.15805489983122817
entangled_trainable_rzz_4_seed_2,0.5975688207792015,0.5359070528353094,0.3196036749465845,0.5231382956559822,0.6784566005133534,0.1826109448541952,0.30960906232713536,0.4738082368833998,0.4449830930489648,0.490337369748216,0.39873534921527864,0.5104593352239761,0.45501446215143,0.3218966161292367,0.5445252271606779,0.6129099646987344,0.3679592781621679,0.3169811959552883,0.4168829848742845,0.47853765407838095,0.6694679521052852,0.5862109341696868,0.4778107159847256,0.6137347338182356,0.40096746114000725,0.5164871678518819,0.38621622834495817,0.4773767726339469,0.4738080069336896,0.34627312159979073,0.6211227938230872,0.6044669224919474,0.33312250325264636,0.49095102103083715,0.6797371186411217,0.6609302612162555,0.49323621118374716,0.47992235688162793,0.6258324644575803,0.5582738070575389,0.49482392230384126,0.5363229285303807,0.452870802917988,0.548633877468937,0.5242149143860834,0.3753148670676642,0.5992328013182486,0.6480842270667321,0.34104783575368447,0.28459987848026186,0.21821515515366882,0.33633409894945715,0.38294002160714935,0.2034544105435995,0.22986339375256662,0.3799772367770529,0.36168912800387293,0.36707274727961564,0.37030987297475976,0.25063160111554267,0.19354067568043004,0.4003498405663226,0.19940096223323867,0.33717954408184636,0.390264600119866,0.2047269991644295,0.44406235523368837,0.37205340710034385,0.3450580396512147,0.2040192235942302,0.3741306494638288,0.4666893209139933,0.22642870054598926,0.41606207842964843,0.32047676224371563,0.2786165954665029,0.25221622660060733,0.2054504065803241,0.33127258608079635,0.4014752540842586,0.22395006648373048,0.2801200740009042,0.22506845398348022,0.40743474585100736,0.3118219280103385,0.16471246543304646,0.34480698811642335,0.12456791647511783,0.6189045206228468,0.5166623980923974,0.6396143069144423,0.5463876377420229,0.2851629467061731,0.397418627420898,0.5849606380182542,0.5562140028522918,0.43512653382111827,0.332464611296264,0.5928838898823579,0.4788551520245864,0.4627417341991698,0.5039831539416796,0.22540920166026607,0.3623959599877714,0.38611594085987333,0.6770755995120645,0.40783737612335214,0.5503378418216371,0.4290567970045005,0.4283168443999416,0.4793532322518365,0.3571319263099126,0.6956941924478706,0.5634783044932232,0.3768303951301815,0.6899720382334255,0.4190501367000677,0.33263728647704854,0.47369989629596676,0.3213909749708157,0.9999999999999999,0.4907686199523794,0.2935108744362003,0.4542573845225494,0.32234535984244006,0.286123639641091,0.48179694724694616,0.2756062285411629,0.5170603365895989,0.5579938292507083,0.5941148096881952,0.5981715193397198,0.5183746086757511,0.6201504700386125,0.6139089460735054,0.5313001978243184,0.46037470976904266,0.46121077870414723,0.615112068717323,0.6052807760309564,0.6257498155362076,0.5811234918357318,0.5527126597558426,0.6531979145946004,0.6229323941138795,0.6015203865714761,0.6492872192815906,0.6547574705483856
entangled_trainable_rzz_4_seed_3,0.49680604389782096,0.40282018542710596,0.4731613253792307,0.5866801946337552,0.5753622363500989,0.3379801860318294,0.39326229817198655,0.2984359969426929,0.32763875260548714,0.41353950277235346,0.5321685335910549,0.49229286048778853,0.5773433340396001,0.44394037194844316,0.6520339906579854,0.4265130639352768,0.5718446330921272,0.450158137479483,0.43777436610105847,0.40969044603484134,0.4648165130344701,0.52279228158965,0.5933686557549469,0.39298532931319174,0.48580145951347853,0.5516146769137783,0.5016612785373145,0.45220036248902695,0.4816525397036086,0.44798145468351314,0.5250525026036225,0.41834534147164026,0.44593946479165436,0.4160698950860108,0.44687665780902824,0.5402967625907338,0.3504338745290278,0.3640757060564351,0.6375382531636841,0.4018681975333588,0.40076179912505977,0.30299329768650507,0.5044969231300495,0.4520616313530902,0.33345782833202464,0.3987651502699416,0.39957916286365935,0.41359278045702297,0.31225041235813783,0.4342297567464849,0.13830802848101623,0.3657285775168277,0.3703889677751211,0.4608386423767692,0.22550090597704806,0.2646630188374335,0.33800202031285226,0.24116595140900388,0.33787428593529834,0.35935509383592995,0.18535330121357366,0.23834242570960174,0.22410987055676074,0.3595718424215219,0.458384075073831,0.2996450756451735,0.3803604275590079,0.409611488540205,0.47703450811436765,0.3930691187152814,0.35177138190755736,0.3196843692348931,0.23978054793381184,0.284576206464531,0.39525687736495,0.31875519434944244,0.4075497207480336,0.33436271468671364,0.38464146575296027,0.4369461865958031,0.2894174871423468,0.3273549261246227,0.20779315702082482,0.359318123819741,0.35858749763455583,0.3235876901185851,0.29127440668526194,0.16580281838155475,0.4098491426559251,0.5645868711342498,0.47311448447925475,0.43195579566351294,0.19514220548519698,0.1954902115555919,0.4485455835461008,0.41462709257428726,0.3924343016492695,0.42378524814824964,0.3637133966032075,0.3989800903009921,0.34183800005179077,0.48673363163509176,0.29932290342887147,0.34966314271531584,0.33063749323932545,0.46930142020733423,0.30914163429058783,0.3903469013701975,0.5439729322821538,0.4343779637732635,0.5674674263137808,0.28868723646926436,0.4840686016217196,0.4615444146124331,0.4284590503836882,0.4540203650534549,0.25370088785432615,0.3773138404297674,0.5105005279310884,0.34057857373141753,0.49076861995237936,1.0000000000000004,0.2309925822648876,0.46145612377387607,0.23038548215726398,0.4156760058161789,0.40846470952928077,0.3384737240928602,0.2594589459841274,0.25893641703335873,0.4212635742722093,0.2336368665158029,0.3754135769202187,0.32482042411452233,0.3696552826182044,0.35455111253917404,0.27201011295824323,0.37644506124906435,0.27792024337665083,0.375490500843059,0.3654761641737891,0.37694319758362815,0.2885465716207068,0.32310507959249357,0.33186255592071057,0.33235245912083405,0.35241406862535835,0.3408719019560057
entangled_trainable_rzz_4_seed_4,0.401175218878978,0.40109336298197845,0.28931687207043527,0.30667790336681905,0.33914142689988486,0.26568581871064884,0.3643345414005337,0.4255808130756004,0.40630897094345597,0.5057415031105866,0.32931628187440154,0.2552253664314878,0.29673071878126134,0.33644943134774635,0.3042702996879907,0.43608886565410626,0.3044730339000104,0.35648964296127744,0.370115210814009,0.41513909703765633,0.2681930426474461,0.25307295323109746,0.30925780917805556,0.24427217586868966,0.3089501327359186,0.36831372184796213,0.22128566872276542,0.21914024926886339,0.35202805721812686,0.2615802180973272,0.21906699270532626,0.15984464192161943,0.2054104222342128,0.24512574418896146,0.19796084299119998,0.3674187059858777,0.1411145750404704,0.1260550319316862,0.26679211646336587,0.3534375362893818,0.30568944539362797,0.12664881115595833,0.33857197555504803,0.21611155381505512,0.3337259086175703,0.16769273935179133,0.1818997942367033,0.1723664402611425,0.17213191936272665,0.2587001003606095,0.29121200109959716,0.24288567893545093,0.3787690774968316,0.2539207653767473,0.2921780355961002,0.1660680417044561,0.4071838754256529,0.34199811701629046,0.28181493999431884,0.21066060327157743,0.2796134091748916,0.2952226434459819,0.3279889074800591,0.1802933650763877,0.3041681804450076,0.19966778736431598,0.346284306716631,0.2769263359137157,0.32165034946285,0.159023250335768,0.4056547188778221,0.16088386883520636,0.27487404668002924,0.25868168328521385,0.2902783677978349,0.28207871826626285,0.23639155385457297,0.199487237017065,0.29588324570822166,0.1305963529073073,0.1511760319350185,0.20863316334038212,0.28989646146163534,0.25689645656294163,0.2292771761135521,0.17624668882970257,0.20822165511719187,0.2148789466650317,0.15850927435615333,0.31641618104051666,0.40805870761651275,0.3153002260277911,0.29905542554323994,0.4123532242620376,0.24301252190207082,0.43974014160805813,0.4175799800493763,0.22528129107934386,0.4136703239322374,0.4177175232572205,0.2608707830050023,0.3429560043216932,0.21776507448323718,0.50456883523661,0.3222050036079667,0.22092259762465924,0.4147969585230786,0.432743349701031,0.3849286158103868,0.42283055963068594,0.219130895948816,0.3412848611365037,0.29545210770408314,0.2292586885782766,0.19691341759577655,0.25423841922305723,0.3409663787559689,0.29377033425174065,0.3539544908317015,0.3960761483567585,0.2935108744362003,0.23099258226488756,1.0,0.18509711721917196,0.2678321929399986,0.21661879619393049,0.2960757035159447,0.2970708786623085,0.08515629593589136,0.07216019266001218,0.09466711220852225,0.15364192502568008,0.10524664524868602,0.1590661377106842,0.0950832001419527,0.13725570509183607,0.15089440207554622,0.07093451124095987,0.19533868691464004,0.0809402757131722,0.0904731601470392,0.0871905993046732,0.1369304080407396,0.12667966635209507,0.10118320557952755,0.10981670787353948,0.13109902280778765,0.13861131311860314
entangled_trainable_rzz_4_seed_5,0.28674101842043714,0.36979319977576064,0.28101508551198134,0.4792472990219284,0.5456579054350137,0.15763852491425984,0.19341923908752942,0.2488056677293038,0.2605355174265679,0.3237261376291604,0.4858577090563678,0.5065698446600606,0.4266248702750379,0.350481682807711,0.4422604389018235,0.3654372199401314,0.36203055053031097,0.39747569458866205,0.3615422321183839,0.261399044799847,0.3677535171343965,0.47194659740297157,0.49493505853801983,0.3823921180210945,0.41323738092854573,0.37650144397331764,0.2947793431836862,0.39469202697206834,0.3087897889942448,0.29053989897271965,0.41073277075448955,0.3528911434279488,0.39273410461433467,0.33589988830453593,0.3749679462098265,0.4462819073026472,0.22504683040574908,0.23375558023165577,0.473261728635299,0.34315715650651313,0.4095695687441934,0.3387075261356438,0.3087056845445947,0.39650819040204216,0.27114428791640177,0.35012637092979987,0.4788027565410697,0.344688328771153,0.2303018988818436,0.29571533380169496,0.1342129846104604,0.22049970626651755,0.30236933760211426,0.2661603026626288,0.16292165297823136,0.17790253522487937,0.24129142754546984,0.2705966164023223,0.37904624944564036,0.32518273857483904,0.1672064290604686,0.2377085638297145,0.15729626806653277,0.29906871991153633,0.3867704150830922,0.21173511209457807,0.39242076387331604,0.3295755456242232,0.28938875884162135,0.2612003584759824,0.22019576788319548,0.25016036010043496,0.24634432663641373,0.2074507380296149,0.30459228083457346,0.19265400145437553,0.19792199065342436,0.26568775246968385,0.19140505769158536,0.24667583396554246,0.30778237896370947,0.26165167330984374,0.18005283606291506,0.3407517327548977,0.35765280693952284,0.16880462731432375,0.2868454287337319,0.11625199951445288,0.2962853177742219,0.42837877905386373,0.32778596628782486,0.3094195152507281,0.17205366774938516,0.19444934444772335,0.35346074214367024,0.39424417091037,0.32320061865778543,0.3035809264126714,0.3453655556503636,0.4605413480296339,0.34575186713817396,0.4759883110812874,0.13385267857794436,0.322890895019435,0.20314258283299902,0.412781422966286,0.31570668767138704,0.3477353856155561,0.3367658624667594,0.33061553987766545,0.38676954431321886,0.40150568379384177,0.4510846806175725,0.5361503878373345,0.4360327674056699,0.4573302237881685,0.26784183233495823,0.4200239443351179,0.4214949488470335,0.25665034615220245,0.4542573845225494,0.4614561237738762,0.18509711721917196,0.9999999999999993,0.13528601002084972,0.3426703787482119,0.31636262255834924,0.2544361484084882,0.22309798852804638,0.20761460738539253,0.2502640939959065,0.19288320876162887,0.24089551978938079,0.23819311775275556,0.22136011135611908,0.21082195131311893,0.1893765596255958,0.2000211845451963,0.23589958067933894,0.2297425542677181,0.25124204402738354,0.23189630747508386,0.23021305810775783,0.23854678425551545,0.24086509061247843,0.23927650117324398,0.23398867141657348,0.23406551545771465
entangled_trainable_rzz_4_seed_6,0.4478780609452125,0.42649852297817115,0.32099588912485244,0.2650407242922871,0.32086909440850714,0.3757589609846914,0.348468137763007,0.35639375217789926,0.42134126535712185,0.39938681458183223,0.18592053084410848,0.23420961123837616,0.31149221928194015,0.3292310514139118,0.4083908897824039,0.34141813160270235,0.2998027578743635,0.2683221667220065,0.35940643051052085,0.4407575335075935,0.3921094122501138,0.29867398984206256,0.2602538704499067,0.31149105611276695,0.3284950543978674,0.32820273975812475,0.33913655267301374,0.32864174928810996,0.36618601707236137,0.26696060295062535,0.29249320812842355,0.3229125104889818,0.2798208548705015,0.2506049249255067,0.2800651192364964,0.3948201203279212,0.35579154981497446,0.36126289438519826,0.4290438413194869,0.3636070253751508,0.2514800959858661,0.20461443805661003,0.3872528236139316,0.32082368142014994,0.4143660264458725,0.25456988323260415,0.29184806391247864,0.32368369646544,0.27213167474390226,0.18015140896133805,0.30009255470772306,0.3137539059959667,0.3111462128765505,0.2574347409112044,0.22734074983052432,0.23520818131046423,0.3552863383245501,0.30631123958580364,0.17851174594502817,0.16580740502410618,0.1887999619059676,0.26384516144677134,0.33377611625754827,0.12622003178502625,0.15885786347824787,0.19901501374772995,0.2547959918501746,0.1987216152627035,0.22990166638882492,0.21378482229497778,0.32382845557512424,0.2772105122105393,0.1978079521097109,0.3022536752912169,0.13504173505383338,0.23079139630261916,0.20764419276430693,0.16545943172707314,0.24863947616311774,0.14858264288068865,0.10125082423161444,0.15421344267978962,0.20661537807464866,0.2771328795597113,0.19601569115832448,0.13008786820972454,0.23900211112412564,0.10188858241875078,0.3534344130715515,0.3664123627489709,0.41696471349289965,0.43143404069372066,0.4517670892429498,0.38198717336314447,0.4155844427216717,0.40110849904966595,0.2748174751110621,0.3130738434440298,0.400274592055888,0.2922720621058735,0.22598340416917237,0.32992537258992055,0.26384026189348003,0.32928613596102474,0.3354902596947976,0.3467513981248531,0.32326687427509654,0.39798656687316913,0.32580240659630766,0.309758610569527,0.21333482205112597,0.30159769813845094,0.36374457034713403,0.25089424379546654,0.19543181534953966,0.3608600371545105,0.34706162598767465,0.21672813809810368,0.299588579645718,0.33456200643238154,0.32234535984244,0.23038548215726404,0.2678321929399986,0.1352860100208497,1.0000000000000002,0.19724432515975363,0.28831796254643915,0.1468961099879508,0.27501337926279107,0.2233434459848085,0.26120629950716157,0.3200147513848795,0.1744427113791373,0.3384422557873623,0.2963658393049695,0.28075721355788286,0.3142216140668815,0.20085577966961604,0.3916916154406672,0.22343308790609176,0.2648904452352232,0.21741645699246792,0.2886108247892346,0.33315805804196846,0.27107581699941957,0.2591153940820209,0.32257202252744477,0.33594081036824164
entangled_trainable_rzz_4_seed_7,0.34114462494591113,0.3702523799931061,0.5494850285225193,0.4595308994993105,0.5976128782929596,0.22721311052047313,0.42058141069025456,0.24936000511514983,0.3218991166090306,0.532790948875211,0.7226401664396654,0.6456879383593236,0.7060437975241007,0.5696612674700351,0.5849287146902145,0.2637210383379228,0.5700525822616888,0.40989769038551777,0.5178480950661798,0.5363390236852388,0.44461984466774446,0.5994005686752397,0.680476752320515,0.4385478446016076,0.5178165191587889,0.4755041260578297,0.5321702080481461,0.4839107253592933,0.48212601585404136,0.7166605512491561,0.4170130495822512,0.22974128063516555,0.3500675674138786,0.6407875476910365,0.2693541897305886,0.4868377176926675,0.22399213173238555,0.23035620780546295,0.4708847386615917,0.5108811633367423,0.4584309437223111,0.18768810727926244,0.4571956883540085,0.47137298704206404,0.3412740209249191,0.4039988452986746,0.38436185469525236,0.2661950616963767,0.10611685561333187,0.3452485345698926,0.13582246960256011,0.472530086630949,0.23128534744023355,0.6087828974099756,0.19356920809767325,0.15765604843721306,0.32520994949373094,0.18394675474379452,0.2260360117194729,0.2028333481296925,0.13360320467380804,0.19603287091164226,0.16747435378906575,0.17171045649041952,0.3521781164173463,0.16538935994867343,0.31170728176413337,0.23735764057625122,0.33357670409293066,0.45991551620626236,0.16015047938902316,0.15352745652683078,0.1785019769123294,0.20638860244143123,0.3572118950673135,0.39057297579237826,0.31405526881156337,0.3944073168958038,0.3112108464874906,0.19416346547215804,0.33372269106362806,0.22861537265838797,0.13785339182417494,0.2623110360948398,0.46338282417111665,0.29475368519330314,0.17767946108800994,0.11915408687917182,0.26949212036515074,0.2953108902144547,0.3032878000750649,0.4916621236113531,0.2092948690609421,0.29624147500952897,0.21074135668369368,0.331485213988685,0.37614174785732024,0.4800506359642642,0.35998413777572946,0.3979020354167066,0.34918563576466993,0.44911747113108175,0.40021390955973873,0.3524864964113665,0.39701571275546155,0.26250465328574973,0.3714188694315488,0.32426322337607677,0.40305766298123036,0.4964405301030751,0.5517841921224033,0.2568240776399501,0.3990088502442577,0.4049262224992878,0.32279368649748585,0.31462488378142506,0.3357154733666779,0.4049200783946009,0.5301727183051783,0.1977777749337423,0.286123639641091,0.41567600581617886,0.21661879619393049,0.3426703787482119,0.19724432515975363,1.0,0.35356287211842613,0.3657386441009706,0.12233796957601654,0.13006678186218792,0.14689862522499333,0.20978301909788163,0.11155124201265985,0.18539538118758475,0.15792682806252956,0.13888291473609035,0.13996872588035414,0.10963915155902498,0.19990442670752617,0.1351432634345691,0.1437937981446474,0.12571448972027519,0.13650219697829,0.18357051448081163,0.1514625445932583,0.14153098929678437,0.16485991028008984,0.19124047702489813
entangled_trainable_rzz_4_seed_8,0.4991777877491762,0.4576885500537146,0.3825445639208009,0.5101354742563784,0.5199405754458624,0.29791096853046567,0.3068848155942014,0.3690500769908093,0.4398419525510998,0.38695102165884643,0.4385840759833371,0.3775169720841341,0.4420474427641513,0.3067499752135813,0.4561595130047935,0.48900340588364877,0.4284610569530475,0.3371735299974367,0.3087131018687517,0.481339097684791,0.49868486587766836,0.4410806689932952,0.38864969957562273,0.38490218180682023,0.41566311938850775,0.5568538994982127,0.3387931580060313,0.34227467295958086,0.36916878052504665,0.33364940003867005,0.5141422845736775,0.41231231857102574,0.30585962455141347,0.3445605951315761,0.526386905807863,0.5439292266457268,0.3205174591917489,0.33736252129653593,0.46438082219839927,0.4191281776683701,0.3010912306173099,0.327386032327559,0.44418913469817006,0.3632287000018234,0.4279138704023785,0.2827829523155494,0.4042303866351447,0.39258637541019337,0.2755663149026857,0.3276035554068673,0.1756901988980706,0.2502058553896778,0.4255845351145385,0.25321833553624795,0.24167625033392146,0.2996015410637788,0.3623145682184542,0.24115260815004458,0.3133274427572649,0.2845572304901622,0.1964775285823945,0.28999658202071826,0.2104992094774606,0.29018025031915023,0.3753677050274194,0.19325716277325064,0.36152791041788723,0.3888083651576157,0.37606182259209686,0.21398681962707525,0.2874404712338109,0.3026149666834058,0.24541909989043173,0.3362734226547322,0.27714377393005346,0.2647878984720458,0.24641731644333847,0.25977309305694707,0.3484936604871116,0.2657145177589406,0.3790252806846978,0.252110391259351,0.2930795160845658,0.35878543573348004,0.32715541360179456,0.19102404935136014,0.22028691231485015,0.13918691341225176,0.4867194252843582,0.5196128813952401,0.5294652621888457,0.4906475834270229,0.3154641421518102,0.3502282887595856,0.49939009678359086,0.47242657053474835,0.45827537359546344,0.39293286364513624,0.46961828775267056,0.4155924359274065,0.329366578298843,0.5004250447704726,0.2122875371527953,0.336507024310929,0.36767767629136155,0.5214065742654852,0.3057099704811177,0.44862984674224393,0.46632378841416533,0.34724737971300307,0.4765308570570215,0.27626447792398173,0.4005499564525549,0.44224056866712913,0.45674983223391974,0.5300725963857273,0.3965439517325106,0.3615035673476842,0.46379059201502615,0.30142933554700424,0.48179694724694605,0.40846470952928077,0.29607570351594464,0.31636262255834924,0.28831796254643915,0.35356287211842613,0.9999999999999999,0.293109326417041,0.341654419145528,0.337221782776616,0.41013055715666746,0.34805614059371626,0.3457271944414296,0.38989415611897926,0.3980921297064156,0.3814198327182266,0.374317702312761,0.33862444886638043,0.44704748363839364,0.3648911771170563,0.3990242026790419,0.3719691768143717,0.4045623215169035,0.4113290607783399,0.3968655211471484,0.40615974927300064,0.40525247791052005,0.40549735604360837
entangled_trainable_rzz_4_seed_9,0.32491526680299787,0.2628837111800429,0.339151054113596,0.4329463040738408,0.33116474535318674,0.2186245580924104,0.331650716490715,0.2788830854075997,0.2724178196170539,0.3427339292670666,0.4604835373474523,0.28172703394027615,0.3254442200193246,0.24459658540626072,0.3567670852059922,0.38614241213503736,0.31533565406051495,0.2660682772294569,0.24945389887395283,0.24777313548548002,0.2448343428152204,0.291438967921547,0.39202303869747146,0.20289285348872696,0.3259752006117877,0.3572487043284371,0.18445547987020888,0.22479756639961695,0.2548653718234883,0.37750271883680847,0.26637751454303693,0.14870742213246618,0.1691435237960493,0.27479067749073866,0.2174988904538581,0.2864913354305738,0.13524527703661965,0.13389774231035897,0.282956298233287,0.24881835879882577,0.22206404163849666,0.1729354123963778,0.19527264010154383,0.23017171779103118,0.25422866279294737,0.20965994817454459,0.23116339332933383,0.17086074619559113,0.14688739040064452,0.34397024320466935,0.16537806081748604,0.21320841607196786,0.2730107813405404,0.360099639268563,0.20491930473557013,0.17820620695631728,0.37112880097760254,0.1914974660716258,0.3000130769749473,0.2804067350032613,0.28320412889809066,0.21873319518251258,0.19121958907111722,0.25388740665707754,0.26042354886701485,0.17455068835033022,0.2876584346787424,0.33440889620479763,0.3454156287270262,0.23644654535663437,0.2598997385858552,0.15785747045055862,0.20185018797765444,0.22486044044469805,0.31364478565444587,0.2374480203920938,0.18009252012126886,0.26815744020217197,0.2852714210410351,0.14391649995028846,0.21258719181637653,0.2439854015925227,0.18923559770071333,0.3088486796957898,0.25974253285640214,0.31267016638733375,0.20306032421960804,0.21369863237069744,0.20470030174511014,0.2801151614380698,0.31078788373573774,0.27988194714345394,0.18359383827990483,0.24006861917366498,0.2270195611829976,0.32986392765966016,0.3640734896092304,0.25636288292106335,0.342051003042368,0.3341913161573904,0.2847788411192623,0.32556632718768824,0.12212047144853187,0.3121760609218389,0.3088994099704618,0.22331704433252025,0.29525605096246027,0.35523718262944887,0.3870328597709084,0.3935095683968947,0.3775893456381039,0.23072632677741126,0.24922355567645443,0.2648459844566053,0.29545676050347175,0.2658044209436363,0.24431474051409535,0.31409786690954594,0.36101647559248795,0.22494845498875926,0.2756062285411629,0.3384737240928602,0.2970708786623085,0.2544361484084882,0.14689610998795077,0.36573864410097057,0.293109326417041,1.0000000000000007,0.042785946508731694,0.08078158051256408,0.18902716782784815,0.1582808138008747,0.13628699063626615,0.15063469268328536,0.1563937287147683,0.1935171244969392,0.15135576003934073,0.1883592424519511,0.14687928675258666,0.11034058396296888,0.12391920724677527,0.11084404329023873,0.14961984685200955,0.14047475871555415,0.10708117814563074,0.11394341322265193,0.1319288185595498,0.15698986815073904
classical_64P_seed_0,0.41490670392384266,0.29758890533855115,0.24798987145816087,0.3518010622957586,0.5660224925239397,0.04059314582046691,0.07716206823523378,0.18750939944121472,0.300099620260611,0.30497080964414747,0.14312364786016193,0.4007739996172655,0.2929840279521392,0.12167021270226142,0.4129447351147591,0.3658796560640291,0.1968087284746922,0.16086055207298308,0.22309820123897542,0.4371112568246073,0.6508390416862263,0.5061756551625767,0.23226216414260134,0.5857554375581011,0.28384446694580334,0.34081463614794366,0.3453624658291134,0.4512424731608925,0.4044759576263119,0.28518010164687224,0.6037107680987459,0.5883783155681339,0.21752118965480674,0.44293889663871044,0.6368961765307234,0.5408168897897357,0.5311836996126008,0.5645241394454615,0.5389192744966502,0.5644196956286381,0.35125983672438815,0.5039981729605992,0.39870550855507364,0.548521424052304,0.4552389442491152,0.3221396873804888,0.5826219233374933,0.6649880787326499,0.35502234674621364,0.14665664877975676,0.044939788371373204,0.33014170765594075,0.03450732872371198,0.03646001432679165,0.024723502902439985,0.4093188505799538,0.0727260123149378,0.25827333619755255,0.08157783872521682,0.048936800536144104,0.08009143583457633,0.31008797631914636,0.03068803708948512,0.2302851311209715,0.0975613528206939,0.06917040737452528,0.2039038791893854,0.2418601395608148,0.1710138359703361,0.09195960261650878,0.030766323868766352,0.4582072598035886,0.03384717958700168,0.3018867230727088,0.06945040797804235,0.13375551411872622,0.12394140239995115,0.07890928306418307,0.12539512738469213,0.32552069337074724,0.0927624728114806,0.07669677290876373,0.1484409711808951,0.3640253420054859,0.22080427394402452,0.009551593801532894,0.22378741698583976,0.05092423552298973,0.7800654540396235,0.32166062101686843,0.5774252688947731,0.568319416636729,0.23157312325048174,0.21349804260950325,0.5262065739520134,0.3350397257318414,0.08760337184071001,0.2116182994309895,0.5265346022108278,0.18485777630009328,0.39227162100558,0.1809074684296707,0.1006808512776231,0.17263815045593947,0.13918202896051576,0.5146070854951752,0.19998871739123178,0.35984685533216837,0.15010958810153313,0.1729788303131138,0.28708769427554964,0.08552499692955118,0.5013126397810653,0.3955863001242435,0.05987685821131627,0.5553936611474694,0.2917613554286275,0.10948982887281872,0.34127118211168933,0.06795070185608527,0.5170603365895989,0.25945894598412744,0.08515629593589136,0.22309798852804635,0.27501337926279107,0.12233796957601654,0.34165441914552797,0.042785946508731694,1.0,0.5918884259493783,0.6206515763320042,0.6598256120951014,0.5290288319348092,0.7037081816431234,0.6960884612391379,0.4667906740667242,0.3716281576046675,0.3760667553986524,0.6999238037937402,0.676720209904086,0.7507020721767725,0.6297485476106155,0.5582484302987424,0.7658398657967228,0.7070522278380281,0.6698238789825613,0.7607059608216363,0.7055564995551667
classical_64P_seed_1,0.44153263003582205,0.3030281065521997,0.24910824119897546,0.3440228907937673,0.6092546600025976,0.005757982824746502,0.08448064431739083,0.17464987658789552,0.23583058806007282,0.28060070536532705,0.13593460805411373,0.43481984290435477,0.30259683293904455,0.13608120743690436,0.42239439163247244,0.34150131296431846,0.21473128827529112,0.13282353367023955,0.24360785099214485,0.40284683059657306,0.7135444151516724,0.5401033793807244,0.2363303236843177,0.6362320512137635,0.2951943177944171,0.34039580713187756,0.37140635790480586,0.48300796294545034,0.38075553088337627,0.2889696365237538,0.6293020314510368,0.6195969910921191,0.20780236504967223,0.48944256853099394,0.6731384769477147,0.5855734124855749,0.565583109071017,0.6046865614865626,0.574012134445022,0.56568839934349,0.37986338865689534,0.5300591152904686,0.4190000539650433,0.6000972037684638,0.45661718923396405,0.3313636399724401,0.6242340530421235,0.7026863975463331,0.3582883802391665,0.13088825764490583,0.04209979578423126,0.2997215859336177,0.02737742066736887,0.05529083098650698,0.016272722027620996,0.4191740579273888,0.04601916228849512,0.28853947982634265,0.09045428614044591,0.021061669086179333,0.06968819805567165,0.3837704620576141,0.02587706976188479,0.22330816863604971,0.09276952145149159,0.0785776924262493,0.2943961612448006,0.22212569914771801,0.19808626690135214,0.10598114910311557,0.05711416664425834,0.46384940285562265,0.07317961489701699,0.45849024714475806,0.09444379934824246,0.15414193654462754,0.12670845986506288,0.042765072973925795,0.14517719389183484,0.3413736256106079,0.09722963493416045,0.05727503697705653,0.13080521454016883,0.35214409434683974,0.17825458651986711,0.028734774555123868,0.2771872744136263,0.0783096704599,0.8208843534836882,0.3140281706712778,0.5824012366686613,0.565393169505798,0.16444261469298727,0.17282115698744824,0.48175797285192734,0.3235912473613856,0.09064745942017707,0.2033642948235962,0.4643807718845572,0.14148494456762628,0.4144677381858168,0.1873378171862472,0.1267088795963555,0.09520725671209736,0.09918033543338994,0.5660648643566033,0.21439860307268183,0.36847612200053914,0.12704574732986107,0.1589230780293526,0.29097721730051723,0.1007505747485725,0.5604233563057104,0.3784885992208542,0.06162767331864638,0.550778861218077,0.28915130601289213,0.0918170120854758,0.33272410507877115,0.06406425507511157,0.5579938292507082,0.25893641703335873,0.07216019266001218,0.20761460738539253,0.2233434459848085,0.1300667818621879,0.33722178277661596,0.08078158051256408,0.5918884259493783,1.0000000000000002,0.7347301455734093,0.7964706914978762,0.779109967325728,0.7748062301144846,0.7437622503647664,0.5863855596449492,0.4333669550946308,0.5313866121908616,0.8278527078263603,0.8670158604643001,0.9061611194568199,0.8480339576391003,0.8798317475795595,0.8763053834765137,0.943014226147365,0.9414596583474123,0.849378454888721,0.8633681793082122
classical_64P_seed_2,0.5337954034605793,0.34221940239031995,0.3289300321090219,0.4875121233055813,0.6061777319092131,0.13488565283163623,0.19937361636122464,0.2681898703884418,0.36053508509667176,0.33578086285367614,0.2497753806890809,0.40174095802685184,0.3412738523036317,0.1595602803589613,0.4628967738472534,0.4920051532385063,0.2744727352116589,0.21427386257436126,0.25622008348356956,0.40733383748642177,0.6657512542879092,0.4988786941889403,0.2713130936299393,0.5849761681794781,0.3393884932095447,0.4431155447945579,0.3310606241911761,0.44345757771738886,0.3774934563212496,0.2818214228961688,0.6472553589080787,0.5920237531160047,0.2145309300589608,0.4406712088346532,0.6675632548372727,0.618782813588587,0.5030322601788572,0.5355456536315978,0.5822858266223628,0.5299501322599699,0.3490711809402496,0.47588539345198455,0.42327137033752477,0.544424044152923,0.4786968768972655,0.30567617698319877,0.5861304810998826,0.6409372418458995,0.36167921916154666,0.30677338610589994,0.10397748644954566,0.33437710522890396,0.1508776060083016,0.17447879452041926,0.09019353937347074,0.4131849720626731,0.2240104560531783,0.26744374211902916,0.17767374582552384,0.1779530391739362,0.16033802253575372,0.34902914653757183,0.047673841811549794,0.30697564454378484,0.17694293535854513,0.14040881889609025,0.41344022563355537,0.36208206198624093,0.26587667368165324,0.13359881805160143,0.18753512087471108,0.461912350664815,0.16654229295211526,0.40734542502814897,0.16758505880265734,0.1678128930100982,0.17218183580255705,0.13745969086085333,0.24004145504431068,0.4437093364398757,0.16957897014199358,0.11214820463563624,0.12114029245769228,0.3682604636098126,0.1296290033714998,0.10593316795243655,0.20879425443250332,0.09095491657724804,0.7831422154699816,0.4499467728616063,0.610742931031309,0.5772078141281286,0.23281563947653758,0.2278335888989851,0.6376350891798258,0.4397383258325049,0.27852677966097544,0.24572248324270177,0.40873951806770376,0.2059160101034475,0.4625489251214891,0.2709775425560465,0.15305290013401976,0.12597575582632262,0.20840107375897862,0.6889689122477514,0.23241045367048818,0.43223125306919347,0.37317425750627076,0.28095827193615724,0.3873579720840947,0.13135553334966635,0.6089649795449739,0.3817578543357734,0.2306781347790348,0.583736126062453,0.30736457267888717,0.1460093560111062,0.3774956615506054,0.18866899383175406,0.5941148096881951,0.4212635742722092,0.09466711220852225,0.25026409399590643,0.26120629950716157,0.14689862522499333,0.41013055715666746,0.18902716782784817,0.6206515763320041,0.7347301455734092,0.9999999999999997,0.6241542938399063,0.7721465674756983,0.8477508072703802,0.9592029062128952,0.8907764646749412,0.651508737105512,0.9107827414704625,0.72147484386732,0.9027065281465165,0.9001147080496373,0.8947916237564788,0.7182851003532428,0.8676066292732704,0.8449749324808615,0.8299365095349103,0.9111691184137698,0.9006125173634569
classical_64P_seed_3,0.4722776079909269,0.35223565627577996,0.26371697508234826,0.3439069061631163,0.5761620476172125,0.053803892344493114,0.14828479256351484,0.27834738454736946,0.32895097574010096,0.4149269643822413,0.17632920158511417,0.41871285641783945,0.29054719882577357,0.1328556695360748,0.44281415231841353,0.4344869771876895,0.19973909489818842,0.14648457190023959,0.22951755125844325,0.4696411532865736,0.6891819096082625,0.5214013087787019,0.2957943031856566,0.584499530482295,0.271964091245492,0.3990230482439223,0.34064731391720593,0.4222505391902154,0.4380380601886871,0.3229449965738374,0.6002979624778262,0.5857284838879513,0.22366704762887843,0.4587770606987704,0.6362882861347783,0.565226162459884,0.5037001987166586,0.5478602948574882,0.5431370607239883,0.5814405977595948,0.3439152290008565,0.4955338896777136,0.378292553375276,0.5442089046237937,0.5072306829511806,0.34461985143415047,0.5538590040194622,0.635455452853255,0.2861961825608375,0.11184189366573999,0.10364720631641283,0.3190989621918717,0.08733659811855982,0.03537648138114929,0.06800137836288615,0.36659274482547877,0.11713228183524409,0.30515401803915826,0.10807055117432063,0.022987826959685934,0.09412471995122232,0.3438267851746412,0.07046002100817655,0.16692527114532155,0.04710185906906513,0.06927639858123104,0.21975340612281874,0.17543691111433582,0.19884037790890702,0.0658323799420713,0.11048535983425323,0.41474082299516973,0.07356728865470587,0.4046463920523097,0.11807090398531686,0.20366624438074069,0.10718648332777526,0.04374604185968418,0.2074071270356369,0.256938363663984,0.10338350477583146,0.0736980768077884,0.16913967703246494,0.3374107038688175,0.21368819430987002,0.05400097959114798,0.21438657016517051,0.058067844221323606,0.7276704878784974,0.3171487637709666,0.6031958400779739,0.6210794915233625,0.25459756008072315,0.3141957279048768,0.4566133607229137,0.36843722974201903,0.170952020646621,0.18344527952536926,0.5457673996626674,0.23018152796215094,0.3434060996852934,0.22528958039983493,0.10022108513812734,0.224325505931235,0.2104309423106232,0.5297484291744663,0.268429699816687,0.3910047957882544,0.18864993580681128,0.255795736259021,0.29072990666923526,0.17626282002463797,0.5112883364945724,0.41872037926757655,0.10606678778430162,0.6434202188625484,0.2754248964444411,0.0912710496753518,0.3615657500253418,0.08079434445051906,0.5981715193397197,0.23363686651580287,0.1536419250256801,0.19288320876162887,0.3200147513848795,0.20978301909788158,0.34805614059371626,0.1582808138008747,0.6598256120951013,0.7964706914978761,0.6241542938399064,0.9999999999999992,0.4754924588160221,0.757533284231278,0.7143399341191382,0.4407798020414897,0.3629031168269598,0.34027936831457645,0.8293867385794764,0.6607541606048791,0.7603187415279536,0.5784543834400101,0.7096074165860933,0.8871735394081167,0.7654588196324423,0.7184749632929905,0.7816299164729554,0.8474577560181396
classical_64P_seed_4,0.5412967020879099,0.3976549207278827,0.2888756532972573,0.38691870851955046,0.5892084435643757,0.09689113594721967,0.21944178587012425,0.312178266539374,0.2937406390925732,0.2859187087923639,0.20101750484858175,0.39029988585956027,0.3247797726183822,0.20173796865041962,0.43335389901806376,0.3808285350951176,0.2528773562328244,0.16308530526400375,0.3123524619218798,0.3648861693254414,0.6811284288451787,0.4898122854177569,0.24597367341429197,0.5676817873769169,0.3071888700904776,0.38904912669202973,0.3340380638104226,0.4527645248803686,0.329909646144139,0.2725501435048396,0.5917028858019253,0.5604661161103657,0.18907259048054345,0.4419735352077516,0.6180457862901586,0.6014700897961407,0.5021895517575626,0.524625281404693,0.5705909049459538,0.48704283365100093,0.37195134114391587,0.4720079954979068,0.41182448311181047,0.5522878495618769,0.4738396437959034,0.3029619414306775,0.58735173195939,0.6289832119884716,0.41566695203515486,0.22157576294334627,0.11391429381746138,0.2927072666383358,0.17269220808431357,0.18472607949121592,0.10835380941121876,0.4758909442449491,0.2516686376550923,0.2900797489244035,0.1500327145523164,0.19486385584241592,0.1461846784078783,0.4384881549585075,0.09255989747205234,0.3250327122964179,0.2392360339286941,0.1087866646006405,0.45710716609768626,0.3482131106861702,0.256279645496528,0.20116431681124447,0.20782543468792605,0.46356070355619755,0.18746354993960618,0.34978950006923787,0.12370452073858962,0.13800335435408428,0.2415698635825109,0.14917649719516607,0.18925280914920922,0.4238938589227363,0.1273781717289443,0.12991148452907425,0.11611029748033079,0.41259054294954445,0.1492050115150723,0.08046250351573057,0.3277630394348002,0.1300470771281985,0.7719058043137655,0.36693526003867055,0.6127045253897347,0.45418010697471933,0.15947274863028052,0.2108228600578876,0.5488583893711068,0.4419412014275087,0.2672000568663573,0.2801246884399547,0.469125933019346,0.232004257042684,0.5021309976669267,0.23191287166280294,0.17946825242554082,0.1123291671164375,0.20515469191480482,0.5836652750508595,0.2599530663315838,0.41885937444401944,0.25448312618261215,0.25268066642164494,0.32577840316418644,0.10330433104295125,0.5845288680432968,0.33214832129483435,0.10844334857370864,0.48498313082644906,0.3536335710641802,0.16146863703170264,0.33933928018195164,0.20360980452617983,0.518374608675751,0.37541357692021876,0.10524664524868603,0.24089551978938079,0.17444271137913728,0.11155124201265985,0.3457271944414296,0.13628699063626612,0.5290288319348093,0.779109967325728,0.7721465674756983,0.475492458816022,1.0,0.6687541365674411,0.7203546636523702,0.695224193147635,0.48751223979808267,0.6964147965786076,0.6339477972348914,0.9036371821633031,0.8542869244357683,0.938336654764108,0.8096813577438767,0.7024026800880356,0.8751859598881518,0.896199363836889,0.7957527923133549,0.6970005473461403
classical_64P_seed_5,0.6007049972096856,0.4878330335610808,0.3098000274177647,0.37161474497191,0.6165791148900527,0.13431886995692158,0.2482788825955052,0.43004160218184817,0.43370554477853673,0.44515444134055615,0.19883431346638797,0.4255706840132081,0.3421334263365433,0.20670355377853028,0.4768962294838412,0.48602385892174416,0.23402861203939934,0.16677306021947672,0.3254006878482249,0.508675371314717,0.7495777529348807,0.5370140754004017,0.3053078041172463,0.6151092493053111,0.2985382198045985,0.44687415714579576,0.35807827730422254,0.4555422070858359,0.4428195462997447,0.32161613680918705,0.6302229681719131,0.6217234104443242,0.2202533698586781,0.47041000490650603,0.6584541846338632,0.6353205821747262,0.5269746605378919,0.5563109837123466,0.6050263926778826,0.5863158004275915,0.3878157088458369,0.5133817579843778,0.43717287861004606,0.5818355963185636,0.5926085797047869,0.3615377933897525,0.6040316914516028,0.662478890030186,0.37894746030808296,0.20336502222133723,0.18273788750856546,0.3426723904257673,0.21283883993558406,0.1361606351620756,0.10154387929451608,0.4919225835225792,0.28496987709230914,0.34311985086020536,0.13404765392205276,0.10549100766380799,0.17802341843362407,0.4662841781137916,0.11306652422304132,0.24327932964938,0.14620046807734163,0.13796859435038647,0.4588813634808213,0.26974569348659605,0.22568141112287482,0.1554282782065457,0.22071374809151456,0.4555316313555311,0.1878462478039018,0.46550594055275607,0.10785319583398047,0.22421990328436367,0.18538647571079295,0.12910981516616615,0.22634062013137932,0.38654659968888627,0.13288214586081415,0.08928438533635989,0.14025440745940304,0.3974837159127688,0.18883204230387776,0.09637624474075368,0.25849118200570026,0.10003684550093328,0.7840627920667129,0.4023180891096558,0.715504347060308,0.6202525669710033,0.32318843142559167,0.4198054387050367,0.6172533678865872,0.5213753228381459,0.3367099301355003,0.26276869923009943,0.561946218973046,0.3128704719510085,0.48610394660175704,0.2740704059280603,0.15129820129537797,0.24411405972858052,0.37569041002329856,0.6523434505113961,0.34701417196075107,0.49720841918694103,0.29961449420837016,0.34944753803931194,0.33414214861034314,0.17243858302815848,0.6081704346001835,0.4168218892619072,0.15862178017103015,0.6680373569961565,0.3709981846471596,0.11209042361232496,0.3603774440674162,0.20919159262884252,0.6201504700386123,0.3248204241145224,0.1590661377106842,0.23819311775275556,0.3384422557873624,0.18539538118758475,0.3898941561189794,0.1506346926832854,0.7037081816431234,0.7748062301144845,0.8477508072703803,0.7575332842312782,0.668754136567441,1.0000000000000004,0.836675736815538,0.7786159971159282,0.6600215139775257,0.6919715009783566,0.8390053797444647,0.8126707961976739,0.8537923238001675,0.7880985616652808,0.6796203493270075,0.8925507535406447,0.821145637941069,0.8065373757236397,0.8976731067300244,0.9249773026971227
classical_64P_seed_6,0.5106632580146759,0.33881383115987457,0.3087393196026094,0.45226498658675074,0.6150698500762268,0.10024109893251426,0.15870316444123703,0.25567579058256185,0.3623115299564837,0.36057559598579325,0.2114168070238513,0.41890535758005015,0.32987618408075553,0.14886808785833167,0.4606030053574938,0.48094515590502,0.25038938605624356,0.19730300559218134,0.2524718015377028,0.4488587139794804,0.6909931166358447,0.5259179739490567,0.26756386951523015,0.6148138551308897,0.3214923903107949,0.42554324579994385,0.3523735820349318,0.4623913978697891,0.42068926079305313,0.29546644422760704,0.6523408008640285,0.6166244389087279,0.22443325673515405,0.46358346321824845,0.679501308276536,0.612505068515076,0.5345947120583728,0.5705435489988068,0.5881160079826866,0.5734329040580167,0.36639114353155994,0.5035638741618871,0.43322249912027605,0.5695806019117675,0.5022168651977665,0.3278141480582757,0.6058879825017712,0.6726061705635327,0.3445510507178563,0.24094593141863938,0.1153123313154811,0.3614351124181446,0.11517224656574238,0.14026010233887506,0.07192249219077397,0.4033624053703308,0.18433511585626092,0.2827223310720326,0.13553338711184,0.11592253835704378,0.14438331814889155,0.34225953364648654,0.038316053969665656,0.25463817213828316,0.1232949482906407,0.11875311946400524,0.3530445754786712,0.2923512773338518,0.1979611551567206,0.1231775673063826,0.15472585056838412,0.4638904100300914,0.11618022578513476,0.3890305757561214,0.1447840758344721,0.17667111489825846,0.15378795456219174,0.1057518546010652,0.22028363908395557,0.42834914740153684,0.1417793952605013,0.08044696560437956,0.11022083976188007,0.32691217489107544,0.12593510115561696,0.08068298842226194,0.21616420905815428,0.07261930779582347,0.8013888149846211,0.41755217521646093,0.6122736905692634,0.6129858930728861,0.25522002656091447,0.2580908556415097,0.619304962675785,0.4104572999598297,0.24343136179765248,0.20706762994376068,0.41746074321952364,0.1782725345115036,0.4457046558821202,0.2552217782979869,0.1418231279345594,0.13028692350300386,0.2111395478210757,0.6831241037227836,0.23521622518348775,0.4336518846247504,0.32731710750927084,0.2659078073115588,0.3480941858704675,0.11987850392905212,0.6278550462060989,0.3909725323749982,0.177349899222732,0.6006736533560013,0.3156792280028512,0.11246172438571513,0.35042202743538553,0.16035492428584242,0.6139089460735054,0.3696552826182044,0.0950832001419527,0.2213601113561191,0.2963658393049695,0.15792682806252956,0.3980921297064156,0.1563937287147683,0.6960884612391379,0.7437622503647663,0.9592029062128952,0.7143399341191383,0.7203546636523702,0.836675736815538,1.0,0.8448132234422654,0.5969203234158167,0.8408358511663353,0.73492775610423,0.905671051458028,0.9218380202559466,0.8717229546540866,0.7094888434435833,0.8942481515011943,0.8605163704213308,0.8227422500173764,0.9384174200960311,0.914486471511962
classical_64P_seed_7,0.5656954725613155,0.4123340895080357,0.29623615122383934,0.42924646166488617,0.5223437508016007,0.18158145285246557,0.2872142553798827,0.3866338951409037,0.39128573409855844,0.34104211407227714,0.24927917479137232,0.32514895991896164,0.3084791196876109,0.20739749849911823,0.43064269617459244,0.4593126232480633,0.26234633192639145,0.21079093750896666,0.3064468516379264,0.3792007355573722,0.5841678027365228,0.41884222943037386,0.25322586349235016,0.47635054341178046,0.2931862385216221,0.41977733848807464,0.2753046432935682,0.3825340225921401,0.3234819242150554,0.2584032557642086,0.5297315382266596,0.49752484630967103,0.19305450406053584,0.36263036578273916,0.5443623454618409,0.5640990297531338,0.41790304395602834,0.42984159750894446,0.5183126558193792,0.4387767782289781,0.32010196864431983,0.39917193386852573,0.3763695030719376,0.45035741038212057,0.47489140512924505,0.2730370547419748,0.5027419156812246,0.535355883224956,0.34600587775896774,0.29221984091345793,0.19404852092836727,0.2761520817730238,0.26548298701918105,0.22714895184189648,0.1635197048918274,0.3601893247244476,0.40996701856884205,0.29327139277266884,0.16160753008654982,0.2077324880751156,0.21189065330423343,0.36764691002369243,0.10626541608463233,0.27803773532301773,0.20267694557498347,0.1696323104292805,0.46213822720694236,0.3314725963619414,0.23427922372734591,0.16181084844239416,0.29373587384742544,0.3852850659664401,0.22030272802030493,0.4060437540627102,0.15986847791392658,0.17268244518487577,0.18751483985376421,0.16481191141130178,0.26257600138770254,0.42001191236542024,0.16106104974258192,0.12615032011352065,0.11552264763225996,0.34605737460347524,0.1176300430115193,0.11335240431291141,0.25227613345443295,0.08304071691749242,0.658013620838456,0.440691445472932,0.5763773526338595,0.4982331930618963,0.3063799660776959,0.313403799461474,0.6222055357438988,0.46633682259727754,0.39219416939884144,0.2440020578927698,0.40584162449489203,0.2888084350193975,0.4361502587504788,0.30798601161669087,0.1589835764619647,0.16625896742085855,0.31255854416332884,0.6164017855819109,0.29584663312071124,0.447814372614631,0.4042491802600908,0.3118037412543953,0.3089599663277522,0.15727576329772466,0.5649521351863445,0.3437377512404021,0.22628305532474188,0.5160554077267032,0.3613889489681708,0.15865992089986256,0.3160898320602131,0.28199696383216866,0.5313001978243184,0.354551112539174,0.13725570509183607,0.21082195131311893,0.28075721355788286,0.13888291473609032,0.38141983271822655,0.19351712449693925,0.4667906740667242,0.5863855596449492,0.8907764646749412,0.4407798020414897,0.695224193147635,0.7786159971159282,0.8448132234422655,0.9999999999999999,0.7586042321094014,0.939524575167798,0.6042247587680962,0.7914635744897583,0.7637064797348408,0.8128994658887959,0.6259056316794132,0.6995140492509481,0.7181022759582122,0.7195537650681515,0.8102767175873149,0.7513221010972528
classical_64P_seed_8,0.6119546322669359,0.5140734250476177,0.26583241777948513,0.3349110550831459,0.4449428355063604,0.25296875806322866,0.37112848697879397,0.5140478212256233,0.4710994159141688,0.3994439578302136,0.21144153045982214,0.26941391046879004,0.28218873382653537,0.242961125835478,0.39729127850701146,0.44335777214170663,0.22101723397249431,0.19257578781437165,0.330082521061241,0.387728984638224,0.5474151022319989,0.3427768703744398,0.2853356134512999,0.3920352835441424,0.23248832243218126,0.3971979301999564,0.2544101306044597,0.30087355289550943,0.29733250085020757,0.22910737122854,0.4357731155807954,0.438168288532137,0.17501334460390044,0.2856564624834758,0.45469109921765544,0.5046303754808887,0.3278841355632723,0.3414190681439787,0.4491024592123749,0.37798384510190747,0.2734140146732364,0.33103495759463186,0.3494809337950617,0.378189703125619,0.49177694136159933,0.2715795657924291,0.4174327949694672,0.43592926140279464,0.40604832548761954,0.21456219612353392,0.2658976166924124,0.19951949518229395,0.36499875864570597,0.20911942082167004,0.18960660885810224,0.38904929599730137,0.48149007169911817,0.3437509933019603,0.1544444175717928,0.29421421926493996,0.27188311305947044,0.4461414746341451,0.19449928321419319,0.2828222628731419,0.20554967797206536,0.19843790203248216,0.49709158027723244,0.2427183742139837,0.19509857703071318,0.15332598985753967,0.38001529587039123,0.3425199611383275,0.2912803078658136,0.40728433543907555,0.09743589045605755,0.1711566627433025,0.22250924182913454,0.139184321426419,0.3531139794918625,0.2942484762620522,0.15795208363631522,0.13738690799591455,0.14351415236428325,0.3197725880328089,0.12395274469505503,0.11965061219479756,0.2194656089775237,0.1201402965096478,0.5196571040715615,0.41186373685166205,0.5884136582778757,0.5071627069329387,0.4060568591140015,0.44422884911100774,0.539724436978084,0.5333605204669757,0.44164372143900743,0.27820177563604587,0.471187655526823,0.35131325739330016,0.3955600679326435,0.4012831128214961,0.20790280997230914,0.2399154673143764,0.44212312422264227,0.5127889016752061,0.33439925936679715,0.4708479879992425,0.3748160208345405,0.3701939020736809,0.23260892122710342,0.2094958515346398,0.4803652833538507,0.29829621171354787,0.23071810935977155,0.5337037938517443,0.3082440298716413,0.1273116594873572,0.28385192991972263,0.3083093094504066,0.46037470976904266,0.27201011295824323,0.15089440207554625,0.1893765596255958,0.3142216140668815,0.1399687258803541,0.3743177023127611,0.15135576003934073,0.37162815760466744,0.43336695509463086,0.651508737105512,0.36290311682695986,0.48751223979808267,0.6600215139775258,0.5969203234158168,0.7586042321094014,0.9999999999999992,0.6614856179259058,0.6268733899919815,0.5569900059088354,0.536386374724914,0.5783353230296691,0.5049840007678444,0.5777996791175026,0.563023726330497,0.5264255702876424,0.588011074725941,0.6246130959093502
classical_64P_seed_9,0.4587625298699878,0.29212118100144735,0.28219181180569036,0.4338236919042856,0.4629673399328362,0.16148456299394767,0.2141240467443471,0.25530999669495774,0.32021467273038234,0.25283923551714615,0.23993667177651362,0.2868491741075663,0.27968007575452575,0.1536962060234543,0.3686922877334262,0.409899141409631,0.25079699720212995,0.199035733279866,0.23119183978975485,0.3050916598967761,0.4894094192789175,0.36429767442213584,0.20511091415462862,0.42578756270656204,0.2831726506828988,0.3709826258422776,0.24292198455118036,0.3405923325750559,0.2650887337120069,0.21272528171376737,0.48675586092638135,0.4338757014622958,0.1666708625936172,0.32008394879971,0.4957835871965282,0.4953204880744725,0.37104423927754066,0.3853797526411511,0.45494969169580374,0.37565474380554803,0.26335283326148756,0.34014633310769365,0.3328014393115313,0.39494685660288137,0.37657841719657564,0.21936552561413591,0.44474883232685486,0.47299590689584736,0.28526738020581877,0.31490523392994324,0.1299587628791661,0.26404675053479015,0.1961144105138713,0.21301672298195684,0.10344476379032422,0.30334841571372295,0.2818765238780954,0.21197633891651688,0.17097219865582133,0.20057155972926136,0.17254150764561932,0.27668031967981016,0.05126266465596771,0.2690589987017963,0.19438625729399825,0.14569795946015107,0.4294346568612365,0.36134330776150847,0.22073411454668004,0.14548645730926701,0.21341992706953586,0.35552455250913484,0.18187750072346526,0.33837452600719564,0.16870273876715167,0.14215443771859074,0.16573856760841846,0.15485169032025908,0.2229735991080252,0.40942896581133703,0.15795934503803227,0.10167206720364647,0.07049751333478944,0.2716741585657696,0.05977701150921586,0.11706387592332419,0.18089841475830867,0.07803848676228639,0.6007058950774707,0.404473269775015,0.47470776706304035,0.4298927589046067,0.2077567856092207,0.1957623335327913,0.5765574552480045,0.3920415686275613,0.31960099742871395,0.22171473774679212,0.25663955061185734,0.19013919078774974,0.3840807916269266,0.2521217143613563,0.14906764846895215,0.08606217367419283,0.2237297345803894,0.6023261405759038,0.1992327331534333,0.3667045888191715,0.39163697144814963,0.2551234671434028,0.31354229416779195,0.10118681807891289,0.5125779036080208,0.27704055457305976,0.24082868530455512,0.4253247144266653,0.28663940165261875,0.14290464256991722,0.27775415828887234,0.22804423403268628,0.46121077870414723,0.37644506124906435,0.07093451124095987,0.2000211845451963,0.20085577966961604,0.10963915155902496,0.33862444886638043,0.18835924245195107,0.3760667553986524,0.5313866121908616,0.9107827414704623,0.3402793683145764,0.6964147965786076,0.6919715009783566,0.8408358511663353,0.939524575167798,0.6614856179259058,1.0000000000000002,0.47781558831793086,0.7851589265516857,0.7320060050373982,0.8027002811660905,0.5373802948021292,0.630458422679436,0.6698086137762432,0.6617120391422926,0.7397119173937937,0.7002403798657085
classical_4096P_seed_0,0.6220617716210274,0.4938395233117665,0.33377676663252615,0.4369504993697769,0.6511768413840585,0.1494374379189152,0.25474743899163965,0.4296994069717178,0.47093614305627746,0.48358415095349516,0.23519576120801883,0.4527438892878487,0.36322553110147165,0.20865325826372008,0.5215049574370807,0.5254374211876203,0.25622527135205775,0.21172312506673788,0.32626924918999395,0.5624091424135123,0.7750092709221829,0.5711647978610431,0.33627220718211326,0.6416047753087911,0.330789018387167,0.48326007062309395,0.38101845367720855,0.4809667585478427,0.47726495754688525,0.3570330515215961,0.6671023542300656,0.6481818710975789,0.25304971885522565,0.48794827040670585,0.7027830757278635,0.6664835631203267,0.546953258592213,0.5887426949114947,0.6312099117145248,0.6381381679094104,0.4003314167178699,0.5378518444043391,0.45341831117269255,0.6006099282460541,0.6141345695362473,0.3919585815839945,0.6330176603503911,0.7066071252693062,0.39311102539579057,0.18445782492903975,0.17749357551326814,0.3128150219895312,0.20465895534642697,0.10816346363922466,0.13063772473843516,0.4620335019716939,0.28628548289308803,0.36077765372203974,0.14737200657729294,0.11333064766656165,0.16663918810246384,0.46554211764976167,0.136493557104186,0.24862309424540066,0.15071622751972685,0.13439204584873296,0.38771438814283044,0.2674929916658931,0.2423574533946987,0.12995151922125883,0.19944511891237957,0.45828750909939087,0.17408598233648298,0.4679441582035848,0.11922525939103451,0.19354456593886826,0.15086492081726596,0.10956106818934022,0.2792208359739215,0.2945876932864839,0.1314238407479029,0.12349538971107218,0.2136685839931435,0.428367348573232,0.2474465186521312,0.0816298521719268,0.2563910337931992,0.09202932741443451,0.8286103646813314,0.4124211817778039,0.759156008757938,0.7193362957400301,0.3710005185800276,0.43626193914492495,0.6060817630981267,0.5177782257973645,0.302252698363892,0.26426622223817037,0.6758690864646512,0.35560861645865344,0.4536655682248756,0.34844094357948874,0.14161900417720413,0.3064317019081499,0.3529616101347199,0.6119648714136208,0.349047428869598,0.5188399204891112,0.28802904061240786,0.341742874845572,0.3179588738205079,0.22017590074277266,0.5961767017119031,0.46834393338111696,0.15580225243633083,0.7184912276732293,0.3779971309982785,0.14332811953687033,0.4246366100617501,0.18008747201087247,0.6151120687173229,0.2779202433766509,0.19533868691464004,0.23589958067933897,0.3916916154406672,0.19990442670752612,0.44704748363839353,0.14687928675258666,0.6999238037937402,0.8278527078263603,0.72147484386732,0.8293867385794764,0.6339477972348913,0.8390053797444647,0.73492775610423,0.6042247587680961,0.6268733899919815,0.47781558831793086,1.0,0.7316453142611798,0.8064757805876958,0.7245775928592688,0.8660591628702965,0.9144577693600677,0.8517915124260057,0.8522211312691086,0.8489683038607788,0.8905903755802191
classical_4096P_seed_1,0.5221708842567031,0.3658399095532906,0.28305239814702543,0.3963595789351282,0.6428733310612331,0.05628580558615216,0.1537672259265882,0.25750137292754316,0.2899458149359173,0.3263505313270873,0.17677988277676307,0.441703726102299,0.3328956438890674,0.17420892208303335,0.4574027871541736,0.40946077817415044,0.24565998709643963,0.15570589881869115,0.2882225143469496,0.42258343678341764,0.7443860758491927,0.5528324474019557,0.2603868203425389,0.6449762672344757,0.3129343786964773,0.39697941682191273,0.37379904870699227,0.4973385565806671,0.4008677716894733,0.30161580972579605,0.663897645987326,0.6404256621813278,0.21503738397561467,0.49825243076130626,0.6921258649681771,0.6327442930529961,0.5760732646060778,0.6068369524724673,0.6128262557259437,0.571445889355278,0.4019512944255366,0.5361732825022582,0.45673657778291527,0.6177622180498358,0.5059064726643138,0.3369240709320921,0.6507270236479402,0.7056838880607412,0.38527451781377436,0.19987422478150701,0.10028379791642854,0.3581554532505266,0.10400087168730951,0.13752213236834562,0.05763077131873154,0.45384468533073463,0.1502291769049589,0.3194139858558512,0.10909620338554457,0.10415338891659802,0.12729932181173584,0.39935904835606867,0.05663068584707962,0.2712531329859557,0.16555887036258077,0.09864735693409961,0.39230467775030836,0.29336595772655666,0.22473345018964438,0.16095414773729555,0.15355181623337222,0.4977734189324748,0.13393282738398138,0.4010385483683944,0.12009171286503954,0.1682781670883444,0.19882596441543,0.10971341957828042,0.19291363849504276,0.47438392010225827,0.12601702372743187,0.08463177151972892,0.10253724991287493,0.3496094805872607,0.1443805699336327,0.06839998610690369,0.2935668589055584,0.09198790208924094,0.8432047557950539,0.3782262082644832,0.6325776301041826,0.5521746186476476,0.18051647209410998,0.2105742319190839,0.5790127992696832,0.41099630278674815,0.21478694109920332,0.23532488972387394,0.44256599168100197,0.17314420950267648,0.47739434026165756,0.21905946672775298,0.17954639401205008,0.09940041994157224,0.16750598622739882,0.6563591609877201,0.25312128756618046,0.42403160459405154,0.23979802826116853,0.24609240101601731,0.3364204408571827,0.0974436085273538,0.6552292951336469,0.37647250363575635,0.10087949903600792,0.5538540317909486,0.3277030099523706,0.10479775210431533,0.33696742267925,0.1598093111719429,0.6052807760309564,0.375490500843059,0.08094027571317221,0.2297425542677181,0.22343308790609176,0.13514326343456906,0.36489117711705626,0.11034058396296888,0.676720209904086,0.8670158604643001,0.9027065281465163,0.6607541606048791,0.9036371821633029,0.8126707961976739,0.9056710514580281,0.7914635744897583,0.5569900059088354,0.7851589265516855,0.73164531426118,1.0000000000000002,0.972159530119657,0.9824639150777371,0.7958755172539822,0.870877037944669,0.9579724253323285,0.9369056801151032,0.9352242164385026,0.8782431040188747
classical_4096P_seed_2,0.5161458663716929,0.3493400748929861,0.3089248600798727,0.4363605055759514,0.6661613363535346,0.0621105355420615,0.1320107716704334,0.22919926817655256,0.3183119384601466,0.3298453774198474,0.19360492656397615,0.46172002629105185,0.3504463993027648,0.15850299214003022,0.4745390843406065,0.4392969416992736,0.2563981814727581,0.18276189269003798,0.2728949915812348,0.44592622620443323,0.7588530959060752,0.5750000181620809,0.26807680603576894,0.6762426760012947,0.3411206248361308,0.41510822478158677,0.38889941719357374,0.515920475577892,0.42322768747386386,0.3093504922528816,0.699535730852707,0.6678243877690517,0.23018408153037806,0.5139020492420896,0.7352555740986546,0.651171918280583,0.598891603783827,0.6332377554591354,0.633130839532594,0.6094611316486765,0.4088881484629694,0.5604291376338384,0.4633204781448605,0.6366910115749608,0.5111977003304701,0.3490953134993206,0.6695731527081606,0.7448449025180255,0.4076014081726857,0.2219688991151569,0.07694759254542612,0.3637888966459871,0.08160526734494003,0.11934138262828728,0.04940634659207436,0.45471000162374875,0.1312636223975166,0.31163276211238694,0.13837174671120572,0.09967330167371793,0.11743839860155732,0.39271982128509797,0.0379579708686299,0.29440155134993085,0.1547495640445082,0.0994380639889354,0.36456436218945604,0.316494849129333,0.24809448746095453,0.14344227190302652,0.11270145843996837,0.5323588873882068,0.10145899985302034,0.44054956854145927,0.13426406463410567,0.17080510813998792,0.16736380014178734,0.10263872031451442,0.19040313414031873,0.4441716394770382,0.1282551714783927,0.09776560733433562,0.14243878367361823,0.41144465965317073,0.1873279192284366,0.06357115232256881,0.29785792548113454,0.08275044215539694,0.8921651012003169,0.40877939889996356,0.6600205736823241,0.6142719997021302,0.22209419272923223,0.2143016604811012,0.6027243152806347,0.4126015597803928,0.1723368593596395,0.246795575474254,0.5018757997515606,0.18428776828313162,0.47373846368185185,0.23682502696732005,0.15106790618012236,0.13060681605423735,0.15428835935108712,0.6717761880258283,0.24014971962184764,0.4415996673062734,0.24536588698877654,0.22661573430223,0.355401100860608,0.10569172238768586,0.6384991758784854,0.4186240048220407,0.12515384495924642,0.6110811688024359,0.3364788208049044,0.13723740850930916,0.3862119960003168,0.1248204614642543,0.6257498155362075,0.36547616417378903,0.0904731601470392,0.25124204402738354,0.26489044523522326,0.14379379814464743,0.3990242026790419,0.12391920724677524,0.7507020721767725,0.9061611194568199,0.9001147080496373,0.7603187415279536,0.8542869244357683,0.8537923238001675,0.9218380202559469,0.7637064797348408,0.5363863747249141,0.7320060050373982,0.806475780587696,0.9721595301196567,0.9999999999999998,0.944978250885256,0.838199564858289,0.9228084648042406,0.9703361508061479,0.9498517643249343,0.9557425273869695,0.9149075873239362
classical_4096P_seed_3,0.5388619386584149,0.38365600676512474,0.29122029038939684,0.40300630687348243,0.6321445834706239,0.07841264358239629,0.17990393167204793,0.28270488385895354,0.3050072593759637,0.3170220584871815,0.18796515480015272,0.4282130931349388,0.33762299959890807,0.18878025884669897,0.45584429635752444,0.4106730733430425,0.25399054016409917,0.16337943869780724,0.3032013090181601,0.4125489828585394,0.7295950880611374,0.5384040406103444,0.25554826628576915,0.627771818463368,0.31610238170702126,0.40035764013630726,0.3652973621804334,0.490310969256177,0.38365485456821996,0.29301542695543076,0.6476779873201002,0.6209264055296004,0.21021981894355252,0.4840254454401654,0.674586781017963,0.6307105795907761,0.5591634156911062,0.586816576056731,0.6096851973271983,0.5490346858921752,0.39856519101721094,0.5216928013306156,0.4513569435448077,0.6017585682484875,0.5040510418789107,0.32790363129461714,0.637083017797014,0.689957822228653,0.40440495143919264,0.22011623321690874,0.10854732764323306,0.3391868441982244,0.13131420207097447,0.15791075101660917,0.07386325407132453,0.4730069248912594,0.1963434264503152,0.313160767826626,0.1147273477835702,0.11743791261370913,0.14084553401813,0.4147139834848715,0.064311357461659,0.2957937191436736,0.1850321305551144,0.11364515073892491,0.4208869616377653,0.30776997353468083,0.2217311348158466,0.17100260966445255,0.17429695936768308,0.4926794866470283,0.1570294465902029,0.3983091279869559,0.11421937114669145,0.16432937648102977,0.20660819538637357,0.12252835357249026,0.18941327622990978,0.47067096679730785,0.13847194932725146,0.09357040555995981,0.10197450856244447,0.3634410869626694,0.14068232672227654,0.06969914418150801,0.2968546431943378,0.10258428767035761,0.829809336651039,0.3872261307546392,0.6346241577499021,0.5330629126037895,0.17582184746955043,0.2210794976766655,0.5876309516846815,0.42781207583162506,0.24680854001862626,0.2528588383461667,0.4425674893519901,0.1949659479637734,0.5029193014869537,0.2319571620734086,0.17848207153033813,0.10671440392273976,0.19472985560984887,0.6471261515855723,0.26504562542645005,0.4257614033779288,0.2608303680232582,0.2540199652891102,0.3350586064292398,0.09921322711938861,0.6433942356172596,0.3671374148953999,0.1096964205489207,0.538360176262604,0.3414259625938778,0.11906888958705567,0.336825193279629,0.1872652805689291,0.581123491835732,0.3769431975836282,0.0871905993046732,0.23189630747508383,0.21741645699246792,0.12571448972027519,0.3719691768143717,0.11084404329023873,0.6297485476106154,0.8480339576391003,0.8947916237564788,0.5784543834400102,0.9383366547641079,0.7880985616652808,0.8717229546540863,0.8128994658887957,0.578335323029669,0.8027002811660905,0.7245775928592688,0.9824639150777371,0.9449782508852559,1.0000000000000002,0.8173188382444727,0.8283076386003829,0.9453581265188553,0.9483085908080632,0.9135370189729928,0.8389424177468761
classical_4096P_seed_4,0.5355654278372952,0.3630402985665092,0.3024127927294473,0.439775252637777,0.6198591430093631,0.09525169549009568,0.19442428586675117,0.26565765407688663,0.3056855184133728,0.30806041437271103,0.21960600730018434,0.4141622525385304,0.335726483573479,0.17222026204276902,0.47274204859783286,0.4143254725033449,0.2669574746857054,0.19166511468341968,0.28506048024700187,0.3979119671483043,0.6973584047266969,0.5195942169100888,0.26590748475523773,0.6042173693093643,0.3373466152770571,0.40664979888964564,0.3464053301133381,0.47491283968639864,0.3558923856616372,0.29717337894945645,0.6321932770207132,0.599717421908039,0.2124794152241721,0.4591143282559973,0.6766002571526386,0.6288764797887281,0.524585610904879,0.5553530981843945,0.5901170281623483,0.5387656967459266,0.3789890104796118,0.5048148182885582,0.40782921052892096,0.565855583369318,0.4727283044559075,0.3201885508986054,0.6121746082626703,0.6827210951636798,0.40437342441519136,0.2037923170843235,0.0893135512477742,0.2636019183067715,0.13519837045869498,0.1251384173170967,0.12292911942754912,0.3896038702814194,0.23726531830210948,0.29419208789191176,0.1704176282013185,0.14929141218571113,0.116125637675451,0.40824030027167485,0.0861862932034501,0.29134101829264125,0.18275535227908765,0.12384080183751797,0.3308090844368591,0.3157882849275848,0.2782852385298502,0.13027272006542878,0.16119446697849626,0.4543056548843718,0.13836890345594155,0.44291574925287014,0.15767999402175914,0.13434522376157684,0.1384565286278961,0.10489786504492567,0.23408663467749402,0.31422068779337964,0.1219879877402967,0.13918180118423823,0.20583475426974798,0.44330866985040557,0.21687193378973463,0.0633297907336537,0.29584808977439675,0.08820735342566832,0.8147024861726269,0.4017710168375127,0.6259218080138099,0.5793266230340444,0.26001941439146337,0.20388248399577705,0.5479786858937518,0.39191203192266955,0.1945990632642856,0.24723143521269267,0.555566422054309,0.26034132709264696,0.43137617827100166,0.2939400130938894,0.13759909012098742,0.14801797571123218,0.1594515087986451,0.580312493037742,0.2542582246422899,0.43460852770905023,0.24899435710086826,0.20059348565856594,0.3187816718148532,0.175027936631342,0.5598821156311501,0.41265398505532086,0.15138383369722944,0.5828395916399933,0.3514020884358632,0.17133130748034192,0.4027173945580744,0.1547784054149061,0.5527126597558425,0.28854657162070674,0.1369304080407396,0.23021305810775783,0.2886108247892346,0.13650219697828997,0.4045623215169036,0.14961984685200957,0.5582484302987424,0.8798317475795594,0.7182851003532428,0.7096074165860933,0.8096813577438767,0.6796203493270073,0.7094888434435833,0.6259056316794132,0.5049840007678444,0.5373802948021291,0.8660591628702965,0.7958755172539822,0.838199564858289,0.8173188382444727,1.0000000000000002,0.8313260508741851,0.8933373135572218,0.919289302477499,0.8246958974643622,0.7848987492349018
classical_4096P_seed_5,0.5562560999871968,0.3954622448024725,0.308629516327723,0.4220259237250309,0.6696321291656872,0.07561124717134918,0.17549172369416943,0.2969539319041501,0.3587488805288799,0.4105495112660351,0.20206314573948278,0.4709757265532736,0.34710753003314715,0.16563251346583305,0.5008342325835926,0.4823208573425823,0.24557640999672525,0.17868289737856857,0.2784769785987616,0.48709805376643567,0.782879823681507,0.5848480035076375,0.3118161208812005,0.6739266844234169,0.32828321309619035,0.44842556134647754,0.3877575532227364,0.4972475009611811,0.4586324216331543,0.3338219922922632,0.7025624812462398,0.6766034198574085,0.2420921701366079,0.5185870065316616,0.736226210905491,0.6614551987620549,0.5806248650684535,0.6255267811079281,0.6364123703713387,0.6308201542296855,0.40360090031948054,0.5641113882625465,0.45725214938366526,0.6332377514490308,0.5553963207313433,0.3715068461039753,0.6573800521174973,0.7329178303830599,0.36112485490976326,0.18819939857836057,0.11740046499298432,0.3533314574379732,0.10735115782751228,0.09408326879042751,0.06426727056320877,0.4391364248910204,0.16187988680047383,0.32635189108686663,0.12984566636528977,0.07969902494811555,0.12561194125258596,0.3987731026936856,0.07118062284979706,0.23336849050018893,0.10330498485039606,0.10566763906992128,0.3378348316674478,0.26161427148561184,0.22948454707495042,0.10806610745683141,0.1409650152910943,0.4891988055735984,0.12030694103729628,0.4497759828730409,0.11588520113067227,0.18320442944049667,0.1411440337873451,0.08807536939133459,0.23291040683056463,0.3692555781831646,0.1337519085296376,0.09271872558675232,0.16303778877349878,0.3903067801168028,0.20115261565574546,0.05653958656506592,0.23858712719974054,0.0722382730412598,0.859001871427524,0.4071691702655872,0.6843850904034234,0.6660676528983132,0.27999740522516464,0.29065256210189633,0.5870150530493908,0.4391781804514027,0.21161202157363915,0.22689447963496068,0.5519059011511219,0.23413138561094404,0.4449047827815265,0.263835610450805,0.14177618495246092,0.18435400787995676,0.20125849059460868,0.6656499669389058,0.2835421791235234,0.4628527698524344,0.2582631346094192,0.272437369903882,0.3511867464971945,0.1651182260501487,0.636371064295215,0.44788963821490074,0.14761785432986044,0.678242538781671,0.3229099413566861,0.10571493556932021,0.4063734894216714,0.134824708887135,0.6531979145946005,0.32310507959249346,0.12667966635209507,0.2385467842555154,0.3331580580419685,0.18357051448081163,0.4113290607783399,0.14047475871555415,0.7658398657967227,0.8763053834765137,0.8676066292732704,0.8871735394081167,0.7024026800880359,0.8925507535406447,0.8942481515011943,0.6995140492509481,0.5777996791175026,0.630458422679436,0.9144577693600674,0.8708770379446689,0.9228084648042406,0.8283076386003828,0.8313260508741849,1.0,0.9216915064903934,0.8879482896227119,0.9502342963989909,0.9779931372339443
classical_4096P_seed_6,0.5471448516378002,0.3927605457848233,0.2988081798777234,0.41257991239601266,0.6776937728185304,0.05559969328370514,0.15859489537142007,0.2781418252109565,0.3182555492151141,0.35325136437280663,0.18825153039828474,0.47191333941113933,0.35081908624439473,0.18388788216763205,0.4868739133813824,0.4259271012443239,0.25539275606191175,0.17254948393878142,0.3048474579229179,0.46306611047715923,0.7875731673705679,0.5895625434310657,0.28187338790653405,0.6853349401068126,0.334243703058527,0.4191443410504393,0.39828410967505823,0.5257023767503892,0.4283995635926148,0.32422468849107655,0.6950574624460013,0.6743731898263847,0.23497800575566122,0.527600964786681,0.7313666594078992,0.6653737226176117,0.602723624661392,0.640357612134599,0.6454087361829346,0.6157438509720425,0.42392821855000523,0.5690792163624325,0.4737665595363626,0.651356448661628,0.5401218528236301,0.36509154307130004,0.6828545068054899,0.751830287593881,0.42019496109041105,0.18700934697011137,0.09229914572404536,0.3454789047084704,0.10622173645753843,0.11616190257736907,0.05812760470117356,0.4821844801645149,0.15538043406960064,0.3413615424247906,0.11662430319781036,0.07545482931572543,0.12638827141091993,0.43859192244524803,0.0641408024018777,0.2871758978781443,0.14418368369349546,0.10379246861879582,0.3873583717626731,0.2827684121503833,0.2132600178832885,0.14816894139856251,0.13701333017532794,0.5228033098516975,0.12931093785893366,0.4417555535571643,0.11206834863201764,0.17447452518690476,0.17823533500475466,0.09526238407899529,0.20247540643114786,0.4165616653664266,0.12839427070812626,0.089877548279429,0.14324798717634643,0.4038064770051375,0.18104336374713692,0.053815331309489484,0.30857500499577223,0.09803481646694509,0.8895401154492554,0.3890241885455212,0.6782480895264354,0.6243794752025981,0.21827416660899596,0.24580549854366945,0.5886094311050947,0.4259664564491308,0.2028796910544316,0.2483092440476675,0.5252147837926999,0.21189706190538085,0.5003627139743163,0.25260983056032055,0.15994357526280742,0.13815705815883306,0.1870199757547392,0.6477793675400239,0.2789316462037246,0.4482008023084866,0.22102285463379018,0.2499113327550878,0.33318082194467885,0.13000103409177596,0.6497332280604889,0.418227011491351,0.10159882089933898,0.6184064574383351,0.35218993243333546,0.1229701302317923,0.37939937049297673,0.14895956267663937,0.6229323941138796,0.33186255592071057,0.10118320557952756,0.24086509061247846,0.27107581699941957,0.1514625445932583,0.3968655211471484,0.10708117814563077,0.7070522278380281,0.943014226147365,0.8449749324808615,0.7654588196324423,0.8751859598881518,0.8211456379410691,0.8605163704213308,0.7181022759582124,0.563023726330497,0.6698086137762431,0.8517915124260057,0.9579724253323287,0.9703361508061479,0.9453581265188553,0.8933373135572218,0.9216915064903934,1.0000000000000004,0.9770406523854908,0.9331257808547436,0.9055582728921048
classical_4096P_seed_7,0.5532626080714286,0.39313522150087077,0.30581681998669397,0.43296169531452583,0.6667677011756595,0.07890425420776355,0.17495915021285482,0.27861019714440777,0.32809244489354483,0.3358937795213286,0.20341029460933077,0.45586418488405916,0.35465282992081804,0.1876833823546934,0.491044307056208,0.4237501605469136,0.2710374024866493,0.1818139061232601,0.3099242523502244,0.4590773211407036,0.768072615309604,0.5763384169033416,0.274774807739129,0.6643833124708705,0.34108947927276173,0.4174704690761169,0.39359946618604785,0.5239748876806314,0.4113364963538234,0.32934583059515493,0.6822197725791049,0.6588549418846543,0.23379613814866015,0.5137122555822066,0.7198658440418647,0.6639155534665789,0.5986194142070982,0.6314579946741707,0.6396073967366319,0.5992129822010996,0.4140298043690616,0.5598295615509268,0.46505185936103305,0.6303788043235026,0.527726108339862,0.3579245774782036,0.6736815208185353,0.7481748755255094,0.41057744299937105,0.20234861925353054,0.09557529494839632,0.3322624051672985,0.11991789887398403,0.11891670043122626,0.08281620595899722,0.47363139515472374,0.18683988331341828,0.3270314628200936,0.1255202517298077,0.08982598122632789,0.11899359292045703,0.4242976736759363,0.06713287913422697,0.2866622078737672,0.1791553270567318,0.11438936487898715,0.3733427080315925,0.31505879276777815,0.24349841022218632,0.1459006958489828,0.13508398236968258,0.5018186305416787,0.1303363665271166,0.4427707013458396,0.12209380146227514,0.16662691754739192,0.17221733962255634,0.10177134327078209,0.18616112831774684,0.409946425225243,0.1354325267665872,0.10226087466379138,0.14942397522633194,0.4064548342160941,0.1960511520450076,0.057978059679191486,0.30652128658315475,0.09345356376495792,0.8932519146380596,0.39205394829537626,0.6757327539876861,0.608396703510225,0.21445400990026212,0.23894029967056848,0.6022200982209226,0.42520819128965653,0.20572027254877961,0.27091014813693265,0.5400889260912317,0.23384457596764732,0.48467216862413953,0.25483438758659405,0.16018152751129752,0.15348190815324844,0.19159051707252678,0.6362582889323746,0.2755648774053101,0.44161072304850385,0.23306609737746461,0.23076178174639442,0.3394465810877168,0.13175002354160315,0.6302688547659387,0.4195433318061909,0.10122897850905338,0.5990239633011301,0.36761372123647473,0.1401304047064228,0.3818558368274607,0.15175995402840217,0.6015203865714761,0.3323524591208341,0.10981670787353948,0.23927650117324398,0.2591153940820209,0.14153098929678437,0.4061597492730006,0.11394341322265193,0.6698238789825613,0.9414596583474123,0.8299365095349103,0.7184749632929908,0.8961993638368893,0.8065373757236396,0.8227422500173763,0.7195537650681516,0.5264255702876424,0.6617120391422925,0.8522211312691086,0.9369056801151032,0.9498517643249342,0.9483085908080633,0.9192893024774988,0.8879482896227119,0.9770406523854909,1.0,0.9209334750819481,0.8694051713043195
classical_4096P_seed_8,0.5692802317861277,0.408507190163116,0.2960860488872707,0.42829033346560474,0.6703454207584624,0.07630237853867355,0.1872392842290826,0.3133043964358678,0.3475567978907132,0.3904466617106682,0.20190076449182381,0.45592748092112273,0.34688546276569493,0.1864293660162428,0.5044535636152737,0.4602340515216406,0.26118603634446563,0.1786634831913244,0.31067579732292794,0.48456843949867295,0.7761276653034447,0.5795530395166479,0.28963501707107236,0.6641091041638579,0.3281524232482423,0.4319104278897772,0.3840552904201533,0.5150889084076091,0.44278522398594505,0.3390003401086426,0.6876266360574397,0.6698268865782936,0.23730301275096496,0.5131756339061446,0.7209062198203019,0.6708856132416495,0.5917057018016171,0.6255147461486592,0.6398356029993235,0.6156524661003281,0.418453887021591,0.5634207337886457,0.46587233328834987,0.6273136437589415,0.5555915918780012,0.36725861859296594,0.6715505958424429,0.7398807427230165,0.38129422715991884,0.19783806149423852,0.12299442852515309,0.37293521505869853,0.13909651578493862,0.12432470138469928,0.09245506940008509,0.4583055930596486,0.2217439705594178,0.32939016493010137,0.1254162975039227,0.09519278662188531,0.1482073382150487,0.40754362973224506,0.07384192439829688,0.2528636939131338,0.14548953978235982,0.1255177264526469,0.37504623726628566,0.2951860136512057,0.22547421324614086,0.142011301739464,0.18177739506112614,0.494851061666607,0.1381489469402347,0.42868514194178675,0.1371973255793004,0.19063786028072494,0.1794338951542873,0.11419595328755336,0.2122235817629621,0.4397909939025981,0.13412884358616634,0.09420769257247334,0.14212912336229866,0.3830629638054548,0.17743081382619516,0.061567312710406656,0.2793188372982737,0.08435932195488278,0.8696496362800918,0.40753264694950025,0.6733517750557125,0.6243701856175207,0.2671388228441786,0.27820833277302226,0.6523931677839202,0.4394421739469727,0.2524512334135294,0.22904036524141433,0.5187735025232348,0.242424947031201,0.48525888644682724,0.24331431880087945,0.1628625918526443,0.1559250265913826,0.22949640776349603,0.6794163337434991,0.29133704562476836,0.46641532556319953,0.27228464515086853,0.27575396293881277,0.35191290131907615,0.1524030172379862,0.6668484834561788,0.43216260561201036,0.1260092534294316,0.6269021291902128,0.38072396624010574,0.11247364376234757,0.36798097581825084,0.18217388999978737,0.6492872192815906,0.35241406862535835,0.13109902280778765,0.2339886714165735,0.32257202252744477,0.16485991028008984,0.40525247791052005,0.1319288185595498,0.7607059608216363,0.849378454888721,0.9111691184137698,0.7816299164729553,0.795752792313355,0.8976731067300243,0.9384174200960311,0.8102767175873148,0.588011074725941,0.7397119173937938,0.8489683038607788,0.9352242164385026,0.9557425273869695,0.9135370189729929,0.8246958974643622,0.9502342963989909,0.9331257808547438,0.9209334750819481,1.0000000000000004,0.9464124423487661
classical_4096P_seed_9,0.5701201145449959,0.42055869238864985,0.31208887107788036,0.418537298442048,0.6557540584020117,0.09066432686752054,0.19514494478299005,0.34159828993885966,0.39066917195793804,0.4377183784766627,0.20474429074248723,0.460469131189644,0.3442518755528255,0.1753378675726219,0.4943716070744436,0.5018150559889852,0.2420006214636512,0.1806374576805629,0.2879979630417454,0.5073837275118823,0.7733638287660825,0.5725653204851203,0.3139369059195262,0.6594853836802711,0.31961097584518167,0.45448725010859375,0.37964939521229957,0.4805661740256528,0.4673865238147752,0.33134780030599226,0.6816839163038846,0.6601877319781527,0.2368925239461206,0.5048317969587249,0.7139243347744515,0.6544452639416682,0.5602093651908108,0.6047027668805848,0.6254492332566158,0.6271551254262632,0.4002469158000225,0.54680460130505,0.4552868456423655,0.6183938585069764,0.5732644863942148,0.3738066116904686,0.639133895346217,0.709593029832886,0.3672902496183806,0.20002515212571273,0.14386232445159838,0.35592358099153926,0.14319207601452413,0.11657769647961697,0.07529477114967924,0.46622651170460955,0.19464010932435932,0.3346991857541078,0.12699373501688827,0.0935596701912264,0.15914956771968264,0.42405778924644194,0.08001316333218929,0.23850751429560485,0.10349294590813814,0.12393770696050282,0.39010986588738494,0.2576596795807971,0.21502658852552586,0.1266753117059885,0.1805945949264144,0.4764482432042851,0.14883500275741265,0.4686078283349687,0.11847881978798318,0.2008367445289898,0.16668845783171435,0.10053987622122927,0.2473844169370341,0.38652651834002816,0.13463744525874366,0.08223121488820823,0.14639991347119288,0.36820597323152904,0.17053328283131708,0.08226334374385895,0.23495966926602407,0.09262600478951295,0.8253171838852817,0.40270626889649214,0.6888567040792917,0.6671590809446627,0.2845859740469994,0.3438012342699185,0.608481899466385,0.4643962327403467,0.26920080044503936,0.22071700180091797,0.5214668797442483,0.23941973141056455,0.476399421990185,0.2695857976959575,0.14472975805475738,0.19201897749684163,0.2707852715606977,0.6767106827724046,0.30027895214192823,0.4764458216793355,0.2854897579472825,0.31826001535721427,0.3488486271947975,0.16322432262455708,0.6443715078548342,0.4316144223247963,0.16074697862996062,0.6761610281261804,0.33194997240327917,0.09631564218931296,0.38181009773244223,0.15805489983122817,0.6547574705483856,0.3408719019560057,0.13861131311860317,0.23406551545771465,0.3359408103682417,0.19124047702489813,0.40549735604360837,0.156989868150739,0.7055564995551667,0.8633681793082122,0.9006125173634569,0.8474577560181397,0.6970005473461406,0.9249773026971227,0.9144864715119618,0.7513221010972528,0.6246130959093502,0.7002403798657085,0.890590375580219,0.8782431040188748,0.9149075873239363,0.8389424177468761,0.7848987492349019,0.9779931372339442,0.905558272892105,0.8694051713043197,0.9464124423487661,1.0000000000000009
